transaction_id,merchant_id,payment_method,amount_inr,hour_of_day,merchant_txn_count_7d,merchant_avg_amount_7d,device_risk_score,is_new_merchant,is_fraud
txn_000000,merch_0022,upi,870.69,4,199,1106.8,0.0873,0,0
txn_000001,merch_0169,upi,430.87,18,28,493.94,0.0802,0,0
txn_000002,merch_0137,wallet,894.0,13,24,651.21,0.0643,0,0
txn_000003,merch_0159,card,2029.49,14,29,2714.02,0.444,1,0
txn_000004,merch_0106,upi,13540.53,9,30,10190.61,0.2857,1,0
txn_000005,merch_0180,card,2822.93,21,24,2539.73,0.0396,0,0
txn_000006,merch_0157,upi,1300.67,10,29,1735.69,0.0928,0,0
txn_000007,merch_0038,wallet,369.73,12,23,227.29,0.091,0,0
txn_000008,merch_0158,card,188.69,16,25,225.8,0.2645,0,0
txn_000009,merch_0081,upi,2457.34,11,27,1571.6,0.1144,0,0
txn_000010,merch_0099,card,535.43,17,43,909.42,0.3995,1,0
txn_000011,merch_0001,upi,787.76,21,39,916.25,0.2442,0,0
txn_000012,merch_0076,wallet,1137.79,23,35,1275.63,0.0663,0,0
txn_000013,merch_0011,upi,750.49,16,9,684.91,0.1236,0,0
txn_000014,merch_0038,card,10.0,16,26,224.81,0.4239,0,0
txn_000015,merch_0193,upi,302.73,8,18,252.28,0.3207,0,0
txn_000016,merch_0012,card,1388.0,12,30,1583.24,0.1622,1,0
txn_000017,merch_0045,netbanking,528.02,21,19,409.65,0.4613,0,0
txn_000018,merch_0154,card,1933.14,11,20,1358.46,0.1186,0,0
txn_000019,merch_0112,card,1323.96,2,26,1221.95,0.0398,0,0
txn_000020,merch_0016,wallet,12.83,8,20,371.61,0.1973,0,0
txn_000021,merch_0103,upi,229.78,2,28,436.93,0.051,0,0
txn_000022,merch_0097,upi,1710.04,12,39,1592.37,0.2847,0,0
txn_000023,merch_0187,upi,1104.7,18,22,1052.66,0.1717,0,0
txn_000024,merch_0191,wallet,1731.12,15,27,3161.79,0.3,0,0
txn_000025,merch_0087,upi,1995.84,20,26,1479.42,0.2613,0,0
txn_000026,merch_0108,netbanking,1338.11,15,13,1646.26,0.1317,0,0
txn_000027,merch_0162,card,6583.41,20,23,4505.16,0.3233,0,0
txn_000028,merch_0069,upi,841.36,14,22,578.22,0.1915,0,0
txn_000029,merch_0157,upi,2239.96,7,29,1686.09,0.0265,0,0
txn_000030,merch_0198,upi,1542.84,21,28,1104.88,0.1124,1,0
txn_000031,merch_0073,upi,5702.9,10,145,6307.67,0.0335,1,1
txn_000032,merch_0062,upi,440.48,17,30,322.06,0.3128,0,0
txn_000033,merch_0155,upi,513.46,15,21,509.72,0.1224,0,0
txn_000034,merch_0059,netbanking,3212.45,6,35,3825.29,0.0452,0,0
txn_000035,merch_0078,wallet,747.37,0,13,1289.89,0.0329,0,0
txn_000036,merch_0036,upi,1015.58,16,26,1242.71,0.2512,0,0
txn_000037,merch_0021,upi,343.38,20,32,812.77,0.3589,0,0
txn_000038,merch_0195,upi,2438.51,14,26,1848.12,0.0958,0,0
txn_000039,merch_0147,card,369.6,14,24,215.47,0.0134,0,0
txn_000040,merch_0095,netbanking,259.7,16,30,201.76,0.3294,1,0
txn_000041,merch_0067,upi,8686.47,9,24,3421.01,0.1848,0,0
txn_000042,merch_0191,upi,2287.03,23,28,3104.65,0.1843,0,0
txn_000043,merch_0016,netbanking,418.1,8,13,311.06,0.2714,0,0
txn_000044,merch_0011,card,196.65,18,12,706.41,0.3152,0,0
txn_000045,merch_0149,upi,1459.22,16,36,1539.09,0.9885,0,0
txn_000046,merch_0144,card,173.53,10,18,1402.09,0.0009,0,0
txn_000047,merch_0137,upi,895.79,13,17,646.08,0.2845,0,0
txn_000048,merch_0117,upi,221.45,18,28,241.08,0.1183,0,0
txn_000049,merch_0192,netbanking,10.0,13,37,1445.48,0.0462,1,0
txn_000050,merch_0021,netbanking,531.99,13,176,886.84,0.0761,0,0
txn_000051,merch_0119,upi,5539.43,13,20,3072.07,0.0283,0,0
txn_000052,merch_0049,wallet,156.45,18,220,136.04,0.1028,1,1
txn_000053,merch_0013,upi,141.34,12,14,116.38,0.2343,0,0
txn_000054,merch_0191,netbanking,3276.66,14,21,3174.77,0.0745,0,0
txn_000055,merch_0174,card,1388.34,19,13,1713.03,0.1087,1,0
txn_000056,merch_0028,wallet,536.49,20,26,501.77,0.184,0,0
txn_000057,merch_0163,wallet,464.17,17,24,422.28,0.9444,0,0
txn_000058,merch_0179,upi,13658.06,12,28,32644.06,0.1378,0,0
txn_000059,merch_0124,wallet,3205.0,22,19,1889.79,0.1028,0,0
txn_000060,merch_0006,netbanking,11516.74,10,27,6794.54,0.1736,0,0
txn_000061,merch_0028,netbanking,494.17,2,26,574.79,0.273,0,0
txn_000062,merch_0138,upi,2098.07,1,28,2884.64,0.1308,1,0
txn_000063,merch_0032,netbanking,773.5,10,26,971.67,0.3471,0,0
txn_000064,merch_0133,netbanking,3481.36,21,20,1977.48,0.1951,0,0
txn_000065,merch_0110,upi,90.38,13,14,110.17,0.0351,0,0
txn_000066,merch_0078,wallet,1479.92,19,15,1207.43,0.0266,0,0
txn_000067,merch_0159,upi,2256.27,12,26,2296.69,0.0607,1,0
txn_000068,merch_0178,upi,711.86,22,20,691.09,0.1607,1,0
txn_000069,merch_0057,card,484.49,10,26,780.32,0.0669,0,0
txn_000070,merch_0025,card,707.41,7,31,1259.25,0.0309,0,0
txn_000071,merch_0173,card,2098.69,18,25,1693.7,0.055,0,0
txn_000072,merch_0028,upi,335.35,17,19,453.76,0.0652,0,0
txn_000073,merch_0003,wallet,8134.88,17,29,5966.3,0.3548,0,0
txn_000074,merch_0098,upi,1147.76,0,26,993.39,0.3697,0,0
txn_000075,merch_0140,upi,1784.93,14,10,1418.51,0.1785,0,0
txn_000076,merch_0038,upi,143.28,17,25,243.36,0.2088,0,0
txn_000077,merch_0014,card,184.64,18,20,127.84,0.374,0,0
txn_000078,merch_0118,wallet,4098.62,9,18,4721.39,0.0904,1,0
txn_000079,merch_0028,card,1050.27,10,22,491.02,0.2457,0,0
txn_000080,merch_0156,netbanking,4851.17,22,20,11058.81,0.4646,0,0
txn_000081,merch_0074,upi,84.4,18,27,52.6,0.0451,0,0
txn_000082,merch_0115,card,1489.52,9,17,1724.26,0.0914,1,0
txn_000083,merch_0031,card,11271.58,8,30,10848.77,0.0128,0,0
txn_000084,merch_0129,card,465.52,14,24,516.35,0.166,0,0
txn_000085,merch_0174,upi,317.54,12,21,1450.6,0.2161,1,0
txn_000086,merch_0083,card,437.04,12,18,535.19,0.1728,0,0
txn_000087,merch_0021,card,673.88,17,28,829.99,0.1828,0,0
txn_000088,merch_0026,netbanking,301.08,14,26,263.51,0.1346,0,0
txn_000089,merch_0194,card,2084.86,20,17,1397.65,0.181,0,0
txn_000090,merch_0080,upi,916.73,9,5,859.13,0.4125,1,0
txn_000091,merch_0125,card,16584.39,11,23,14877.2,0.0443,1,0
txn_000092,merch_0183,upi,2309.86,11,45,2113.57,0.0302,0,0
txn_000093,merch_0091,netbanking,683.93,14,15,2996.1,0.2649,0,0
txn_000094,merch_0020,card,2129.77,9,19,7064.9,0.1735,0,0
txn_000095,merch_0046,upi,151.43,17,20,536.87,0.0717,0,0
txn_000096,merch_0100,wallet,158.55,14,6,197.76,0.0524,0,0
txn_000097,merch_0186,card,10.0,18,18,2156.42,0.088,1,0
txn_000098,merch_0083,upi,390.69,0,16,574.31,0.0583,0,0
txn_000099,merch_0005,card,367.25,15,26,891.53,0.1744,0,0
txn_000100,merch_0146,upi,299.33,16,10,241.32,0.0088,0,0
txn_000101,merch_0184,netbanking,978.22,6,30,926.99,0.0664,0,0
txn_000102,merch_0196,netbanking,340.02,0,28,436.56,0.1346,0,0
txn_000103,merch_0130,wallet,10.0,12,18,190.96,0.0159,0,0
txn_000104,merch_0000,card,1837.01,14,38,1725.07,0.0374,1,0
txn_000105,merch_0057,card,873.65,0,25,676.84,0.1145,0,0
txn_000106,merch_0123,netbanking,297.13,18,30,206.49,0.1489,1,0
txn_000107,merch_0165,upi,3267.74,15,21,2048.85,0.0753,1,0
txn_000108,merch_0014,card,186.28,16,29,134.5,0.25,0,0
txn_000109,merch_0161,card,3092.65,16,21,2631.4,0.1853,0,0
txn_000110,merch_0188,upi,334.1,1,19,452.34,0.2759,0,0
txn_000111,merch_0162,upi,2576.32,9,24,4680.06,0.1376,0,0
txn_000112,merch_0063,netbanking,470.24,19,22,282.18,0.0086,0,0
txn_000113,merch_0024,netbanking,619.92,21,19,503.99,0.0712,1,0
txn_000114,merch_0023,upi,238.75,15,24,184.27,0.0384,0,0
txn_000115,merch_0011,upi,412.05,16,50,627.79,0.2897,0,0
txn_000116,merch_0017,upi,973.09,12,23,1712.36,0.2912,0,0
txn_000117,merch_0014,netbanking,121.25,22,40,132.05,0.0626,0,0
txn_000118,merch_0026,upi,233.28,9,31,251.11,0.1754,0,0
txn_000119,merch_0071,card,7581.79,15,15,6813.15,0.0714,0,0
txn_000120,merch_0059,upi,2726.91,16,18,3455.36,0.2012,0,0
txn_000121,merch_0173,card,1666.5,10,27,1836.18,0.1999,0,0
txn_000122,merch_0144,upi,2553.76,10,36,1692.89,0.8242,0,0
txn_000123,merch_0092,netbanking,12.66,9,15,425.34,0.0919,0,0
txn_000124,merch_0052,upi,10.0,9,14,454.52,0.0251,1,0
txn_000125,merch_0007,card,4089.68,12,21,2990.65,0.1798,0,0
txn_000126,merch_0078,upi,651.58,2,17,1130.65,0.0103,0,0
txn_000127,merch_0026,card,222.51,13,26,256.1,0.216,0,0
txn_000128,merch_0173,netbanking,2019.24,4,20,1738.92,0.2838,0,0
txn_000129,merch_0049,upi,128.71,14,33,132.63,0.0146,1,0
txn_000130,merch_0198,netbanking,1127.57,12,28,1247.8,0.0479,1,0
txn_000131,merch_0130,card,177.78,13,12,148.71,0.0604,0,0
txn_000132,merch_0092,upi,1164.22,15,31,472.86,0.0626,0,0
txn_000133,merch_0191,upi,6071.96,16,25,3223.53,0.0424,0,1
txn_000134,merch_0171,upi,283.74,15,22,408.84,0.1534,0,0
txn_000135,merch_0180,card,3660.01,12,19,2064.01,0.0267,0,0
txn_000136,merch_0023,netbanking,230.75,4,176,176.61,0.167,0,0
txn_000137,merch_0059,upi,3514.25,17,23,3629.0,0.0906,0,0
txn_000138,merch_0121,card,258.98,4,28,328.92,0.1563,0,0
txn_000139,merch_0130,netbanking,215.45,11,16,160.54,0.0648,0,0
txn_000140,merch_0147,wallet,188.56,18,35,220.89,0.178,0,0
txn_000141,merch_0045,card,374.97,14,11,475.23,0.0703,0,0
txn_000142,merch_0014,wallet,105.55,17,25,128.65,0.0601,0,0
txn_000143,merch_0152,card,662.92,16,21,471.13,0.2455,0,0
txn_000144,merch_0198,upi,668.98,19,35,1129.34,0.3099,1,0
txn_000145,merch_0016,netbanking,206.71,9,102,285.94,0.276,0,0
txn_000146,merch_0125,card,20395.17,9,19,16576.79,0.1665,1,0
txn_000147,merch_0083,card,547.34,11,23,631.61,0.0372,0,0
txn_000148,merch_0008,card,589.85,10,29,677.51,0.1135,0,0
txn_000149,merch_0165,netbanking,2664.46,13,39,1609.23,0.8508,1,0
txn_000150,merch_0175,netbanking,4214.01,13,29,2974.61,0.0338,0,0
txn_000151,merch_0187,upi,10.0,3,30,953.69,0.0424,0,0
txn_000152,merch_0062,upi,269.12,15,24,277.52,0.2335,0,0
txn_000153,merch_0116,card,435.82,19,28,914.87,0.0454,0,0
txn_000154,merch_0129,card,513.68,10,15,679.5,0.2878,0,0
txn_000155,merch_0087,upi,1623.65,18,25,1841.63,0.1337,0,0
txn_000156,merch_0071,netbanking,5764.05,9,13,6753.08,0.0384,0,0
txn_000157,merch_0138,card,1317.57,20,22,3220.42,0.1319,1,0
txn_000158,merch_0063,upi,94.94,18,36,247.71,0.0283,0,0
txn_000159,merch_0071,upi,9364.76,19,11,7067.85,0.0838,0,0
txn_000160,merch_0020,upi,10277.44,0,23,6833.5,0.3252,0,0
txn_000161,merch_0017,wallet,559.74,20,40,1610.0,0.1449,0,0
txn_000162,merch_0063,upi,210.44,16,19,234.68,0.0261,0,0
txn_000163,merch_0081,upi,2345.27,21,29,1622.25,0.2301,0,0
txn_000164,merch_0109,card,990.29,21,34,1080.99,0.0615,0,0
txn_000165,merch_0094,upi,227.76,11,19,742.76,0.2942,0,0
txn_000166,merch_0165,upi,1399.58,2,33,1712.12,0.1986,1,0
txn_000167,merch_0031,upi,11680.02,9,25,10247.65,0.1899,0,0
txn_000168,merch_0010,card,532.44,12,28,573.6,0.1063,1,0
txn_000169,merch_0044,card,181.17,17,14,172.12,0.1269,0,0
txn_000170,merch_0032,upi,1071.12,4,26,964.04,0.4337,0,0
txn_000171,merch_0101,upi,455.39,14,21,649.65,0.0879,0,0
txn_000172,merch_0168,wallet,1091.62,9,15,870.8,0.1195,0,0
txn_000173,merch_0135,upi,5856.78,11,17,7845.22,0.2132,0,0
txn_000174,merch_0010,upi,313.28,7,140,637.29,0.121,1,0
txn_000175,merch_0178,upi,1588.78,21,17,834.65,0.1206,1,0
txn_000176,merch_0087,card,1588.12,2,22,1513.2,0.0803,0,0
txn_000177,merch_0040,netbanking,200.99,3,33,2422.44,0.0063,0,0
txn_000178,merch_0144,upi,2622.82,11,190,1451.09,0.0256,0,1
txn_000179,merch_0075,card,4813.01,16,135,2992.31,0.2781,0,1
txn_000180,merch_0120,upi,3527.61,1,22,2436.93,0.1321,0,0
txn_000181,merch_0045,upi,607.6,19,25,405.72,0.0801,0,0
txn_000182,merch_0159,netbanking,4175.74,19,25,2505.75,0.1677,1,0
txn_000183,merch_0079,upi,62.62,16,13,91.87,0.0365,0,0
txn_000184,merch_0053,card,2379.68,16,132,2252.78,0.0974,0,0
txn_000185,merch_0085,upi,1174.03,13,23,679.23,0.3509,0,0
txn_000186,merch_0091,netbanking,7015.26,21,20,3887.94,0.0991,0,0
txn_000187,merch_0147,upi,181.43,19,31,195.42,0.1242,0,0
txn_000188,merch_0160,netbanking,728.31,22,18,295.41,0.0687,0,0
txn_000189,merch_0167,upi,14302.35,18,33,9543.6,0.2661,0,0
txn_000190,merch_0159,netbanking,3632.8,1,24,2133.69,0.1497,1,0
txn_000191,merch_0096,upi,2203.06,9,26,1448.99,0.2098,1,0
txn_000192,merch_0001,card,1065.45,19,19,893.32,0.0434,0,0
txn_000193,merch_0032,upi,1988.84,9,23,944.01,0.1164,0,0
txn_000194,merch_0157,wallet,1359.89,11,15,1913.49,0.2646,0,0
txn_000195,merch_0160,upi,707.49,18,22,343.54,0.1377,0,0
txn_000196,merch_0076,upi,2225.76,11,24,1276.4,0.0969,0,0
txn_000197,merch_0115,card,2494.16,1,23,1530.51,0.1378,1,0
txn_000198,merch_0153,upi,1401.18,16,23,1360.38,0.0486,0,0
txn_000199,merch_0149,upi,1698.68,18,19,1633.43,0.1007,0,0
txn_000200,merch_0102,wallet,235.31,20,22,816.53,0.8216,0,0
txn_000201,merch_0193,wallet,189.84,17,22,238.31,0.0542,0,0
txn_000202,merch_0165,upi,2319.35,3,34,1688.11,0.122,1,0
txn_000203,merch_0102,wallet,176.74,17,25,774.34,0.0415,0,0
txn_000204,merch_0089,card,1844.95,0,23,2260.05,0.0219,0,0
txn_000205,merch_0173,upi,2827.07,10,21,1879.2,0.0597,0,0
txn_000206,merch_0121,card,349.66,10,33,337.32,0.1569,0,0
txn_000207,merch_0142,card,252.41,7,23,149.91,0.0855,1,0
txn_000208,merch_0105,wallet,2306.78,15,38,1997.71,0.3113,0,0
txn_000209,merch_0118,upi,3835.65,11,23,4023.42,0.3558,1,0
txn_000210,merch_0171,card,383.33,8,24,392.92,0.1028,0,0
txn_000211,merch_0048,upi,1759.92,2,239,1725.6,0.1032,0,1
txn_000212,merch_0103,upi,53.45,18,28,427.31,0.4805,0,0
txn_000213,merch_0060,upi,914.64,12,32,687.02,0.2458,0,0
txn_000214,merch_0194,wallet,1272.34,10,18,1395.24,0.0377,0,0
txn_000215,merch_0122,netbanking,8369.15,3,22,5884.11,0.2329,1,0
txn_000216,merch_0133,netbanking,2276.91,16,21,1688.43,0.1022,0,0
txn_000217,merch_0008,card,576.61,15,19,713.27,0.1306,0,0
txn_000218,merch_0005,upi,894.54,19,26,808.72,0.1528,0,0
txn_000219,merch_0072,upi,1128.37,16,12,1073.36,0.038,1,0
txn_000220,merch_0102,upi,1296.07,1,174,727.31,0.0841,0,1
txn_000221,merch_0159,upi,2462.35,14,26,2583.29,0.0294,1,0
txn_000222,merch_0040,netbanking,2932.76,19,48,2777.09,0.2196,0,0
txn_000223,merch_0113,card,12954.72,16,24,20081.24,0.1021,0,0
txn_000224,merch_0007,upi,2703.89,19,23,2770.87,0.0916,0,0
txn_000225,merch_0071,upi,11780.21,4,21,7623.28,0.0551,0,0
txn_000226,merch_0177,upi,7481.31,18,25,6525.66,0.0633,0,0
txn_000227,merch_0091,upi,1767.84,12,15,3984.71,0.3037,0,0
txn_000228,merch_0061,wallet,544.98,21,37,944.48,0.1993,1,0
txn_000229,merch_0083,card,375.84,9,25,586.18,0.2063,0,0
txn_000230,merch_0061,netbanking,1219.06,17,38,958.45,0.0697,1,0
txn_000231,merch_0110,card,147.05,3,17,107.77,0.0297,0,0
txn_000232,merch_0126,upi,10.0,14,34,305.33,0.1503,0,0
txn_000233,merch_0006,upi,6989.59,16,38,7579.71,0.0936,0,0
txn_000234,merch_0083,netbanking,631.19,16,26,562.99,0.1117,0,0
txn_000235,merch_0131,netbanking,623.72,18,25,1020.95,0.1909,0,0
txn_000236,merch_0133,upi,1592.83,12,9,1769.81,0.1406,0,0
txn_000237,merch_0057,card,1230.43,18,31,681.11,0.1477,0,0
txn_000238,merch_0021,card,1018.03,19,42,910.35,0.3626,0,0
txn_000239,merch_0153,card,1115.3,15,27,1547.67,0.1608,0,0
txn_000240,merch_0126,wallet,303.78,13,34,345.55,0.4504,0,0
txn_000241,merch_0002,card,2182.55,3,25,2696.5,0.9724,0,0
txn_000242,merch_0126,card,379.66,20,38,301.81,0.0733,0,0
txn_000243,merch_0040,upi,1307.95,16,34,2391.42,0.0852,0,0
txn_000244,merch_0187,upi,670.01,14,264,1128.18,0.1589,0,1
txn_000245,merch_0105,upi,2742.06,17,29,1859.35,0.3952,0,0
txn_000246,merch_0013,upi,107.48,14,17,112.3,0.1195,0,0
txn_000247,merch_0011,netbanking,317.42,11,8,672.24,0.2336,0,0
txn_000248,merch_0086,card,2305.55,20,14,3074.02,0.2827,1,0
txn_000249,merch_0011,upi,889.77,0,15,644.96,0.0265,0,0
txn_000250,merch_0140,netbanking,1204.04,14,11,1409.2,0.0066,0,0
txn_000251,merch_0024,upi,721.78,17,32,537.59,0.1274,1,0
txn_000252,merch_0044,upi,122.81,17,20,207.0,0.2694,0,0
txn_000253,merch_0121,upi,232.25,20,22,330.75,0.1663,0,0
txn_000254,merch_0146,upi,274.0,22,14,212.6,0.144,0,0
txn_000255,merch_0054,upi,3590.65,18,23,3619.21,0.0398,0,1
txn_000256,merch_0099,card,1104.4,12,252,752.69,0.4475,1,0
txn_000257,merch_0172,upi,1286.38,14,17,1093.01,0.1217,0,0
txn_000258,merch_0135,wallet,6153.95,10,14,6254.94,0.1465,0,0
txn_000259,merch_0118,upi,4872.75,15,19,4888.83,0.2047,1,1
txn_000260,merch_0052,upi,376.35,16,25,438.18,0.1427,1,0
txn_000261,merch_0182,upi,400.13,12,17,338.79,0.0872,0,0
txn_000262,merch_0031,card,11326.21,22,23,9117.43,0.0343,0,0
txn_000263,merch_0050,upi,1248.15,14,14,1398.51,0.0467,0,0
txn_000264,merch_0043,netbanking,483.13,13,31,761.3,0.154,0,0
txn_000265,merch_0081,card,1926.3,8,216,1610.81,0.1428,0,0
txn_000266,merch_0197,card,2183.63,15,20,1357.5,0.011,1,0
txn_000267,merch_0145,card,3691.74,13,21,2920.58,0.0392,0,0
txn_000268,merch_0149,upi,1054.9,20,22,1770.25,0.0525,0,0
txn_000269,merch_0036,upi,729.97,15,14,1600.37,0.0551,0,0
txn_000270,merch_0095,upi,136.4,1,26,189.1,0.1875,1,0
txn_000271,merch_0055,card,2197.53,4,35,3059.72,0.1289,0,0
txn_000272,merch_0104,upi,203.65,20,20,835.15,0.1471,0,0
txn_000273,merch_0058,upi,2372.81,3,18,1435.95,0.1283,1,0
txn_000274,merch_0130,wallet,125.26,9,21,159.32,0.3322,0,0
txn_000275,merch_0155,upi,567.27,19,24,522.78,0.2272,0,0
txn_000276,merch_0034,netbanking,2563.25,14,27,2823.09,0.2522,1,0
txn_000277,merch_0188,netbanking,391.9,13,20,412.39,0.1272,0,0
txn_000278,merch_0092,upi,284.03,21,27,540.45,0.0027,0,0
txn_000279,merch_0181,upi,387.58,2,22,345.8,0.0121,0,0
txn_000280,merch_0190,upi,355.19,11,24,694.76,0.1413,0,0
txn_000281,merch_0096,card,1547.25,7,36,1658.26,0.1323,1,0
txn_000282,merch_0134,card,559.58,17,10,398.65,0.8731,0,0
txn_000283,merch_0075,netbanking,3719.33,11,29,2620.29,0.9955,0,0
txn_000284,merch_0048,wallet,1837.03,18,35,1657.19,0.0203,0,0
txn_000285,merch_0093,card,213.02,20,30,769.42,0.1216,0,0
txn_000286,merch_0158,upi,319.1,21,40,283.03,0.1489,0,0
txn_000287,merch_0185,upi,3550.61,14,15,2748.03,0.2619,1,0
txn_000288,merch_0188,netbanking,456.09,14,28,405.42,0.1369,0,0
txn_000289,merch_0023,upi,212.12,15,24,196.57,0.0808,0,0
txn_000290,merch_0147,upi,208.23,18,31,254.65,0.9962,0,0
txn_000291,merch_0036,card,1935.31,2,26,1274.49,0.2962,0,0
txn_000292,merch_0003,upi,10791.23,12,17,6215.21,0.0318,0,0
txn_000293,merch_0107,wallet,1501.1,18,28,1194.43,0.1934,1,0
txn_000294,merch_0125,card,8693.52,18,32,13427.02,0.0528,1,0
txn_000295,merch_0019,upi,115.02,17,32,223.95,0.0993,0,0
txn_000296,merch_0187,wallet,1367.95,11,212,1036.97,0.0108,0,0
txn_000297,merch_0151,upi,1073.68,9,19,1878.86,0.1324,0,0
txn_000298,merch_0049,upi,144.08,2,24,147.55,0.1241,1,0
txn_000299,merch_0176,upi,900.12,14,22,1047.22,0.054,1,0
txn_000300,merch_0178,upi,418.07,9,19,832.08,0.2221,1,0
txn_000301,merch_0095,card,253.25,17,23,182.54,0.1781,1,0
txn_000302,merch_0104,upi,1176.0,21,16,1005.64,0.0927,0,0
txn_000303,merch_0163,upi,108.17,15,14,438.38,0.1603,0,0
txn_000304,merch_0116,upi,1262.21,18,26,933.08,0.2643,0,0
txn_000305,merch_0097,netbanking,1711.58,14,43,1389.04,0.2545,0,0
txn_000306,merch_0065,netbanking,7650.87,11,21,5846.97,0.0894,0,0
txn_000307,merch_0078,upi,1289.55,16,25,1131.04,0.3417,0,0
txn_000308,merch_0161,upi,5180.72,17,16,2848.82,0.1312,0,0
txn_000309,merch_0163,upi,381.44,20,21,378.17,0.3568,0,0
txn_000310,merch_0005,upi,736.39,10,22,873.36,0.1776,0,0
txn_000311,merch_0038,netbanking,95.72,11,178,194.38,0.1123,0,1
txn_000312,merch_0169,card,287.2,0,16,473.32,0.145,0,0
txn_000313,merch_0114,upi,338.73,19,27,828.02,0.0316,1,0
txn_000314,merch_0185,upi,2901.21,11,18,2547.22,0.0999,1,0
txn_000315,merch_0124,upi,1869.53,10,28,2206.78,0.1862,0,0
txn_000316,merch_0011,card,747.61,4,8,569.61,0.0019,0,0
txn_000317,merch_0130,upi,50.36,10,21,193.21,0.0699,0,0
txn_000318,merch_0017,wallet,1167.37,20,26,1359.18,0.9322,0,0
txn_000319,merch_0039,netbanking,863.16,18,18,1335.83,0.2882,0,0
txn_000320,merch_0020,upi,11894.22,15,28,5656.86,0.271,0,0
txn_000321,merch_0142,card,144.42,23,13,152.64,0.1239,1,0
txn_000322,merch_0098,wallet,1070.87,11,29,972.28,0.0138,0,0
txn_000323,merch_0025,card,1209.23,3,30,1207.18,0.068,0,0
txn_000324,merch_0007,upi,4418.63,0,133,2501.36,0.1384,0,0
txn_000325,merch_0099,upi,175.68,12,42,840.92,0.0476,1,0
txn_000326,merch_0086,netbanking,3216.59,12,20,2807.85,0.0041,1,0
txn_000327,merch_0041,card,335.92,16,21,1349.47,0.3813,1,0
txn_000328,merch_0171,card,10.0,10,23,385.15,0.2764,0,0
txn_000329,merch_0013,netbanking,80.85,12,13,104.48,0.0329,0,0
txn_000330,merch_0077,wallet,929.37,13,30,732.61,0.1603,0,0
txn_000331,merch_0001,wallet,572.54,17,20,971.54,0.1069,0,0
txn_000332,merch_0118,upi,4946.72,4,18,4655.83,0.938,1,1
txn_000333,merch_0036,card,1495.29,17,31,1337.02,0.2508,0,0
txn_000334,merch_0068,netbanking,1599.36,10,17,1908.29,0.0498,0,0
txn_000335,merch_0165,netbanking,2858.77,15,25,1932.57,0.0766,1,0
txn_000336,merch_0040,card,2096.47,11,35,2583.47,0.0626,0,0
txn_000337,merch_0061,upi,1007.64,7,39,771.72,0.133,1,0
txn_000338,merch_0059,netbanking,1558.21,14,20,3599.66,0.8987,0,0
txn_000339,merch_0124,card,2345.51,16,32,2293.4,0.0789,0,0
txn_000340,merch_0110,upi,98.7,15,15,97.7,0.1217,0,0
txn_000341,merch_0013,card,62.82,14,20,122.05,0.1506,0,0
txn_000342,merch_0083,upi,703.24,12,23,567.85,0.0662,0,0
txn_000343,merch_0129,upi,435.69,23,17,536.84,0.3199,0,0
txn_000344,merch_0069,upi,986.23,13,18,508.82,0.0238,0,0
txn_000345,merch_0144,upi,10.0,0,21,1462.93,0.2926,0,0
txn_000346,merch_0122,card,6527.12,13,11,6155.59,0.0988,1,0
txn_000347,merch_0088,card,594.64,18,9,523.69,0.3567,0,0
txn_000348,merch_0027,card,1513.2,21,25,1473.83,0.0588,0,0
txn_000349,merch_0065,netbanking,4276.26,1,16,5543.61,0.2606,0,0
txn_000350,merch_0162,upi,4573.05,14,15,3951.27,0.1115,0,0
txn_000351,merch_0004,upi,1168.02,14,24,742.66,0.2935,1,0
txn_000352,merch_0192,netbanking,210.49,20,32,1493.55,0.1223,1,0
txn_000353,merch_0167,upi,7043.0,16,27,9907.33,0.1893,0,0
txn_000354,merch_0183,wallet,991.31,15,38,2156.17,0.0805,0,0
txn_000355,merch_0163,netbanking,165.61,15,14,411.41,0.3022,0,0
txn_000356,merch_0044,card,220.56,10,22,192.04,0.0576,0,0
txn_000357,merch_0150,wallet,1956.69,11,18,1401.59,0.2262,0,0
txn_000358,merch_0046,upi,972.13,18,17,578.68,0.2392,0,0
txn_000359,merch_0030,upi,706.7,11,38,478.2,0.1238,1,0
txn_000360,merch_0138,card,3977.22,15,15,3091.75,0.1802,1,0
txn_000361,merch_0009,upi,788.23,2,32,2222.21,0.1193,0,0
txn_000362,merch_0194,wallet,2322.43,17,15,1346.98,0.1318,0,0
txn_000363,merch_0117,upi,241.26,18,28,292.54,0.0747,0,0
txn_000364,merch_0013,card,151.96,10,18,120.42,0.0533,0,0
txn_000365,merch_0079,card,46.15,20,12,99.23,0.3981,0,0
txn_000366,merch_0092,card,405.94,17,25,493.68,0.1885,0,0
txn_000367,merch_0009,upi,2981.03,12,30,2362.88,0.0554,0,0
txn_000368,merch_0075,upi,2982.13,10,22,2571.14,0.1577,0,0
txn_000369,merch_0093,netbanking,438.99,22,33,631.79,0.1916,0,0
txn_000370,merch_0104,upi,1408.37,13,25,896.44,0.0461,0,0
txn_000371,merch_0000,netbanking,1232.97,21,34,1889.86,0.1288,1,0
txn_000372,merch_0132,card,303.49,15,30,268.53,0.0774,0,0
txn_000373,merch_0019,netbanking,263.15,12,24,180.23,0.1192,0,0
txn_000374,merch_0007,card,5000.47,13,16,2553.93,0.1601,0,0
txn_000375,merch_0170,upi,287.75,18,26,331.8,0.0792,1,0
txn_000376,merch_0000,card,1811.6,18,25,1882.3,0.219,1,0
txn_000377,merch_0056,netbanking,337.5,15,22,356.46,0.0793,0,0
txn_000378,merch_0063,upi,297.81,16,28,270.77,0.2266,0,0
txn_000379,merch_0117,wallet,349.7,16,28,285.69,0.0633,0,0
txn_000380,merch_0027,card,2531.38,16,27,1863.56,0.1781,0,0
txn_000381,merch_0120,upi,3981.43,14,27,3147.73,0.0599,0,0
txn_000382,merch_0106,upi,8595.99,19,140,8973.19,0.3538,1,1
txn_000383,merch_0164,wallet,4891.74,16,19,3146.13,0.0825,0,0
txn_000384,merch_0174,upi,1599.14,13,24,1672.76,0.1351,1,0
txn_000385,merch_0164,netbanking,4773.88,16,19,2993.61,0.8835,0,0
txn_000386,merch_0048,wallet,2154.53,15,35,1738.51,0.1252,0,1
txn_000387,merch_0119,upi,5281.66,12,21,2444.62,0.3568,0,0
txn_000388,merch_0043,upi,623.29,13,34,765.56,0.1352,0,0
txn_000389,merch_0055,card,2296.31,11,30,3817.75,0.3606,0,0
txn_000390,merch_0155,upi,563.98,10,20,486.1,0.2126,0,0
txn_000391,merch_0110,netbanking,160.1,16,19,105.33,0.0728,0,0
txn_000392,merch_0133,upi,1986.88,20,16,2045.63,0.1008,0,0
txn_000393,merch_0107,card,1914.27,15,36,1151.63,0.2068,1,0
txn_000394,merch_0188,netbanking,549.04,14,19,450.61,0.8764,0,0
txn_000395,merch_0147,upi,200.99,9,29,214.36,0.3338,0,0
txn_000396,merch_0113,upi,24701.53,17,23,24111.69,0.3256,0,0
txn_000397,merch_0077,upi,593.66,13,22,806.55,0.2406,0,0
txn_000398,merch_0129,upi,652.18,20,16,561.11,0.1622,0,0
txn_000399,merch_0036,card,539.26,12,32,1457.72,0.0773,0,0
txn_000400,merch_0019,netbanking,194.81,3,182,194.15,0.0252,0,1
txn_000401,merch_0025,upi,1814.64,17,17,1306.43,0.3097,0,1
txn_000402,merch_0028,card,686.38,14,17,579.89,0.0588,0,0
txn_000403,merch_0000,card,2391.73,10,34,1972.89,0.9852,1,0
txn_000404,merch_0118,upi,4775.69,12,11,3961.36,0.1248,1,0
txn_000405,merch_0034,upi,3134.66,15,17,3367.63,0.062,1,0
txn_000406,merch_0197,wallet,375.92,14,14,1284.23,0.1471,1,0
txn_000407,merch_0058,card,1438.66,20,23,1473.49,0.2908,1,0
txn_000408,merch_0068,card,1814.81,18,15,1813.96,0.1117,0,0
txn_000409,merch_0160,card,123.56,11,20,356.35,0.0591,0,0
txn_000410,merch_0178,upi,177.14,1,22,874.06,0.0403,1,0
txn_000411,merch_0011,card,1038.44,12,9,533.36,0.3506,0,0
txn_000412,merch_0019,card,206.29,16,32,192.16,0.1182,0,0
txn_000413,merch_0180,card,2590.5,12,25,2194.15,0.163,0,0
txn_000414,merch_0042,upi,1252.54,19,21,1075.9,0.0192,0,0
txn_000415,merch_0125,upi,8623.63,12,23,14507.17,0.0875,1,0
txn_000416,merch_0049,upi,108.37,14,28,133.28,0.2213,1,0
txn_000417,merch_0028,wallet,833.35,17,20,453.94,0.0329,0,0
txn_000418,merch_0184,upi,682.91,17,28,916.23,0.0582,0,0
txn_000419,merch_0038,card,188.13,17,22,196.98,0.1969,0,0
txn_000420,merch_0183,upi,1341.31,21,36,2181.03,0.2132,0,0
txn_000421,merch_0170,upi,232.67,3,28,403.73,0.2474,1,0
txn_000422,merch_0177,card,9385.68,9,24,6380.59,0.2093,0,0
txn_000423,merch_0150,card,10.0,7,23,1591.86,0.1564,0,0
txn_000424,merch_0171,card,327.5,16,26,448.2,0.1288,0,0
txn_000425,merch_0037,upi,112.44,18,27,112.3,0.2695,0,0
txn_000426,merch_0083,netbanking,1076.1,2,24,617.21,0.0258,0,0
txn_000427,merch_0150,upi,565.2,21,13,1650.34,0.1008,0,0
txn_000428,merch_0127,upi,301.74,11,14,542.98,0.1098,0,0
txn_000429,merch_0125,card,9440.01,13,23,15493.91,0.2835,1,0
txn_000430,merch_0044,upi,256.74,13,15,212.2,0.2278,0,0
txn_000431,merch_0051,upi,742.45,1,25,664.36,0.2285,0,0
txn_000432,merch_0079,card,43.5,16,13,108.58,0.0745,0,0
txn_000433,merch_0177,card,6554.64,10,19,6070.79,0.3339,0,0
txn_000434,merch_0123,netbanking,382.29,13,29,202.11,0.1322,1,0
txn_000435,merch_0118,upi,4739.36,13,22,4108.53,0.8799,1,0
txn_000436,merch_0007,upi,2930.68,18,26,2467.65,0.2112,0,0
txn_000437,merch_0084,upi,468.49,13,12,474.51,0.1556,1,0
txn_000438,merch_0128,wallet,1541.95,17,18,1216.4,0.0621,1,0
txn_000439,merch_0007,card,1396.23,17,189,2571.98,0.3072,0,0
txn_000440,merch_0156,card,9508.57,20,16,10741.59,0.0887,0,0
txn_000441,merch_0095,upi,175.59,22,28,167.28,0.1064,1,0
txn_000442,merch_0101,card,471.48,17,21,670.59,0.3317,0,0
txn_000443,merch_0004,upi,1047.64,15,33,846.41,0.0292,1,0
txn_000444,merch_0085,card,416.0,16,25,545.8,0.1156,0,0
txn_000445,merch_0174,wallet,1250.64,7,22,1739.23,0.1715,1,0
txn_000446,merch_0033,wallet,122.91,1,18,316.95,0.0116,0,0
txn_000447,merch_0192,card,1691.03,15,33,1299.88,0.1916,1,0
txn_000448,merch_0054,card,5600.19,3,25,4156.96,0.1243,0,0
txn_000449,merch_0118,wallet,3751.41,19,20,4071.45,0.3553,1,0
txn_000450,merch_0170,card,534.56,16,23,403.14,0.9928,1,0
txn_000451,merch_0157,upi,1776.15,2,16,2011.0,0.0539,0,0
txn_000452,merch_0113,card,4809.81,14,34,18924.25,0.311,0,0
txn_000453,merch_0144,upi,1451.78,11,27,1315.72,0.0464,0,0
txn_000454,merch_0025,card,1154.08,8,21,1293.17,0.1307,0,0
txn_000455,merch_0135,card,7300.0,13,27,7399.58,0.2369,0,0
txn_000456,merch_0046,card,712.06,12,19,561.12,0.0382,0,0
txn_000457,merch_0112,upi,926.78,10,28,1063.08,0.2817,0,0
txn_000458,merch_0075,upi,5141.88,0,19,2543.48,0.0347,0,0
txn_000459,merch_0071,card,6724.06,2,16,6182.65,0.243,0,0
txn_000460,merch_0088,netbanking,515.68,9,19,596.08,0.2707,0,0
txn_000461,merch_0045,card,633.57,9,22,420.77,0.1291,0,0
txn_000462,merch_0195,upi,1758.26,20,34,1630.89,0.3815,0,0
txn_000463,merch_0032,wallet,2135.63,16,18,1096.9,0.1099,0,0
txn_000464,merch_0000,wallet,1854.62,11,25,1939.07,0.0558,1,0
txn_000465,merch_0146,upi,285.18,13,7,274.3,0.1405,0,0
txn_000466,merch_0030,upi,317.27,14,28,544.05,0.1381,1,0
txn_000467,merch_0141,netbanking,7970.42,14,25,4682.61,0.1385,1,0
txn_000468,merch_0052,netbanking,574.36,21,26,469.83,0.1848,1,0
txn_000469,merch_0047,wallet,3166.04,2,15,3617.08,0.0145,0,0
txn_000470,merch_0068,wallet,1108.17,7,24,1570.13,0.1226,0,0
txn_000471,merch_0104,card,399.11,8,32,837.64,0.0195,0,0
txn_000472,merch_0089,card,2290.72,14,20,1980.55,0.0292,0,0
txn_000473,merch_0189,upi,39.73,20,28,158.42,0.3112,0,0
txn_000474,merch_0193,upi,408.15,9,23,227.68,0.1846,0,0
txn_000475,merch_0191,card,931.77,14,29,3249.84,0.0577,0,0
txn_000476,merch_0197,card,1186.05,13,18,1448.34,0.02,1,0
txn_000477,merch_0062,card,142.77,15,22,248.32,0.9567,0,0
txn_000478,merch_0072,netbanking,1063.16,11,17,919.21,0.2778,1,0
txn_000479,merch_0160,upi,345.6,15,20,376.76,0.18,0,0
txn_000480,merch_0168,card,966.55,8,21,746.98,0.1809,0,0
txn_000481,merch_0088,upi,83.46,16,14,548.01,0.1085,0,0
txn_000482,merch_0175,upi,2229.48,9,23,2814.42,0.1436,0,0
txn_000483,merch_0012,netbanking,2205.68,4,32,1627.01,0.087,1,0
txn_000484,merch_0072,card,1305.76,1,11,944.21,0.0932,1,0
txn_000485,merch_0076,wallet,10.0,14,31,1331.52,0.8463,0,0
txn_000486,merch_0158,upi,300.15,4,30,260.0,0.1903,0,1
txn_000487,merch_0067,card,1567.4,16,25,3967.03,0.0904,0,0
txn_000488,merch_0097,upi,1126.69,20,32,1584.7,0.1048,0,0
txn_000489,merch_0124,upi,1923.58,19,30,2372.12,0.2348,0,0
txn_000490,merch_0101,netbanking,1275.62,10,25,585.29,0.3006,0,0
txn_000491,merch_0131,card,576.26,17,37,1122.37,0.041,0,0
txn_000492,merch_0101,wallet,108.81,18,22,607.79,0.0815,0,0
txn_000493,merch_0018,upi,443.41,14,30,327.45,0.1838,0,0
txn_000494,merch_0197,netbanking,1297.94,12,20,1373.88,0.1209,1,0
txn_000495,merch_0081,upi,2774.86,9,38,1781.88,0.2282,0,0
txn_000496,merch_0140,wallet,1279.47,15,20,1285.83,0.2403,0,0
txn_000497,merch_0022,upi,1667.21,14,25,1284.99,0.0704,0,0
txn_000498,merch_0082,upi,6502.15,14,30,6047.4,0.2623,1,0
txn_000499,merch_0108,card,1814.97,12,25,1438.56,0.1598,0,0
txn_000500,merch_0074,wallet,72.1,11,18,54.29,0.0996,0,0
txn_000501,merch_0128,upi,1112.46,14,23,1121.73,0.0872,1,0
txn_000502,merch_0087,upi,2149.36,10,23,1440.62,0.2378,0,0
txn_000503,merch_0053,netbanking,1847.59,12,20,2126.08,0.0296,0,0
txn_000504,merch_0198,upi,1326.23,16,25,1328.31,0.038,1,1
txn_000505,merch_0088,upi,110.05,17,19,514.54,0.3356,0,0
txn_000506,merch_0142,upi,113.92,15,18,164.88,0.0808,1,0
txn_000507,merch_0064,upi,1113.17,16,36,3163.08,0.071,0,0
txn_000508,merch_0075,wallet,4766.96,12,29,3312.92,0.5414,0,0
txn_000509,merch_0198,netbanking,2324.22,9,31,1168.22,0.1644,1,0
txn_000510,merch_0142,card,127.4,16,18,157.31,0.0027,1,0
txn_000511,merch_0148,wallet,1244.59,19,17,2253.13,0.2805,0,0
txn_000512,merch_0146,card,111.76,11,20,225.87,0.132,0,0
txn_000513,merch_0059,upi,3825.78,12,18,3495.52,0.0348,0,0
txn_000514,merch_0092,upi,306.8,16,29,491.78,0.2365,0,0
txn_000515,merch_0160,upi,234.63,10,16,360.93,0.3296,0,0
txn_000516,merch_0048,upi,2668.19,10,33,1463.43,0.2405,0,0
txn_000517,merch_0034,wallet,2586.51,10,22,3266.74,0.8684,1,1
txn_000518,merch_0171,netbanking,520.47,14,23,451.34,0.0658,0,0
txn_000519,merch_0101,upi,682.84,7,18,625.64,0.3111,0,0
txn_000520,merch_0010,card,203.51,16,21,624.4,0.1209,1,0
txn_000521,merch_0098,card,199.65,18,25,1065.0,0.221,0,0
txn_000522,merch_0199,wallet,320.11,9,37,318.38,0.0502,0,0
txn_000523,merch_0109,wallet,1662.91,12,22,1028.18,0.0396,0,0
txn_000524,merch_0073,card,7928.52,1,24,6675.68,0.1365,1,0
txn_000525,merch_0193,netbanking,323.31,20,30,264.09,0.341,0,0
txn_000526,merch_0173,card,1104.51,22,14,1810.75,0.2533,0,0
txn_000527,merch_0008,card,922.04,15,23,666.65,0.0229,0,0
txn_000528,merch_0002,upi,3279.17,12,26,2087.58,0.0949,0,0
txn_000529,merch_0084,upi,251.91,16,20,389.17,0.0206,1,0
txn_000530,merch_0025,card,1559.31,15,25,1201.06,0.1158,0,0
txn_000531,merch_0071,upi,1070.05,3,16,6354.26,0.0729,0,0
txn_000532,merch_0047,upi,5465.21,15,13,3877.46,0.1603,0,0
txn_000533,merch_0193,card,174.99,18,22,232.63,0.0414,0,0
txn_000534,merch_0197,upi,405.63,4,17,1135.4,0.1933,1,0
txn_000535,merch_0155,card,554.16,20,18,486.57,0.1953,0,0
txn_000536,merch_0116,card,277.91,7,29,1031.69,0.293,0,0
txn_000537,merch_0153,wallet,1677.9,11,23,1243.96,0.1293,0,0
txn_000538,merch_0152,card,283.33,9,23,547.89,0.0894,0,0
txn_000539,merch_0011,upi,136.55,3,6,655.53,0.0368,0,0
txn_000540,merch_0132,card,315.35,18,15,267.33,0.4735,0,0
txn_000541,merch_0047,netbanking,3526.02,14,22,4354.79,0.1637,0,0
txn_000542,merch_0036,wallet,2589.65,3,22,1375.55,0.1272,0,0
txn_000543,merch_0043,upi,253.93,16,31,704.39,0.2016,0,0
txn_000544,merch_0014,upi,197.26,17,30,119.54,0.0635,0,0
txn_000545,merch_0042,wallet,344.37,11,35,1024.64,0.0989,0,0
txn_000546,merch_0175,upi,3837.38,12,18,3375.66,0.0816,0,1
txn_000547,merch_0086,card,4635.3,16,22,2978.93,0.3303,1,0
txn_000548,merch_0069,upi,594.84,21,169,493.05,0.0825,0,0
txn_000549,merch_0045,upi,280.33,18,15,425.88,0.0696,0,0
txn_000550,merch_0107,upi,666.15,14,237,1381.61,0.184,1,1
txn_000551,merch_0122,upi,1003.41,2,25,6561.43,0.2799,1,0
txn_000552,merch_0170,card,738.3,8,26,335.35,0.2972,1,0
txn_000553,merch_0020,wallet,5609.86,15,23,5980.93,0.0996,0,0
txn_000554,merch_0150,upi,589.85,16,27,1332.17,0.1785,0,0
txn_000555,merch_0106,netbanking,6065.2,21,22,9686.82,0.0941,1,1
txn_000556,merch_0079,upi,107.67,3,12,89.77,0.1399,0,0
txn_000557,merch_0046,card,504.47,10,11,656.44,0.0657,0,0
txn_000558,merch_0116,upi,213.45,17,30,907.84,0.1506,0,0
txn_000559,merch_0123,wallet,303.32,20,18,217.94,0.1807,1,0
txn_000560,merch_0142,netbanking,189.5,19,14,142.23,0.8296,1,0
txn_000561,merch_0024,card,1114.96,19,25,530.69,0.8312,1,1
txn_000562,merch_0035,netbanking,348.07,11,31,241.64,0.0387,0,0
txn_000563,merch_0050,card,10.0,3,17,1560.19,0.1408,0,0
txn_000564,merch_0014,wallet,199.06,19,37,124.81,0.9109,0,0
txn_000565,merch_0067,card,6099.58,21,33,3644.15,0.0861,0,0
txn_000566,merch_0020,wallet,4489.85,9,194,7120.29,0.1281,0,1
txn_000567,merch_0140,card,1243.01,15,23,1422.96,0.0637,0,0
txn_000568,merch_0018,upi,437.02,16,20,316.6,0.0663,0,0
txn_000569,merch_0033,card,159.08,17,17,295.57,0.0391,0,0
txn_000570,merch_0077,upi,669.8,10,26,743.75,0.1187,0,0
txn_000571,merch_0124,card,3511.61,12,23,2073.56,0.2439,0,0
txn_000572,merch_0195,card,2215.32,19,34,1634.71,0.6047,0,0
txn_000573,merch_0116,card,760.61,12,19,956.88,0.0649,0,0
txn_000574,merch_0051,upi,1112.16,2,33,785.48,0.2375,0,0
txn_000575,merch_0026,upi,317.84,15,22,277.99,0.204,0,0
txn_000576,merch_0156,card,11195.4,13,25,10403.5,0.1396,0,0
txn_000577,merch_0155,wallet,351.76,20,24,454.96,0.152,0,0
txn_000578,merch_0034,upi,2934.76,16,20,3045.83,0.0716,1,0
txn_000579,merch_0135,upi,5119.37,18,18,6881.78,0.1296,0,0
txn_000580,merch_0143,card,10.0,14,25,1446.21,0.8555,0,0
txn_000581,merch_0105,card,1521.14,14,34,1560.87,0.0974,0,0
txn_000582,merch_0163,upi,382.44,7,22,351.81,0.0241,0,0
txn_000583,merch_0157,upi,2086.16,19,218,1972.69,0.3216,0,0
txn_000584,merch_0145,upi,3998.52,9,22,2999.08,0.142,0,0
txn_000585,merch_0001,wallet,637.54,13,18,976.08,0.0414,0,0
txn_000586,merch_0176,upi,886.38,19,22,1080.01,0.3531,1,0
txn_000587,merch_0076,upi,1592.3,7,37,1035.95,0.0663,0,0
txn_000588,merch_0131,upi,747.25,10,26,1055.23,0.9892,0,0
txn_000589,merch_0089,upi,2125.9,19,25,1964.5,0.1919,0,0
txn_000590,merch_0088,netbanking,447.71,11,15,609.37,0.074,0,0
txn_000591,merch_0093,upi,642.81,11,22,698.38,0.0319,0,0
txn_000592,merch_0006,upi,10148.37,21,28,7364.97,0.2176,0,0
txn_000593,merch_0094,card,531.7,11,23,618.35,0.0347,0,0
txn_000594,merch_0107,upi,1708.42,14,35,1218.16,0.0883,1,0
txn_000595,merch_0073,upi,2463.76,14,24,7691.52,0.2709,1,0
txn_000596,merch_0038,netbanking,36.44,17,25,218.66,0.1263,0,0
txn_000597,merch_0140,netbanking,380.82,14,15,1634.89,0.1963,0,0
txn_000598,merch_0158,wallet,146.34,19,29,239.81,0.0462,0,0
txn_000599,merch_0070,netbanking,2669.44,0,23,1665.5,0.2934,0,0
txn_000600,merch_0190,card,635.97,11,15,581.73,0.0826,0,0
txn_000601,merch_0055,upi,1955.97,14,33,3107.28,0.052,0,0
txn_000602,merch_0169,netbanking,575.18,19,204,462.51,0.0866,0,0
txn_000603,merch_0188,netbanking,600.6,19,25,445.75,0.2109,0,0
txn_000604,merch_0041,netbanking,586.32,18,27,1196.86,0.3337,1,0
txn_000605,merch_0183,card,4252.59,3,28,1739.18,0.0454,0,0
txn_000606,merch_0035,upi,276.34,7,210,287.8,0.462,0,1
txn_000607,merch_0083,netbanking,704.35,18,18,630.53,0.0354,0,0
txn_000608,merch_0195,card,2196.55,1,31,1643.51,0.1561,0,0
txn_000609,merch_0117,wallet,337.08,11,27,262.24,0.0545,0,0
txn_000610,merch_0006,upi,4957.48,3,41,7928.13,0.0381,0,0
txn_000611,merch_0053,upi,3789.81,13,34,2421.03,0.3719,0,0
txn_000612,merch_0128,upi,1025.38,19,22,1276.54,0.2339,1,0
txn_000613,merch_0171,netbanking,589.04,10,29,457.08,0.1991,0,0
txn_000614,merch_0119,upi,1952.42,3,26,2551.4,0.2475,0,0
txn_000615,merch_0172,upi,788.24,16,21,913.12,0.1509,0,0
txn_000616,merch_0105,wallet,3546.43,18,33,1732.68,0.27,0,0
txn_000617,merch_0046,upi,596.24,13,23,537.72,0.1514,0,0
txn_000618,merch_0122,netbanking,5818.18,11,26,5916.72,0.1441,1,0
txn_000619,merch_0140,upi,1570.48,20,103,1382.55,0.2336,0,1
txn_000620,merch_0118,netbanking,8431.0,13,26,3844.43,0.221,1,0
txn_000621,merch_0149,card,2741.97,16,22,1742.58,0.0652,0,0
txn_000622,merch_0117,wallet,444.29,16,25,245.04,0.2208,0,0
txn_000623,merch_0020,wallet,13638.13,18,25,6759.7,0.0126,0,0
txn_000624,merch_0136,upi,280.25,3,21,454.86,0.0518,0,0
txn_000625,merch_0025,upi,1621.4,11,25,1080.86,0.196,0,0
txn_000626,merch_0008,upi,646.54,23,25,610.75,0.044,0,0
txn_000627,merch_0014,card,62.65,19,38,137.41,0.2045,0,0
txn_000628,merch_0009,wallet,2534.13,4,29,2303.21,0.1331,0,0
txn_000629,merch_0121,card,309.17,21,26,381.99,0.3631,0,0
txn_000630,merch_0120,card,5161.94,10,30,2462.23,0.0353,0,0
txn_000631,merch_0124,upi,1706.61,14,169,2183.62,0.0598,0,1
txn_000632,merch_0169,netbanking,368.06,20,32,417.35,0.1705,0,0
txn_000633,merch_0071,wallet,12042.12,15,22,6258.59,0.234,0,1
txn_000634,merch_0151,upi,1621.98,4,25,1550.27,0.2323,0,0
txn_000635,merch_0048,card,2378.39,18,26,1825.35,0.1139,0,0
txn_000636,merch_0153,upi,1732.66,16,24,1501.28,0.0909,0,0
txn_000637,merch_0090,card,1535.48,14,23,1208.25,0.2908,1,0
txn_000638,merch_0036,card,1211.21,19,25,1502.2,0.0681,0,0
txn_000639,merch_0067,upi,4672.56,9,40,4170.02,0.0958,0,0
txn_000640,merch_0049,upi,124.44,18,32,149.15,0.0609,1,0
txn_000641,merch_0151,upi,1171.23,2,26,1460.93,0.0009,0,0
txn_000642,merch_0018,card,351.58,12,26,350.28,0.0788,0,0
txn_000643,merch_0099,card,1347.94,3,33,781.18,0.1841,1,0
txn_000644,merch_0059,upi,4123.5,10,26,3592.77,0.0539,0,0
txn_000645,merch_0166,netbanking,3677.85,8,19,2579.54,0.0541,0,0
txn_000646,merch_0088,card,581.21,15,13,654.2,0.1903,0,0
txn_000647,merch_0145,upi,889.92,12,20,3039.79,0.0962,0,0
txn_000648,merch_0146,upi,121.39,7,12,220.43,0.129,0,0
txn_000649,merch_0163,netbanking,345.34,21,15,379.4,0.089,0,0
txn_000650,merch_0182,wallet,130.02,21,22,270.88,0.1534,0,0
txn_000651,merch_0068,upi,1341.3,4,17,1681.16,0.0513,0,0
txn_000652,merch_0174,upi,1095.82,12,15,1707.37,0.3708,1,0
txn_000653,merch_0048,upi,1326.94,12,172,1728.16,0.0953,0,0
txn_000654,merch_0107,card,1999.62,15,41,1395.02,0.0026,1,0
txn_000655,merch_0160,upi,330.27,1,16,297.02,0.2096,0,0
txn_000656,merch_0118,upi,5797.89,20,22,4848.38,0.1444,1,0
txn_000657,merch_0148,card,2222.64,13,20,1916.57,0.1249,0,0
txn_000658,merch_0149,card,2333.71,14,26,1754.16,0.0418,0,0
txn_000659,merch_0175,upi,3934.37,11,20,2918.23,0.0261,0,0
txn_000660,merch_0036,upi,929.61,14,20,1421.17,0.1268,0,0
txn_000661,merch_0142,card,335.98,13,13,164.36,0.0318,1,0
txn_000662,merch_0162,upi,3285.92,13,26,4124.77,0.198,0,0
txn_000663,merch_0198,upi,1308.05,2,26,1294.35,0.03,1,0
txn_000664,merch_0159,wallet,2719.21,12,28,2742.71,0.1724,1,0
txn_000665,merch_0010,upi,782.13,12,18,588.01,0.1291,1,0
txn_000666,merch_0137,card,956.26,1,19,633.37,0.0805,0,0
txn_000667,merch_0077,wallet,466.05,16,24,771.89,0.2281,0,0
txn_000668,merch_0076,upi,1565.96,18,37,1251.29,0.0528,0,0
txn_000669,merch_0184,upi,1023.96,16,24,728.86,0.1863,0,0
txn_000670,merch_0152,card,485.0,20,29,510.07,0.5344,0,0
txn_000671,merch_0001,wallet,844.2,12,31,871.03,0.2557,0,0
txn_000672,merch_0063,wallet,136.29,11,16,296.92,0.2475,0,0
txn_000673,merch_0034,netbanking,3519.73,13,204,3191.04,0.1321,1,0
txn_000674,merch_0006,upi,4810.76,11,32,6360.3,0.0884,0,0
txn_000675,merch_0084,card,471.58,13,10,472.29,0.4026,1,0
txn_000676,merch_0145,upi,2702.28,15,18,2572.96,0.2987,0,0
txn_000677,merch_0066,card,256.21,7,18,1095.87,0.1559,0,0
txn_000678,merch_0041,upi,765.4,19,21,1404.91,0.028,1,0
txn_000679,merch_0117,upi,324.8,13,30,272.71,0.1352,0,0
txn_000680,merch_0124,netbanking,1539.32,11,24,2505.56,0.3413,0,0
txn_000681,merch_0166,card,2405.37,11,19,3034.31,0.0954,0,0
txn_000682,merch_0168,upi,559.91,12,16,904.83,0.137,0,0
txn_000683,merch_0023,upi,151.69,14,16,217.91,0.0171,0,0
txn_000684,merch_0187,netbanking,1826.12,18,20,1056.77,0.0214,0,0
txn_000685,merch_0045,netbanking,204.64,8,13,460.95,0.1885,0,0
txn_000686,merch_0018,upi,612.72,18,23,324.38,0.0273,0,0
txn_000687,merch_0067,upi,2987.24,10,27,3276.88,0.0667,0,0
txn_000688,merch_0101,upi,404.38,9,22,668.49,0.0172,0,0
txn_000689,merch_0041,wallet,1586.16,22,25,1279.2,0.0613,1,0
txn_000690,merch_0031,card,10397.73,21,27,9237.32,0.1108,0,0
txn_000691,merch_0166,card,2751.5,4,28,3353.0,0.1947,0,0
txn_000692,merch_0108,card,1627.25,14,19,1654.48,0.1316,0,1
txn_000693,merch_0035,upi,256.49,18,32,248.1,0.5151,0,0
txn_000694,merch_0096,netbanking,1385.71,13,36,1738.71,0.1138,1,0
txn_000695,merch_0163,card,617.65,8,27,355.47,0.2434,0,0
txn_000696,merch_0130,upi,26.73,20,188,150.07,0.051,0,0
txn_000697,merch_0072,upi,695.93,20,16,1191.68,0.1699,1,0
txn_000698,merch_0135,card,5084.26,0,21,7442.89,0.2878,0,0
txn_000699,merch_0096,wallet,687.03,14,32,1688.59,0.2583,1,0
txn_000700,merch_0122,upi,6119.55,7,33,6493.41,0.1757,1,0
txn_000701,merch_0069,netbanking,645.88,14,17,437.88,0.1191,0,0
txn_000702,merch_0168,netbanking,156.7,9,20,870.3,0.0732,0,0
txn_000703,merch_0195,upi,1307.25,2,30,1666.48,0.3273,0,0
txn_000704,merch_0012,upi,1220.97,15,35,1605.96,0.0355,1,0
txn_000705,merch_0048,upi,1478.8,15,28,1600.49,0.0467,0,0
txn_000706,merch_0059,card,2126.3,17,19,3819.51,0.0363,0,0
txn_000707,merch_0129,upi,529.95,17,14,671.49,0.0421,0,0
txn_000708,merch_0187,upi,549.34,10,24,956.41,0.1194,0,0
txn_000709,merch_0004,card,720.96,7,34,820.39,0.8731,1,0
txn_000710,merch_0171,card,94.06,7,22,416.63,0.8094,0,0
txn_000711,merch_0026,upi,229.84,18,17,291.09,0.0686,0,0
txn_000712,merch_0159,upi,1823.69,9,21,2660.07,0.1642,1,1
txn_000713,merch_0148,card,1777.52,16,15,1873.27,0.1222,0,0
txn_000714,merch_0007,card,3076.7,8,34,3122.54,0.1202,0,0
txn_000715,merch_0199,netbanking,274.38,2,28,302.06,0.1094,0,0
txn_000716,merch_0049,upi,179.07,3,28,117.91,0.0937,1,0
txn_000717,merch_0066,netbanking,803.14,19,11,956.31,0.2621,0,0
txn_000718,merch_0043,card,1009.82,9,41,707.09,0.2573,0,0
txn_000719,merch_0124,card,3673.27,17,22,1990.85,0.2046,0,0
txn_000720,merch_0057,card,854.12,9,23,789.54,0.0014,0,0
txn_000721,merch_0002,upi,2367.11,2,206,2074.89,0.2792,0,1
txn_000722,merch_0085,upi,721.21,16,41,618.37,0.1061,0,0
txn_000723,merch_0069,card,591.41,1,20,555.37,0.0502,0,0
txn_000724,merch_0129,card,821.07,15,23,574.51,0.0898,0,0
txn_000725,merch_0171,card,558.77,10,28,410.73,0.0807,0,0
txn_000726,merch_0001,upi,1289.01,2,29,829.8,0.2504,0,0
txn_000727,merch_0101,wallet,679.32,9,26,705.75,0.242,0,0
txn_000728,merch_0034,card,3352.58,9,23,3303.45,0.0724,1,0
txn_000729,merch_0097,upi,1703.55,20,32,1604.82,0.1909,0,0
txn_000730,merch_0029,upi,263.59,12,18,685.36,0.073,0,0
txn_000731,merch_0115,netbanking,2295.76,2,19,1501.75,0.1091,1,0
txn_000732,merch_0007,netbanking,965.16,0,23,2484.28,0.3899,0,0
txn_000733,merch_0149,card,1952.28,15,193,1608.18,0.3837,0,1
txn_000734,merch_0043,wallet,870.1,3,28,815.09,0.0501,0,0
txn_000735,merch_0185,upi,2169.35,11,16,2951.6,0.1022,1,0
txn_000736,merch_0035,upi,285.87,12,28,253.63,0.1142,0,0
txn_000737,merch_0196,wallet,434.94,19,34,395.33,0.3021,0,0
txn_000738,merch_0076,wallet,577.42,15,30,1073.7,0.1131,0,0
txn_000739,merch_0030,card,939.92,21,31,477.6,0.1108,1,0
txn_000740,merch_0046,netbanking,654.06,13,14,580.17,0.3841,0,0
txn_000741,merch_0054,upi,8254.66,7,20,3273.69,0.1799,0,0
txn_000742,merch_0105,netbanking,2514.04,9,19,1731.82,0.013,0,1
txn_000743,merch_0189,upi,183.0,18,14,202.17,0.2359,0,1
txn_000744,merch_0157,upi,1183.82,10,216,2025.26,0.077,0,0
txn_000745,merch_0120,upi,2665.11,9,15,2779.04,0.0636,0,0
txn_000746,merch_0054,upi,4068.65,8,22,3772.0,0.0557,0,0
txn_000747,merch_0143,upi,2528.53,12,17,1223.53,0.0705,0,0
txn_000748,merch_0011,upi,1074.08,10,8,551.24,0.0833,0,0
txn_000749,merch_0144,upi,1902.71,13,25,1389.67,0.1087,0,0
txn_000750,merch_0143,upi,2768.96,0,21,1289.17,0.1451,0,0
txn_000751,merch_0139,card,45.91,17,33,222.05,0.1644,1,0
txn_000752,merch_0135,upi,8194.52,18,15,7448.4,0.2895,0,0
txn_000753,merch_0002,upi,3504.8,20,20,2688.51,0.3525,0,0
txn_000754,merch_0143,netbanking,1801.93,0,27,1234.93,0.0723,0,0
txn_000755,merch_0029,wallet,210.69,1,15,851.15,0.3445,0,0
txn_000756,merch_0022,netbanking,1737.73,13,16,1117.25,0.2746,0,0
txn_000757,merch_0091,upi,4731.03,17,27,3618.95,0.2162,0,0
txn_000758,merch_0114,netbanking,1048.66,11,25,763.16,0.1348,1,0
txn_000759,merch_0103,upi,434.48,20,27,386.0,0.3736,0,0
txn_000760,merch_0117,upi,540.79,8,27,242.1,0.0823,0,0
txn_000761,merch_0004,upi,970.3,18,23,743.86,0.0979,1,0
txn_000762,merch_0103,netbanking,375.66,17,29,473.2,0.3009,0,0
txn_000763,merch_0107,upi,986.7,10,39,1296.97,0.0867,1,0
txn_000764,merch_0064,upi,4192.11,19,148,2642.36,0.0852,0,0
txn_000765,merch_0120,upi,4330.95,20,18,2554.01,0.1391,0,0
txn_000766,merch_0029,netbanking,796.59,15,10,812.85,0.4553,0,0
txn_000767,merch_0148,card,1469.29,9,23,2185.98,0.0465,0,0
txn_000768,merch_0083,upi,970.78,20,19,673.54,0.0868,0,0
txn_000769,merch_0197,card,658.43,22,106,1368.67,0.0938,1,0
txn_000770,merch_0149,card,2633.9,15,29,1546.8,0.3071,0,0
txn_000771,merch_0199,card,215.12,10,29,255.2,0.1461,0,0
txn_000772,merch_0031,upi,3544.68,12,29,8725.48,0.2497,0,0
txn_000773,merch_0160,netbanking,118.55,7,142,379.38,0.193,0,1
txn_000774,merch_0015,upi,323.8,2,31,606.9,0.049,1,0
txn_000775,merch_0037,card,95.99,16,25,113.69,0.0764,0,0
txn_000776,merch_0141,upi,3807.88,23,32,4982.61,0.1366,1,0
txn_000777,merch_0035,upi,338.43,17,25,242.58,0.0197,0,0
txn_000778,merch_0150,upi,2192.9,7,25,1607.21,0.0798,0,0
txn_000779,merch_0113,card,19637.53,10,26,22261.95,0.3317,0,0
txn_000780,merch_0065,upi,13245.84,15,16,5833.61,0.043,0,0
txn_000781,merch_0104,netbanking,812.43,4,22,918.49,0.4795,0,0
txn_000782,merch_0084,upi,391.29,18,13,399.22,0.0788,1,0
txn_000783,merch_0001,card,358.24,16,36,996.21,0.1103,0,0
txn_000784,merch_0192,netbanking,1359.72,9,29,1358.71,0.0079,1,0
txn_000785,merch_0074,card,51.83,12,20,50.62,0.1342,0,0
txn_000786,merch_0066,netbanking,340.46,16,13,912.43,0.3894,0,0
txn_000787,merch_0179,card,21852.8,17,27,29465.6,0.0328,0,0
txn_000788,merch_0189,upi,210.69,14,16,170.45,0.336,0,0
txn_000789,merch_0150,netbanking,1057.7,20,15,1627.18,0.1562,0,0
txn_000790,merch_0153,upi,958.56,12,35,1457.24,0.2118,0,0
txn_000791,merch_0195,card,2457.41,14,41,1806.07,0.0118,0,0
txn_000792,merch_0054,netbanking,1299.87,15,23,3306.49,0.0608,0,0
txn_000793,merch_0005,upi,461.65,20,26,826.84,0.2223,0,0
txn_000794,merch_0162,upi,4840.62,1,27,4775.12,0.0164,0,0
txn_000795,merch_0149,card,2024.91,14,26,1735.3,0.0837,0,0
txn_000796,merch_0170,netbanking,436.7,8,20,402.15,0.1051,1,0
txn_000797,merch_0142,wallet,139.18,21,16,155.44,0.3676,1,0
txn_000798,merch_0085,card,511.67,2,32,556.88,0.1316,0,0
txn_000799,merch_0059,card,4643.81,13,24,3418.08,0.0701,0,0
txn_000800,merch_0100,wallet,297.53,14,8,204.36,0.1264,0,0
txn_000801,merch_0011,upi,645.28,8,96,534.14,0.8237,0,0
txn_000802,merch_0048,upi,1483.91,15,31,1861.02,0.088,0,0
txn_000803,merch_0041,card,1368.99,17,33,1283.86,0.2567,1,0
txn_000804,merch_0165,netbanking,1190.76,18,24,1959.87,0.0079,1,0
txn_000805,merch_0081,netbanking,1547.53,16,23,1700.75,0.0156,0,0
txn_000806,merch_0172,upi,841.0,2,21,1048.37,0.0127,0,0
txn_000807,merch_0034,upi,2821.46,22,16,3171.7,0.2488,1,0
txn_000808,merch_0157,upi,1441.61,16,20,1813.22,0.109,0,0
txn_000809,merch_0157,upi,2507.88,16,24,1998.05,0.1188,0,0
txn_000810,merch_0133,upi,2654.84,16,23,2082.01,0.0097,0,0
txn_000811,merch_0066,netbanking,792.49,22,11,1087.6,0.2524,0,0
txn_000812,merch_0079,upi,68.63,13,9,98.43,0.0935,0,0
txn_000813,merch_0006,netbanking,9973.32,14,34,7795.97,0.3464,0,0
txn_000814,merch_0179,upi,31219.13,8,43,26982.23,0.0552,0,0
txn_000815,merch_0013,card,95.64,15,21,97.95,0.0973,0,0
txn_000816,merch_0072,upi,1583.69,9,23,928.5,0.2363,1,0
txn_000817,merch_0142,upi,108.46,4,19,159.61,0.0918,1,0
txn_000818,merch_0148,upi,10.0,11,18,1979.66,0.1169,0,0
txn_000819,merch_0162,wallet,2662.37,12,13,4050.7,0.2326,0,0
txn_000820,merch_0065,netbanking,9579.1,1,93,5400.77,0.0915,0,0
txn_000821,merch_0090,card,1011.97,13,21,1199.54,0.213,1,0
txn_000822,merch_0129,upi,485.19,8,18,608.97,0.1469,0,0
txn_000823,merch_0162,wallet,4469.66,19,35,3820.1,0.0764,0,0
txn_000824,merch_0019,upi,298.93,0,26,226.04,0.3067,0,0
txn_000825,merch_0009,upi,2025.7,12,24,2022.27,0.0502,0,0
txn_000826,merch_0024,card,745.58,0,29,590.38,0.4574,1,0
txn_000827,merch_0193,wallet,222.48,0,18,231.66,0.1612,0,0
txn_000828,merch_0024,upi,747.9,15,24,615.43,0.0267,1,0
txn_000829,merch_0053,upi,2413.18,7,16,2256.44,0.2591,0,0
txn_000830,merch_0032,wallet,915.12,11,24,1021.33,0.4244,0,0
txn_000831,merch_0163,upi,466.99,22,12,466.59,0.4616,0,0
txn_000832,merch_0094,upi,462.28,18,20,760.09,0.0743,0,0
txn_000833,merch_0013,card,54.94,22,25,99.81,0.0783,0,0
txn_000834,merch_0064,netbanking,2873.72,19,28,3082.45,0.1544,0,0
txn_000835,merch_0109,card,503.54,8,30,1079.43,0.0085,0,0
txn_000836,merch_0079,wallet,124.78,14,14,86.88,0.258,0,0
txn_000837,merch_0053,card,2258.04,3,18,2600.71,0.121,0,0
txn_000838,merch_0124,upi,4059.24,14,22,2040.05,0.2474,0,0
txn_000839,merch_0179,wallet,24161.38,18,26,32201.63,0.0031,0,0
txn_000840,merch_0130,upi,168.59,20,18,178.46,0.8736,0,0
txn_000841,merch_0168,upi,322.52,17,30,819.88,0.2301,0,0
txn_000842,merch_0133,card,965.91,13,13,2101.87,0.0456,0,1
txn_000843,merch_0024,upi,73.99,4,17,600.59,0.155,1,0
txn_000844,merch_0140,upi,1933.47,12,15,1544.64,0.3221,0,0
txn_000845,merch_0116,upi,851.14,13,28,1164.84,0.2673,0,0
txn_000846,merch_0135,upi,10343.33,9,23,6983.03,0.1038,0,0
txn_000847,merch_0148,netbanking,10.0,3,24,2005.8,0.1104,0,0
txn_000848,merch_0195,card,3158.7,17,34,1950.13,0.1156,0,0
txn_000849,merch_0024,wallet,550.51,17,33,621.62,0.1581,1,0
txn_000850,merch_0078,upi,1357.26,16,15,1047.71,0.0803,0,0
txn_000851,merch_0067,upi,1505.73,17,16,3825.15,0.0861,0,0
txn_000852,merch_0172,upi,1170.68,19,24,1120.86,0.2201,0,0
txn_000853,merch_0187,upi,817.92,8,22,1060.2,0.1875,0,0
txn_000854,merch_0011,upi,192.06,8,6,637.17,0.2757,0,0
txn_000855,merch_0031,netbanking,3908.25,3,29,9140.25,0.9053,0,0
txn_000856,merch_0127,wallet,317.37,3,17,630.95,0.1998,0,0
txn_000857,merch_0095,wallet,218.57,12,29,196.56,0.0817,1,0
txn_000858,merch_0091,upi,2484.17,3,30,3086.8,0.0739,0,1
txn_000859,merch_0140,wallet,690.88,0,16,1625.64,0.0207,0,0
txn_000860,merch_0030,upi,638.89,13,31,535.35,0.254,1,0
txn_000861,merch_0077,upi,10.0,11,30,687.24,0.0746,0,0
txn_000862,merch_0019,netbanking,329.61,19,46,184.87,0.1517,0,0
txn_000863,merch_0145,card,4762.61,18,21,3195.56,0.0497,0,0
txn_000864,merch_0059,upi,2096.32,0,27,3468.44,0.0163,0,0
txn_000865,merch_0190,upi,987.89,17,25,626.27,0.2773,0,0
txn_000866,merch_0133,upi,2242.55,16,20,1927.83,0.1645,0,0
txn_000867,merch_0159,netbanking,2002.61,11,31,2556.21,0.1855,1,0
txn_000868,merch_0092,card,347.71,13,30,453.14,0.0998,0,0
txn_000869,merch_0042,wallet,1305.55,13,14,931.92,0.0176,0,0
txn_000870,merch_0129,upi,590.49,13,16,643.59,0.1209,0,0
txn_000871,merch_0059,upi,690.58,16,34,3494.5,0.0757,0,0
txn_000872,merch_0150,card,3153.83,17,22,1576.08,0.0308,0,0
txn_000873,merch_0030,card,657.26,11,35,606.56,0.0441,1,0
txn_000874,merch_0004,upi,811.35,9,32,942.89,0.1227,1,0
txn_000875,merch_0161,card,1631.4,13,17,2775.19,0.1861,0,0
txn_000876,merch_0009,netbanking,1926.94,4,25,1935.23,0.2708,0,0
txn_000877,merch_0088,wallet,994.24,22,12,537.39,0.2299,0,0
txn_000878,merch_0129,netbanking,657.28,13,16,656.74,0.1131,0,0
txn_000879,merch_0125,netbanking,17702.84,20,26,13276.83,0.0284,1,0
txn_000880,merch_0010,card,236.79,13,23,542.15,0.8053,1,0
txn_000881,merch_0177,netbanking,5290.46,8,17,6615.94,0.1895,0,0
txn_000882,merch_0158,upi,267.64,4,29,294.85,0.0678,0,0
txn_000883,merch_0055,upi,4701.62,17,33,3081.98,0.1412,0,0
txn_000884,merch_0082,upi,5397.76,14,36,5597.26,0.2401,1,0
txn_000885,merch_0136,card,573.96,17,20,479.22,0.0266,0,0
txn_000886,merch_0098,upi,542.81,14,21,1055.11,0.1493,0,0
txn_000887,merch_0148,wallet,2124.09,3,16,2082.11,0.1532,0,0
txn_000888,merch_0072,upi,1012.65,15,12,1156.45,0.3579,1,0
txn_000889,merch_0155,upi,131.04,13,25,430.44,0.1687,0,0
txn_000890,merch_0189,card,173.31,22,26,183.48,0.0171,0,0
txn_000891,merch_0114,upi,568.13,0,233,998.96,0.0488,1,1
txn_000892,merch_0006,upi,12615.21,11,37,7823.97,0.1975,0,0
txn_000893,merch_0079,upi,84.63,13,11,97.87,0.2865,0,0
txn_000894,merch_0143,card,1646.34,13,15,1478.67,0.1598,0,0
txn_000895,merch_0096,upi,543.45,23,33,1340.07,0.1653,1,0
txn_000896,merch_0003,netbanking,7492.6,1,24,6237.72,0.2197,0,0
txn_000897,merch_0003,netbanking,5640.35,16,23,7320.77,0.0303,0,0
txn_000898,merch_0102,upi,427.54,9,35,675.02,0.158,0,0
txn_000899,merch_0039,upi,3096.24,18,9,1233.07,0.1747,0,0
txn_000900,merch_0016,upi,270.24,13,17,305.08,0.372,0,0
txn_000901,merch_0100,netbanking,176.74,17,16,180.86,0.0848,0,1
txn_000902,merch_0102,upi,1074.67,4,29,709.56,0.0523,0,0
txn_000903,merch_0123,upi,115.59,10,27,180.96,0.223,1,0
txn_000904,merch_0051,netbanking,856.96,15,29,760.82,0.1446,0,0
txn_000905,merch_0051,card,901.06,20,28,748.86,0.0749,0,0
txn_000906,merch_0163,upi,464.01,17,138,385.88,0.1237,0,0
txn_000907,merch_0123,upi,467.92,14,13,205.15,0.1372,1,0
txn_000908,merch_0165,wallet,1126.22,12,32,1991.31,0.3031,1,0
txn_000909,merch_0177,netbanking,10601.82,12,27,7082.01,0.1634,0,0
txn_000910,merch_0062,card,369.98,17,15,255.07,0.869,0,0
txn_000911,merch_0115,card,2188.2,9,15,1679.65,0.9479,1,1
txn_000912,merch_0190,card,753.97,8,25,571.56,0.1043,0,0
txn_000913,merch_0061,wallet,1519.18,10,34,751.25,0.5657,1,0
txn_000914,merch_0006,wallet,6091.5,17,31,6374.23,0.1895,0,0
txn_000915,merch_0154,upi,1929.22,15,13,1594.31,0.084,0,1
txn_000916,merch_0091,netbanking,5606.18,16,21,3377.23,0.1084,0,0
txn_000917,merch_0013,upi,87.91,18,14,97.77,0.1407,0,0
txn_000918,merch_0198,upi,1836.63,15,25,1166.91,0.0111,1,1
txn_000919,merch_0085,card,595.15,7,23,602.06,0.0495,0,0
txn_000920,merch_0132,upi,123.95,0,28,332.93,0.1189,0,0
txn_000921,merch_0182,wallet,81.68,15,17,318.26,0.133,0,0
txn_000922,merch_0129,upi,579.23,11,19,593.22,0.0393,0,0
txn_000923,merch_0061,card,1216.07,23,39,831.37,0.022,1,0
txn_000924,merch_0148,wallet,10.0,14,21,1745.02,0.3833,0,0
txn_000925,merch_0078,wallet,1302.72,8,15,1346.24,0.1275,0,0
txn_000926,merch_0148,upi,2982.99,11,21,1908.1,0.2764,0,0
txn_000927,merch_0137,upi,406.19,3,20,681.0,0.009,0,0
txn_000928,merch_0057,card,531.03,7,19,809.94,0.0726,0,0
txn_000929,merch_0119,upi,3608.77,23,10,2356.13,0.2941,0,1
txn_000930,merch_0166,wallet,3754.67,14,10,2731.47,0.2645,0,0
txn_000931,merch_0132,wallet,543.65,17,28,300.53,0.1058,0,0
txn_000932,merch_0064,upi,1913.1,22,276,2856.49,0.1455,0,0
txn_000933,merch_0012,upi,844.59,18,25,1315.6,0.1846,1,0
txn_000934,merch_0180,upi,4425.41,14,19,2002.88,0.378,0,0
txn_000935,merch_0081,wallet,1000.63,0,224,1668.46,0.105,0,1
txn_000936,merch_0172,upi,1164.2,15,17,956.97,0.0413,0,0
txn_000937,merch_0159,upi,4194.84,12,21,2255.53,0.0843,1,0
txn_000938,merch_0163,upi,576.97,11,16,381.41,0.0649,0,0
txn_000939,merch_0187,card,1396.46,3,29,1006.12,0.064,0,0
txn_000940,merch_0138,upi,4897.1,16,22,2493.19,0.1715,1,0
txn_000941,merch_0190,upi,814.37,15,21,565.9,0.126,0,0
txn_000942,merch_0148,wallet,2874.11,20,145,1943.93,0.2558,0,0
txn_000943,merch_0051,wallet,549.71,21,29,686.65,0.3346,0,0
txn_000944,merch_0182,netbanking,480.51,18,21,321.0,0.0336,0,0
txn_000945,merch_0116,upi,1232.52,10,30,986.6,0.0883,0,0
txn_000946,merch_0025,upi,422.02,16,20,1315.54,0.3464,0,0
txn_000947,merch_0195,card,1963.73,7,34,1682.34,0.1577,0,0
txn_000948,merch_0033,upi,10.0,20,26,333.6,0.0185,0,0
txn_000949,merch_0051,wallet,984.93,10,27,686.82,0.8204,0,0
txn_000950,merch_0111,card,970.47,15,29,1075.48,0.211,0,0
txn_000951,merch_0081,upi,3406.57,15,24,1650.55,0.2579,0,0
txn_000952,merch_0179,wallet,35397.24,8,26,25527.73,0.1086,0,0
txn_000953,merch_0156,wallet,13403.98,18,37,9274.91,0.2298,0,0
txn_000954,merch_0165,upi,921.13,8,32,1745.91,0.2557,1,0
txn_000955,merch_0041,card,1773.56,20,28,1184.89,0.1236,1,0
txn_000956,merch_0020,upi,4733.76,20,20,5679.13,0.1247,0,0
txn_000957,merch_0041,upi,2026.5,14,24,1397.01,0.1071,1,0
txn_000958,merch_0140,upi,929.44,4,15,1498.39,0.4511,0,0
txn_000959,merch_0112,card,1219.3,9,27,1047.07,0.0988,0,1
txn_000960,merch_0104,wallet,457.5,14,20,999.58,0.0351,0,0
txn_000961,merch_0191,card,3277.1,4,32,3392.59,0.2115,0,0
txn_000962,merch_0016,upi,640.03,9,7,313.52,0.0584,0,0
txn_000963,merch_0119,card,3844.26,15,19,2701.89,0.0588,0,0
txn_000964,merch_0136,upi,423.3,19,11,467.17,0.0671,0,0
txn_000965,merch_0168,netbanking,10.0,20,20,881.3,0.2329,0,0
txn_000966,merch_0128,upi,840.44,12,18,1185.04,0.1556,1,0
txn_000967,merch_0129,upi,704.46,6,28,566.45,0.1046,0,0
txn_000968,merch_0059,upi,2975.4,12,23,3709.97,0.1625,0,0
txn_000969,merch_0047,netbanking,6986.43,9,10,3739.63,0.1872,0,0
txn_000970,merch_0028,upi,547.65,17,28,563.69,0.091,0,0
txn_000971,merch_0096,netbanking,2459.17,15,35,1390.7,0.8226,1,0
txn_000972,merch_0009,upi,2293.7,15,23,2211.43,0.0658,0,0
txn_000973,merch_0057,upi,658.45,6,18,821.41,0.0317,0,0
txn_000974,merch_0187,card,769.22,0,24,1126.83,0.2274,0,0
txn_000975,merch_0020,wallet,3787.09,8,34,6282.64,0.1397,0,0
txn_000976,merch_0027,wallet,2533.82,13,26,1752.44,0.2506,0,0
txn_000977,merch_0033,upi,245.27,10,20,288.68,0.0711,0,0
txn_000978,merch_0007,upi,3314.11,15,27,2465.51,0.0413,0,0
txn_000979,merch_0186,upi,1386.47,19,26,1745.28,0.1729,1,0
txn_000980,merch_0199,card,185.18,14,33,306.99,0.1011,0,0
txn_000981,merch_0176,card,1457.29,11,18,1127.74,0.0243,1,0
txn_000982,merch_0078,wallet,932.11,8,27,1178.86,0.863,0,0
txn_000983,merch_0144,wallet,1138.93,3,25,1661.51,0.1229,0,0
txn_000984,merch_0187,upi,380.57,4,27,888.44,0.2869,0,0
txn_000985,merch_0086,card,2689.47,16,15,3382.46,0.1036,1,0
txn_000986,merch_0087,wallet,1639.07,12,33,1768.93,0.0951,0,0
txn_000987,merch_0172,netbanking,906.51,14,21,887.23,0.0539,0,0
txn_000988,merch_0068,upi,2240.53,10,21,1499.84,0.016,0,0
txn_000989,merch_0159,upi,2530.06,10,33,2073.63,0.8203,1,1
txn_000990,merch_0171,upi,982.82,13,28,466.63,0.142,0,0
txn_000991,merch_0192,upi,1724.2,13,41,1499.62,0.128,1,0
txn_000992,merch_0086,upi,1177.84,7,23,2866.55,0.3789,1,0
txn_000993,merch_0100,upi,176.64,0,19,210.96,0.1006,0,0
txn_000994,merch_0007,card,2619.0,8,14,2592.03,0.0318,0,0
txn_000995,merch_0076,upi,917.11,19,29,1074.7,0.0943,0,0
txn_000996,merch_0199,upi,284.46,14,35,319.31,0.1977,0,0
txn_000997,merch_0086,upi,2506.63,12,28,2973.57,0.8764,1,0
txn_000998,merch_0042,netbanking,1133.04,3,23,1040.02,0.3072,0,0
txn_000999,merch_0128,netbanking,10.0,17,22,1377.35,0.2824,1,0
txn_001000,merch_0108,card,2188.33,19,30,1507.36,0.0248,0,0
txn_001001,merch_0178,upi,238.64,14,28,912.23,0.175,1,0
txn_001002,merch_0151,wallet,1501.04,12,22,1472.41,0.0748,0,0
txn_001003,merch_0151,upi,1214.63,13,28,1891.72,0.1188,0,0
txn_001004,merch_0016,upi,372.87,14,15,283.36,0.2086,0,0
txn_001005,merch_0132,upi,279.42,15,36,304.42,0.0499,0,1
txn_001006,merch_0147,upi,254.7,19,24,248.8,0.0223,0,0
txn_001007,merch_0020,upi,9197.95,12,25,6467.92,0.2018,0,0
txn_001008,merch_0057,wallet,1030.26,11,20,775.63,0.3536,0,0
txn_001009,merch_0158,card,266.17,8,19,235.85,0.1748,0,0
txn_001010,merch_0109,upi,1180.88,13,26,1148.64,0.0301,0,0
txn_001011,merch_0138,wallet,5956.88,8,22,2676.11,0.0559,1,0
txn_001012,merch_0179,upi,39708.77,19,27,31776.1,0.3138,0,0
txn_001013,merch_0142,upi,132.9,16,13,181.16,0.2105,1,0
txn_001014,merch_0134,card,535.48,21,10,339.9,0.1333,0,0
txn_001015,merch_0027,card,2011.24,22,24,1840.34,0.0103,0,0
txn_001016,merch_0050,upi,1047.24,9,13,1414.25,0.0944,0,0
txn_001017,merch_0185,upi,2320.13,18,14,2770.36,0.0669,1,0
txn_001018,merch_0004,card,356.71,20,27,824.11,0.098,1,0
txn_001019,merch_0004,card,96.54,17,38,733.1,0.0969,1,0
txn_001020,merch_0093,card,361.08,20,23,827.74,0.944,0,1
txn_001021,merch_0095,upi,198.79,9,26,199.55,0.0694,1,0
txn_001022,merch_0007,upi,2888.83,16,20,2480.47,0.1866,0,0
txn_001023,merch_0063,upi,43.15,9,24,263.58,0.3627,0,0
txn_001024,merch_0137,upi,114.24,12,26,706.18,0.0735,0,0
txn_001025,merch_0037,wallet,156.79,0,26,111.01,0.1119,0,0
txn_001026,merch_0110,card,113.73,19,18,113.86,0.1921,0,0
txn_001027,merch_0111,upi,1673.9,21,22,963.35,0.1289,0,0
txn_001028,merch_0080,netbanking,1425.64,12,18,777.33,0.1148,1,0
txn_001029,merch_0135,card,8870.57,14,21,7476.17,0.2764,0,0
txn_001030,merch_0103,upi,429.28,3,22,440.75,0.0942,0,0
txn_001031,merch_0152,netbanking,414.12,12,37,457.6,0.0245,0,0
txn_001032,merch_0072,netbanking,1329.04,13,19,1043.63,0.1774,1,0
txn_001033,merch_0193,card,226.13,9,23,243.53,0.243,0,0
txn_001034,merch_0177,upi,4615.04,12,24,5567.52,0.2187,0,0
txn_001035,merch_0194,card,10.0,13,13,1398.97,0.2508,0,1
txn_001036,merch_0048,netbanking,1604.7,12,23,1539.25,0.188,0,0
txn_001037,merch_0035,upi,344.41,14,31,250.36,0.0379,0,0
txn_001038,merch_0125,upi,23614.63,19,28,13240.55,0.0588,1,0
txn_001039,merch_0067,wallet,3764.22,10,25,3781.51,0.1042,0,0
txn_001040,merch_0077,upi,413.76,19,18,844.05,0.041,0,0
txn_001041,merch_0104,netbanking,1251.52,8,17,922.53,0.1699,0,0
txn_001042,merch_0168,card,811.75,16,25,840.64,0.019,0,0
txn_001043,merch_0121,upi,324.23,13,41,387.39,0.014,0,0
txn_001044,merch_0118,upi,2022.08,15,22,3927.93,0.2882,1,0
txn_001045,merch_0189,netbanking,387.93,17,20,155.04,0.1198,0,0
txn_001046,merch_0113,upi,25828.2,9,35,23314.28,0.1445,0,0
txn_001047,merch_0009,card,2890.92,4,21,2321.56,0.2657,0,0
txn_001048,merch_0148,card,1150.89,13,16,2078.98,0.158,0,0
txn_001049,merch_0163,card,427.33,13,18,372.38,0.5084,0,0
txn_001050,merch_0139,wallet,242.11,15,31,274.2,0.4327,1,0
txn_001051,merch_0090,card,1774.08,11,20,1128.71,0.0401,1,0
txn_001052,merch_0001,upi,1536.48,14,28,1029.56,0.2267,0,0
txn_001053,merch_0117,wallet,74.81,10,27,263.6,0.0408,0,0
txn_001054,merch_0012,card,647.15,18,34,1271.46,0.078,1,0
txn_001055,merch_0180,upi,3144.72,17,20,2544.3,0.1374,0,0
txn_001056,merch_0159,upi,1996.09,9,28,2455.02,0.1192,1,0
txn_001057,merch_0094,netbanking,1019.62,2,17,647.71,0.093,0,0
txn_001058,merch_0143,upi,1073.34,11,19,1349.3,0.038,0,0
txn_001059,merch_0031,card,3696.65,14,21,11297.75,0.1761,0,0
txn_001060,merch_0031,card,1068.47,19,32,9223.07,0.0111,0,0
txn_001061,merch_0123,upi,259.59,19,21,179.69,0.1393,1,0
txn_001062,merch_0010,card,788.5,14,35,682.58,0.2566,1,1
txn_001063,merch_0009,upi,3006.36,13,26,2179.67,0.0689,0,0
txn_001064,merch_0014,upi,152.43,2,22,153.75,0.25,0,0
txn_001065,merch_0016,card,10.0,0,8,307.05,0.1138,0,0
txn_001066,merch_0167,upi,12952.14,17,25,10876.51,0.1151,0,0
txn_001067,merch_0145,netbanking,1363.95,17,21,2417.6,0.2112,0,0
txn_001068,merch_0182,netbanking,18.14,1,15,334.91,0.1304,0,0
txn_001069,merch_0152,netbanking,130.95,16,24,439.99,0.1505,0,0
txn_001070,merch_0058,upi,10.0,16,20,1443.25,0.1469,1,0
txn_001071,merch_0077,upi,876.58,10,28,762.46,0.1718,0,0
txn_001072,merch_0123,card,119.87,14,32,218.91,0.2362,1,0
txn_001073,merch_0113,wallet,11299.33,8,30,19240.92,0.1153,0,0
txn_001074,merch_0021,netbanking,846.62,3,32,769.49,0.1117,0,0
txn_001075,merch_0157,netbanking,730.22,16,26,1829.3,0.0866,0,0
txn_001076,merch_0171,upi,593.39,14,17,450.45,0.0913,0,0
txn_001077,merch_0031,upi,17589.7,18,26,10876.02,0.0741,0,0
txn_001078,merch_0178,card,721.09,14,18,743.13,0.0465,1,0
txn_001079,merch_0173,upi,2483.98,11,24,1530.09,0.2549,0,0
txn_001080,merch_0112,upi,1685.78,18,28,1322.56,0.1321,0,0
txn_001081,merch_0119,wallet,2837.36,22,24,2796.67,0.2512,0,0
txn_001082,merch_0148,upi,3860.92,19,19,1882.25,0.1087,0,0
txn_001083,merch_0121,upi,293.42,15,27,328.51,0.0409,0,0
txn_001084,merch_0031,upi,60.05,8,21,8806.94,0.2238,0,0
txn_001085,merch_0118,wallet,1866.56,8,22,3992.78,0.3749,1,0
txn_001086,merch_0038,card,135.75,12,25,237.48,0.1849,0,0
txn_001087,merch_0011,card,821.8,8,7,602.97,0.0396,0,0
txn_001088,merch_0174,wallet,637.13,2,175,1741.71,0.274,1,0
txn_001089,merch_0017,upi,1258.1,14,22,1514.64,0.262,0,0
txn_001090,merch_0148,card,747.28,4,22,1836.22,0.0457,0,0
txn_001091,merch_0140,upi,1142.26,4,7,1301.01,0.0991,0,0
txn_001092,merch_0148,upi,3453.05,4,11,2044.4,0.1285,0,0
txn_001093,merch_0125,netbanking,17583.8,22,26,17186.15,0.2771,1,0
txn_001094,merch_0135,netbanking,5609.41,13,20,7889.79,0.0752,0,0
txn_001095,merch_0045,upi,743.06,9,92,418.37,0.0779,0,0
txn_001096,merch_0103,upi,423.32,7,32,450.72,0.0257,0,0
txn_001097,merch_0134,card,381.79,21,17,391.38,0.0776,0,0
txn_001098,merch_0150,upi,2403.25,18,23,1332.45,0.1676,0,0
txn_001099,merch_0085,upi,500.83,14,28,564.22,0.0363,0,0
txn_001100,merch_0149,upi,2062.9,13,26,1366.96,0.1396,0,0
txn_001101,merch_0088,upi,856.02,23,10,506.66,0.4054,0,1
txn_001102,merch_0021,netbanking,771.7,4,38,821.84,0.475,0,0
txn_001103,merch_0091,upi,1260.91,22,28,3489.7,0.1755,0,0
txn_001104,merch_0028,upi,535.91,9,17,458.61,0.0842,0,0
txn_001105,merch_0012,card,2332.71,21,204,1671.15,0.1976,1,0
txn_001106,merch_0001,netbanking,1295.24,4,29,925.16,0.1939,0,0
txn_001107,merch_0028,upi,874.47,7,32,579.44,0.0327,0,0
txn_001108,merch_0179,upi,21966.43,16,36,29848.35,0.0988,0,0
txn_001109,merch_0026,upi,384.33,18,31,285.42,0.2617,0,0
txn_001110,merch_0049,netbanking,72.76,17,25,124.4,0.353,1,0
txn_001111,merch_0094,card,767.8,16,27,764.59,0.1825,0,0
txn_001112,merch_0150,netbanking,2373.1,10,24,1392.19,0.9966,0,0
txn_001113,merch_0087,wallet,2080.24,7,17,1847.4,0.29,0,0
txn_001114,merch_0043,netbanking,805.01,2,40,658.5,0.0269,0,0
txn_001115,merch_0021,card,717.26,15,41,739.69,0.4167,0,0
txn_001116,merch_0170,card,183.15,0,16,402.76,0.2053,1,0
txn_001117,merch_0164,upi,3093.75,15,16,3598.02,0.0702,0,0
txn_001118,merch_0188,wallet,108.22,15,22,422.81,0.1465,0,0
txn_001119,merch_0096,upi,1279.87,21,327,1631.0,0.0119,1,1
txn_001120,merch_0183,upi,296.59,9,41,1972.57,0.1693,0,0
txn_001121,merch_0002,card,1210.33,11,23,2050.12,0.3381,0,0
txn_001122,merch_0190,upi,922.22,11,29,701.21,0.0511,0,0
txn_001123,merch_0117,card,370.56,13,30,270.6,0.2443,0,0
txn_001124,merch_0018,card,321.02,19,22,325.23,0.8091,0,0
txn_001125,merch_0022,upi,1214.77,15,25,1079.49,0.4993,0,0
txn_001126,merch_0156,netbanking,10960.18,18,17,10790.12,0.1453,0,0
txn_001127,merch_0029,upi,966.89,2,11,674.7,0.208,0,0
txn_001128,merch_0038,upi,268.83,9,28,247.47,0.0266,0,0
txn_001129,merch_0107,card,750.02,11,39,1470.15,0.1995,1,0
txn_001130,merch_0110,card,10.0,20,18,103.3,0.1915,0,0
txn_001131,merch_0024,netbanking,269.79,15,253,636.28,0.0572,1,1
txn_001132,merch_0127,upi,525.79,12,19,620.05,0.4056,0,0
txn_001133,merch_0110,card,150.62,4,23,120.79,0.1645,0,0
txn_001134,merch_0135,upi,7626.6,17,17,6637.47,0.055,0,0
txn_001135,merch_0105,wallet,2276.95,20,38,1864.15,0.088,0,0
txn_001136,merch_0185,upi,1277.48,17,20,2545.6,0.9156,1,1
txn_001137,merch_0143,card,1312.64,10,29,1384.59,0.0554,0,0
txn_001138,merch_0071,upi,7161.84,8,15,6755.94,0.0537,0,0
txn_001139,merch_0128,upi,678.03,19,10,1052.02,0.2846,1,0
txn_001140,merch_0107,card,870.39,13,35,1153.42,0.2702,1,0
txn_001141,merch_0004,netbanking,755.44,15,190,895.78,0.1341,1,0
txn_001142,merch_0002,card,2975.0,20,176,2705.12,0.011,0,0
txn_001143,merch_0192,wallet,764.46,20,30,1302.86,0.0371,1,0
txn_001144,merch_0131,card,1068.0,17,34,1206.51,0.0148,0,0
txn_001145,merch_0103,card,660.08,13,19,394.38,0.2322,0,0
txn_001146,merch_0063,upi,180.85,23,28,259.25,0.0971,0,0
txn_001147,merch_0105,netbanking,1787.64,23,30,1576.87,0.0573,0,0
txn_001148,merch_0097,upi,1433.38,8,40,1601.51,0.3909,0,0
txn_001149,merch_0009,wallet,1928.03,8,15,2113.15,0.1089,0,0
txn_001150,merch_0148,wallet,3793.1,1,10,1933.79,0.0723,0,0
txn_001151,merch_0127,wallet,615.32,14,19,583.09,0.0226,0,0
txn_001152,merch_0045,card,101.07,18,15,463.85,0.1128,0,0
txn_001153,merch_0154,card,2697.4,10,10,1514.06,0.204,0,0
txn_001154,merch_0065,netbanking,6261.6,12,22,5638.64,0.0309,0,0
txn_001155,merch_0168,upi,691.24,14,30,928.1,0.3215,0,0
txn_001156,merch_0111,card,1592.8,2,17,925.03,0.2364,0,0
txn_001157,merch_0012,upi,872.7,16,38,1652.57,0.1472,1,0
txn_001158,merch_0136,card,697.55,18,17,380.39,0.1094,0,0
txn_001159,merch_0163,upi,430.35,3,15,373.52,0.0314,0,0
txn_001160,merch_0085,upi,893.33,19,31,686.91,0.1687,0,0
txn_001161,merch_0089,upi,3938.35,20,24,2219.11,0.0301,0,0
txn_001162,merch_0057,upi,820.78,12,19,723.02,0.0311,0,0
txn_001163,merch_0053,card,2215.76,17,25,2219.44,0.5556,0,0
txn_001164,merch_0011,upi,238.3,1,10,589.32,0.2302,0,0
txn_001165,merch_0013,card,105.54,7,17,101.29,0.435,0,0
txn_001166,merch_0120,upi,1260.05,19,30,2460.15,0.1211,0,0
txn_001167,merch_0161,card,2510.69,10,28,2425.51,0.3391,0,0
txn_001168,merch_0180,card,6005.06,13,32,2324.55,0.0825,0,1
txn_001169,merch_0120,card,3015.02,10,24,2859.01,0.3671,0,0
txn_001170,merch_0019,netbanking,147.97,15,38,217.19,0.4059,0,0
txn_001171,merch_0074,upi,44.09,18,27,41.55,0.2529,0,0
txn_001172,merch_0143,netbanking,1042.62,9,18,1374.66,0.0567,0,0
txn_001173,merch_0069,upi,796.53,18,19,570.05,0.403,0,0
txn_001174,merch_0055,card,3178.03,17,38,3707.46,0.1923,0,0
txn_001175,merch_0100,card,382.11,14,9,202.73,0.0524,0,0
txn_001176,merch_0185,upi,2123.04,10,23,2299.32,0.1195,1,0
txn_001177,merch_0131,card,1042.43,15,39,1067.82,0.1695,0,0
txn_001178,merch_0110,card,71.42,7,18,108.92,0.3934,0,0
txn_001179,merch_0124,upi,1721.67,11,22,2295.78,0.1871,0,0
txn_001180,merch_0131,upi,169.16,15,46,1361.64,0.0663,0,0
txn_001181,merch_0019,upi,10.0,11,29,221.4,0.0316,0,0
txn_001182,merch_0137,wallet,910.77,18,17,725.96,0.0453,0,0
txn_001183,merch_0023,card,86.71,17,15,189.49,0.1746,0,0
txn_001184,merch_0153,upi,1720.36,3,27,1237.61,0.192,0,0
txn_001185,merch_0036,upi,1003.37,8,27,1200.91,0.8451,0,0
txn_001186,merch_0053,card,2954.12,11,21,2267.23,0.0205,0,0
txn_001187,merch_0102,netbanking,62.34,16,32,632.95,0.3478,0,0
txn_001188,merch_0148,upi,2675.97,21,23,1840.01,0.0117,0,0
txn_001189,merch_0037,upi,116.23,14,29,119.47,0.0859,0,0
txn_001190,merch_0173,wallet,1870.55,0,27,1759.03,0.0916,0,0
txn_001191,merch_0003,upi,10014.89,11,28,6722.45,0.2845,0,0
txn_001192,merch_0187,upi,1040.0,16,22,1112.75,0.188,0,0
txn_001193,merch_0056,wallet,53.3,13,34,361.82,0.8886,0,0
txn_001194,merch_0172,card,1145.33,13,17,966.53,0.3807,0,0
txn_001195,merch_0019,upi,232.23,13,35,188.99,0.0188,0,0
txn_001196,merch_0016,upi,287.18,10,8,373.6,0.0154,0,0
txn_001197,merch_0118,upi,2992.09,10,18,4841.65,0.2079,1,0
txn_001198,merch_0070,upi,1502.03,14,34,1705.25,0.036,0,0
txn_001199,merch_0003,wallet,10964.76,14,29,6664.73,0.0359,0,0
txn_001200,merch_0013,upi,73.38,16,20,126.89,0.198,0,0
txn_001201,merch_0002,card,834.44,17,29,2175.47,0.3082,0,0
txn_001202,merch_0079,wallet,42.48,12,10,98.19,0.2366,0,0
txn_001203,merch_0185,upi,2531.86,11,16,2747.36,0.2585,1,0
txn_001204,merch_0054,upi,7009.67,11,28,4010.02,0.138,0,0
txn_001205,merch_0131,card,2489.9,18,23,1217.2,0.0171,0,0
txn_001206,merch_0119,wallet,3731.92,10,191,3070.06,0.1084,0,1
txn_001207,merch_0023,netbanking,135.61,15,15,183.33,0.1309,0,0
txn_001208,merch_0161,upi,1372.19,10,27,2878.09,0.0462,0,0
txn_001209,merch_0157,card,2891.68,17,28,2116.79,0.3001,0,0
txn_001210,merch_0081,card,2887.56,15,32,1548.23,0.3014,0,0
txn_001211,merch_0146,wallet,181.71,18,6,276.23,0.187,0,0
txn_001212,merch_0158,upi,404.54,1,23,273.51,0.011,0,0
txn_001213,merch_0187,card,890.09,2,26,969.01,0.0679,0,0
txn_001214,merch_0059,netbanking,4319.01,16,22,3692.31,0.2819,0,0
txn_001215,merch_0146,upi,367.81,12,20,280.47,0.1656,0,0
txn_001216,merch_0048,card,736.2,0,29,1898.87,0.0554,0,0
txn_001217,merch_0062,upi,366.5,3,23,271.67,0.9988,0,0
txn_001218,merch_0109,upi,1556.22,7,37,1125.99,0.1792,0,0
txn_001219,merch_0149,upi,1262.19,16,17,1349.37,0.1424,0,0
txn_001220,merch_0151,wallet,1016.91,10,22,1416.27,0.2408,0,0
txn_001221,merch_0108,upi,1794.13,21,23,1539.31,0.1354,0,0
txn_001222,merch_0075,card,3140.02,9,31,2924.16,0.1589,0,0
txn_001223,merch_0029,card,634.73,20,13,765.61,0.1298,0,0
txn_001224,merch_0057,upi,755.9,20,16,696.32,0.3266,0,0
txn_001225,merch_0116,card,322.23,20,25,1082.65,0.1298,0,0
txn_001226,merch_0158,netbanking,302.87,15,24,224.5,0.0912,0,0
txn_001227,merch_0099,netbanking,1471.08,16,36,811.14,0.1342,1,0
txn_001228,merch_0191,card,1857.59,20,19,2942.28,0.9986,0,1
txn_001229,merch_0018,card,231.68,0,32,334.88,0.0876,0,0
txn_001230,merch_0175,upi,3123.89,17,30,2968.58,0.1299,0,0
txn_001231,merch_0172,wallet,1922.42,11,24,1056.78,0.3675,0,0
txn_001232,merch_0093,upi,1179.4,11,36,809.6,0.2341,0,0
txn_001233,merch_0182,netbanking,288.98,16,24,299.93,0.0934,0,0
txn_001234,merch_0112,upi,1193.42,13,26,1086.84,0.1022,0,0
txn_001235,merch_0182,wallet,486.44,2,20,276.96,0.1304,0,0
txn_001236,merch_0145,card,1904.84,18,27,2868.85,0.0079,0,0
txn_001237,merch_0062,netbanking,393.41,13,26,281.07,0.0681,0,0
txn_001238,merch_0115,upi,821.01,18,14,1488.57,0.0794,1,0
txn_001239,merch_0112,upi,1519.69,12,27,1186.95,0.1643,0,0
txn_001240,merch_0046,card,536.79,18,103,641.63,0.2068,0,1
txn_001241,merch_0056,netbanking,429.06,1,32,368.6,0.1205,0,0
txn_001242,merch_0117,upi,220.99,17,25,259.93,0.0436,0,0
txn_001243,merch_0044,wallet,256.44,15,22,197.6,0.0913,0,0
txn_001244,merch_0160,wallet,306.79,13,15,328.99,0.1997,0,0
txn_001245,merch_0144,upi,3432.55,16,21,1472.84,0.2678,0,0
txn_001246,merch_0197,netbanking,2374.63,7,17,1374.19,0.0544,1,0
txn_001247,merch_0003,card,3112.63,14,27,6187.52,0.061,0,0
txn_001248,merch_0147,card,247.56,14,26,249.6,0.1593,0,0
txn_001249,merch_0046,upi,866.44,19,90,600.37,0.0335,0,0
txn_001250,merch_0142,card,118.08,19,17,168.31,0.2652,1,0
txn_001251,merch_0197,card,2221.05,13,27,1238.56,0.9214,1,0
txn_001252,merch_0046,upi,981.6,12,19,659.0,0.0139,0,0
txn_001253,merch_0077,card,732.89,10,26,714.84,0.0606,0,0
txn_001254,merch_0123,card,316.73,1,16,219.11,0.1806,1,0
txn_001255,merch_0074,card,10.46,14,30,41.68,0.1851,0,0
txn_001256,merch_0102,upi,1250.34,10,27,684.89,0.276,0,0
txn_001257,merch_0136,netbanking,567.48,18,20,437.09,0.0028,0,0
txn_001258,merch_0089,card,1353.69,12,22,2111.39,0.1537,0,0
txn_001259,merch_0143,upi,1567.99,7,187,1220.06,0.0925,0,0
txn_001260,merch_0068,upi,335.35,12,25,1600.87,0.1657,0,0
txn_001261,merch_0060,card,377.18,12,35,543.36,0.0101,0,0
txn_001262,merch_0137,wallet,1035.68,13,23,819.84,0.3272,0,0
txn_001263,merch_0049,upi,131.45,0,26,151.39,0.0413,1,0
txn_001264,merch_0002,netbanking,2324.86,11,17,2230.92,0.0433,0,0
txn_001265,merch_0106,upi,10722.41,10,34,10491.75,0.3586,1,0
txn_001266,merch_0112,card,1152.5,14,19,1181.14,0.3377,0,0
txn_001267,merch_0093,wallet,1134.51,20,26,665.61,0.0455,0,0
txn_001268,merch_0117,netbanking,185.63,14,27,283.34,0.8332,0,0
txn_001269,merch_0197,upi,1630.84,15,25,1325.43,0.2007,1,0
txn_001270,merch_0080,card,397.13,11,22,846.02,0.1192,1,0
txn_001271,merch_0108,upi,1943.66,0,12,1295.96,0.148,0,0
txn_001272,merch_0050,upi,1427.43,20,16,1414.03,0.0898,0,0
txn_001273,merch_0146,netbanking,244.29,0,13,283.17,0.0423,0,0
txn_001274,merch_0169,netbanking,383.11,3,17,502.41,0.0437,0,0
txn_001275,merch_0034,upi,2659.49,10,161,2517.31,0.1646,1,1
txn_001276,merch_0045,wallet,231.15,21,20,467.9,0.2667,0,0
txn_001277,merch_0153,card,1669.11,8,30,1259.93,0.2058,0,0
txn_001278,merch_0068,upi,2064.0,18,19,1841.35,0.0831,0,0
txn_001279,merch_0092,card,106.7,9,27,408.4,0.9001,0,0
txn_001280,merch_0063,card,168.96,12,25,264.87,0.1054,0,0
txn_001281,merch_0164,card,3536.33,17,15,3609.08,0.0149,0,0
txn_001282,merch_0048,card,1284.57,16,31,1455.58,0.2613,0,0
txn_001283,merch_0148,card,1818.92,12,16,2109.59,0.2446,0,0
txn_001284,merch_0073,upi,11064.37,0,29,8119.33,0.1738,1,1
txn_001285,merch_0191,netbanking,1345.02,9,33,2694.42,0.1626,0,0
txn_001286,merch_0004,card,87.84,14,28,873.87,0.0825,1,0
txn_001287,merch_0099,upi,585.64,12,40,770.78,0.2885,1,0
txn_001288,merch_0069,netbanking,414.61,14,21,471.31,0.0313,0,0
txn_001289,merch_0089,wallet,1725.47,4,25,2057.14,0.1166,0,0
txn_001290,merch_0003,wallet,7584.26,13,166,7695.53,0.191,0,0
txn_001291,merch_0125,upi,8316.55,23,21,13965.05,0.0163,1,0
txn_001292,merch_0038,upi,69.59,14,32,255.75,0.3189,0,0
txn_001293,merch_0162,card,2744.72,14,27,3864.4,0.1297,0,0
txn_001294,merch_0128,upi,753.21,13,24,1399.14,0.5265,1,0
txn_001295,merch_0023,wallet,334.12,21,12,169.7,0.1892,0,0
txn_001296,merch_0056,upi,620.85,10,30,359.99,0.1382,0,0
txn_001297,merch_0099,upi,152.98,17,30,945.84,0.1875,1,0
txn_001298,merch_0069,upi,10.0,11,20,470.18,0.1695,0,0
txn_001299,merch_0040,upi,2579.1,15,34,2266.85,0.2524,0,0
txn_001300,merch_0181,netbanking,695.1,13,208,437.35,0.1543,0,0
txn_001301,merch_0173,card,2054.06,17,16,1856.5,0.0242,0,0
txn_001302,merch_0059,upi,3499.59,10,17,3794.9,0.1134,0,0
txn_001303,merch_0107,upi,1146.76,22,33,1530.52,0.0451,1,0
txn_001304,merch_0187,card,1543.39,14,35,934.22,0.0478,0,0
txn_001305,merch_0056,upi,425.84,20,25,418.05,0.0623,0,0
txn_001306,merch_0030,card,1030.69,14,39,571.43,0.0148,1,0
txn_001307,merch_0083,card,104.09,11,22,672.45,0.1826,0,0
txn_001308,merch_0151,card,1920.56,18,21,1860.44,0.2606,0,0
txn_001309,merch_0035,wallet,206.66,18,28,219.88,0.3135,0,0
txn_001310,merch_0157,wallet,2388.26,17,25,1842.93,0.0689,0,0
txn_001311,merch_0151,wallet,1815.08,20,20,1719.33,0.2959,0,0
txn_001312,merch_0107,upi,1581.8,22,30,1496.37,0.0518,1,0
txn_001313,merch_0105,upi,2688.39,19,41,1663.16,0.0397,0,0
txn_001314,merch_0157,upi,3452.23,9,21,1650.64,0.2521,0,0
txn_001315,merch_0085,wallet,1168.79,20,35,544.18,0.4205,0,0
txn_001316,merch_0134,wallet,365.95,14,20,355.68,0.2711,0,0
txn_001317,merch_0162,netbanking,3069.83,17,17,3824.37,0.0536,0,0
txn_001318,merch_0182,upi,116.16,13,22,261.71,0.24,0,0
txn_001319,merch_0013,wallet,127.89,15,8,107.14,0.1957,0,0
txn_001320,merch_0119,upi,4024.0,22,29,2823.48,0.0575,0,0
txn_001321,merch_0137,upi,387.49,18,28,792.16,0.9672,0,0
txn_001322,merch_0079,upi,146.59,16,16,101.97,0.251,0,0
txn_001323,merch_0143,upi,1288.4,15,21,1342.29,0.1102,0,0
txn_001324,merch_0181,card,192.98,4,18,335.47,0.1339,0,0
txn_001325,merch_0105,upi,993.39,14,30,1654.04,0.2425,0,0
txn_001326,merch_0069,card,243.96,3,12,531.43,0.183,0,0
txn_001327,merch_0043,card,396.61,10,35,752.52,0.2943,0,0
txn_001328,merch_0072,netbanking,1271.4,7,8,976.15,0.0014,1,0
txn_001329,merch_0044,card,273.09,3,21,170.91,0.1447,0,0
txn_001330,merch_0183,upi,3518.22,4,32,1673.25,0.1182,0,0
txn_001331,merch_0106,netbanking,7808.88,13,30,11573.53,0.0363,1,0
txn_001332,merch_0083,wallet,687.29,13,20,655.57,0.2461,0,0
txn_001333,merch_0081,upi,1098.22,17,34,1615.5,0.0536,0,0
txn_001334,merch_0106,card,10624.03,19,20,11181.86,0.1515,1,1
txn_001335,merch_0184,upi,366.76,14,25,729.23,0.2203,0,0
txn_001336,merch_0020,upi,3504.12,23,17,7108.77,0.2771,0,0
txn_001337,merch_0195,card,2476.57,16,41,1953.79,0.3018,0,0
txn_001338,merch_0177,netbanking,2099.43,3,24,5628.51,0.0436,0,0
txn_001339,merch_0160,upi,459.11,14,14,369.15,0.1721,0,0
txn_001340,merch_0006,netbanking,4751.77,2,37,7237.25,0.085,0,0
txn_001341,merch_0069,netbanking,10.0,11,18,533.12,0.017,0,0
txn_001342,merch_0126,wallet,10.0,23,36,331.54,0.1282,0,0
txn_001343,merch_0142,upi,291.12,21,23,139.2,0.3229,1,0
txn_001344,merch_0159,wallet,854.37,9,19,2657.13,0.2028,1,0
txn_001345,merch_0147,upi,217.22,11,19,196.91,0.0757,0,0
txn_001346,merch_0142,card,191.21,14,20,152.65,0.072,1,0
txn_001347,merch_0175,upi,1704.54,17,29,3390.43,0.1003,0,0
txn_001348,merch_0198,upi,810.44,17,27,1150.11,0.157,1,0
txn_001349,merch_0148,card,2551.31,20,15,2248.63,0.1079,0,0
txn_001350,merch_0169,upi,493.07,21,260,399.78,0.2005,0,0
txn_001351,merch_0153,upi,1141.37,8,25,1592.6,0.0372,0,0
txn_001352,merch_0119,upi,3078.22,6,35,2672.09,0.2428,0,0
txn_001353,merch_0127,card,535.92,19,13,557.47,0.24,0,0
txn_001354,merch_0141,upi,2246.22,10,22,6003.65,0.1529,1,0
txn_001355,merch_0056,netbanking,570.91,10,31,447.0,0.0882,0,0
txn_001356,merch_0164,upi,3843.29,20,19,3325.27,0.2263,0,0
txn_001357,merch_0057,upi,101.05,4,29,858.7,0.1511,0,0
txn_001358,merch_0020,upi,7695.7,20,17,5608.33,0.1213,0,0
txn_001359,merch_0081,card,1126.72,17,29,1444.06,0.438,0,0
txn_001360,merch_0068,upi,1498.65,11,31,1709.07,0.104,0,0
txn_001361,merch_0130,upi,171.39,13,11,184.39,0.093,0,0
txn_001362,merch_0086,wallet,2324.66,19,220,3014.08,0.1753,1,0
txn_001363,merch_0164,card,6604.12,11,17,3045.67,0.3525,0,0
txn_001364,merch_0048,upi,729.03,14,16,1827.98,0.2664,0,0
txn_001365,merch_0146,upi,254.46,1,13,284.82,0.204,0,0
txn_001366,merch_0114,netbanking,1068.56,14,25,921.34,0.1984,1,0
txn_001367,merch_0088,upi,594.16,11,11,663.53,0.0184,0,0
txn_001368,merch_0084,upi,370.72,13,16,457.12,0.0236,1,0
txn_001369,merch_0127,netbanking,482.45,12,11,514.44,0.1684,0,0
txn_001370,merch_0139,card,168.92,0,40,221.07,0.0622,1,0
txn_001371,merch_0188,card,216.05,3,24,433.75,0.1241,0,0
txn_001372,merch_0168,upi,1206.66,15,16,856.03,0.0177,0,0
txn_001373,merch_0160,upi,255.26,10,18,372.45,0.2748,0,0
txn_001374,merch_0177,card,12275.2,11,17,6685.49,0.9147,0,0
txn_001375,merch_0116,upi,1344.12,18,22,1053.52,0.1526,0,0
txn_001376,merch_0195,card,10.0,11,47,1971.57,0.2078,0,0
txn_001377,merch_0126,card,476.89,15,186,359.48,0.0772,0,1
txn_001378,merch_0070,upi,1664.03,16,27,1442.54,0.1784,0,0
txn_001379,merch_0085,wallet,195.91,21,30,637.38,0.1948,0,0
txn_001380,merch_0032,netbanking,1616.11,14,27,1093.3,0.0311,0,0
txn_001381,merch_0080,card,672.9,1,112,751.1,0.0221,1,1
txn_001382,merch_0151,upi,1343.92,15,21,1629.59,0.2255,0,0
txn_001383,merch_0060,upi,734.97,0,323,621.55,0.1221,0,0
txn_001384,merch_0060,card,976.19,7,23,611.24,0.1801,0,0
txn_001385,merch_0097,upi,1571.62,11,42,1470.54,0.0072,0,0
txn_001386,merch_0027,wallet,1752.29,15,20,1789.05,0.1653,0,0
txn_001387,merch_0185,upi,1568.68,18,21,2706.15,0.9435,1,1
txn_001388,merch_0042,card,1558.32,4,19,1011.1,0.1468,0,0
txn_001389,merch_0168,upi,858.31,18,29,880.99,0.9542,0,0
txn_001390,merch_0166,card,2724.7,11,101,3234.83,0.0888,0,1
txn_001391,merch_0085,upi,498.82,8,29,613.94,0.063,0,0
txn_001392,merch_0176,upi,1749.08,12,16,971.17,0.2008,1,0
txn_001393,merch_0016,upi,284.42,10,17,312.06,0.2069,0,0
txn_001394,merch_0097,wallet,2149.51,18,41,1276.76,0.0975,0,0
txn_001395,merch_0197,upi,967.87,12,19,1356.46,0.0053,1,0
txn_001396,merch_0197,wallet,1856.29,14,22,1506.74,0.1307,1,0
txn_001397,merch_0097,netbanking,1630.73,15,31,1647.26,0.0206,0,0
txn_001398,merch_0064,upi,1295.1,18,33,2895.44,0.0863,0,0
txn_001399,merch_0073,netbanking,6959.74,18,28,7617.15,0.1118,1,0
txn_001400,merch_0084,upi,10.0,1,19,445.79,0.0239,1,0
txn_001401,merch_0004,wallet,589.83,3,27,851.56,0.0267,1,0
txn_001402,merch_0001,card,224.03,10,22,1036.44,0.1351,0,0
txn_001403,merch_0021,upi,1723.94,13,31,791.67,0.0449,0,0
txn_001404,merch_0111,upi,446.63,10,30,1117.55,0.0996,0,0
txn_001405,merch_0056,upi,767.46,18,36,348.27,0.3903,0,0
txn_001406,merch_0065,wallet,6852.88,19,20,4977.14,0.2611,0,0
txn_001407,merch_0073,upi,5918.83,8,24,8112.4,0.0799,1,0
txn_001408,merch_0097,card,2008.8,13,36,1519.45,0.1699,0,0
txn_001409,merch_0143,upi,858.48,12,13,1473.07,0.1074,0,0
txn_001410,merch_0111,wallet,508.15,0,25,1179.98,0.1419,0,0
txn_001411,merch_0178,upi,826.28,18,29,902.21,0.2816,1,0
txn_001412,merch_0124,card,3123.5,13,38,1944.76,0.1599,0,0
txn_001413,merch_0166,card,4166.92,11,19,3118.97,0.1019,0,0
txn_001414,merch_0085,card,745.48,7,33,623.97,0.1879,0,0
txn_001415,merch_0075,upi,2148.29,19,23,3028.68,0.0677,0,0
txn_001416,merch_0087,upi,2320.17,11,31,1453.95,0.2265,0,0
txn_001417,merch_0167,upi,15928.52,11,33,11555.58,0.1119,0,0
txn_001418,merch_0037,netbanking,114.0,1,31,98.64,0.031,0,0
txn_001419,merch_0187,upi,1610.2,14,28,921.12,0.2481,0,0
txn_001420,merch_0058,card,3680.8,11,27,1733.4,0.1627,1,0
txn_001421,merch_0137,upi,600.94,10,25,681.48,0.0043,0,0
txn_001422,merch_0098,netbanking,662.67,13,27,1102.96,0.0831,0,0
txn_001423,merch_0191,wallet,2097.39,13,27,2896.85,0.2357,0,0
txn_001424,merch_0062,card,64.2,15,32,318.94,0.0667,0,0
txn_001425,merch_0048,upi,2023.41,8,31,1882.08,0.2756,0,0
txn_001426,merch_0191,upi,345.62,18,25,3363.07,0.2453,0,0
txn_001427,merch_0031,upi,16636.35,9,24,9811.5,0.0856,0,0
txn_001428,merch_0134,upi,273.54,11,18,327.03,0.1947,0,1
txn_001429,merch_0020,card,9828.69,3,22,6745.2,0.1471,0,0
txn_001430,merch_0019,card,10.0,13,31,225.78,0.3167,0,0
txn_001431,merch_0153,wallet,1191.74,10,226,1406.27,0.2641,0,0
txn_001432,merch_0126,upi,124.99,12,24,288.05,0.1436,0,0
txn_001433,merch_0067,card,6394.71,18,25,3244.36,0.1057,0,0
txn_001434,merch_0109,card,1653.2,13,24,967.61,0.0803,0,0
txn_001435,merch_0115,card,10.0,15,8,1574.42,0.1123,1,0
txn_001436,merch_0142,upi,237.3,20,19,149.33,0.0861,1,1
txn_001437,merch_0119,card,4393.72,20,22,2693.41,0.2142,0,0
txn_001438,merch_0078,card,1351.72,10,20,1392.8,0.1419,0,0
txn_001439,merch_0115,card,1971.49,9,19,1374.94,0.1229,1,0
txn_001440,merch_0091,wallet,4336.51,15,23,3825.78,0.1672,0,0
txn_001441,merch_0013,upi,145.38,15,10,108.92,0.4103,0,0
txn_001442,merch_0154,upi,745.01,11,26,1630.7,0.1386,0,0
txn_001443,merch_0124,card,3770.97,8,19,2529.99,0.3889,0,0
txn_001444,merch_0167,card,11624.99,7,28,10550.66,0.3252,0,0
txn_001445,merch_0057,upi,809.84,21,23,664.98,0.09,0,0
txn_001446,merch_0027,netbanking,2141.14,13,35,1890.64,0.023,0,0
txn_001447,merch_0025,wallet,538.53,8,22,1164.34,0.2428,0,0
txn_001448,merch_0112,wallet,606.33,14,25,1322.13,0.1924,0,0
txn_001449,merch_0190,upi,601.93,22,29,561.25,0.33,0,0
txn_001450,merch_0065,netbanking,9394.31,8,14,5127.43,0.1216,0,0
txn_001451,merch_0152,card,273.88,21,19,553.01,0.334,0,0
txn_001452,merch_0130,card,187.99,22,29,190.04,0.165,0,0
txn_001453,merch_0199,card,216.66,8,38,254.76,0.2401,0,0
txn_001454,merch_0043,netbanking,426.19,16,33,827.45,0.2632,0,0
txn_001455,merch_0096,card,1979.88,3,36,1370.36,0.1184,1,0
txn_001456,merch_0041,upi,1820.17,20,23,1208.75,0.2925,1,0
txn_001457,merch_0005,card,562.81,11,31,749.09,0.1057,0,0
txn_001458,merch_0166,card,4271.3,8,176,2537.87,0.0998,0,0
txn_001459,merch_0179,upi,34477.29,11,235,28554.43,0.1145,0,0
txn_001460,merch_0022,wallet,1093.79,19,23,1150.19,0.0309,0,0
txn_001461,merch_0088,card,693.95,11,13,596.34,0.4237,0,1
txn_001462,merch_0122,card,11016.55,11,20,6238.06,0.8911,1,0
txn_001463,merch_0177,upi,8395.16,14,17,6453.91,0.0656,0,0
txn_001464,merch_0170,card,240.89,9,19,352.06,0.2205,1,0
txn_001465,merch_0146,upi,246.61,8,111,217.43,0.0971,0,0
txn_001466,merch_0196,upi,397.02,16,35,406.13,0.0363,0,0
txn_001467,merch_0050,card,2012.32,16,21,1525.28,0.0334,0,0
txn_001468,merch_0010,upi,704.04,9,22,581.13,0.2733,1,0
txn_001469,merch_0011,card,1317.73,8,12,662.95,0.0806,0,0
txn_001470,merch_0073,upi,6623.02,15,27,7044.35,0.4402,1,0
txn_001471,merch_0007,upi,900.19,12,23,2510.16,0.186,0,0
txn_001472,merch_0151,upi,1792.9,14,19,1794.83,0.2667,0,0
txn_001473,merch_0040,wallet,2242.99,14,31,2904.72,0.1218,0,0
txn_001474,merch_0163,card,75.17,21,16,469.23,0.2343,0,1
txn_001475,merch_0084,card,250.19,13,23,411.64,0.0618,1,0
txn_001476,merch_0071,upi,5752.3,16,23,5978.86,0.2984,0,0
txn_001477,merch_0054,upi,5982.85,20,17,3798.51,0.3191,0,0
txn_001478,merch_0136,wallet,195.75,9,18,367.14,0.0719,0,0
txn_001479,merch_0046,upi,743.0,21,18,715.68,0.2192,0,0
txn_001480,merch_0142,upi,359.28,15,20,143.79,0.0154,1,0
txn_001481,merch_0175,card,2791.99,9,25,3336.67,0.0894,0,0
txn_001482,merch_0103,upi,382.37,14,36,475.28,0.2836,0,0
txn_001483,merch_0041,netbanking,1795.49,11,15,1458.32,0.115,1,0
txn_001484,merch_0059,card,4108.33,15,15,3097.91,0.0612,0,0
txn_001485,merch_0197,upi,2373.66,4,20,1341.88,0.4833,1,0
txn_001486,merch_0011,upi,566.22,19,12,599.69,0.1026,0,0
txn_001487,merch_0129,upi,754.85,17,23,656.92,0.0496,0,0
txn_001488,merch_0006,wallet,9997.7,10,35,6862.91,0.0694,0,0
txn_001489,merch_0079,card,87.61,8,21,99.5,0.0424,0,0
txn_001490,merch_0130,upi,159.25,15,20,174.35,0.0422,0,0
txn_001491,merch_0108,upi,1486.97,8,11,1285.54,0.0144,0,0
txn_001492,merch_0002,card,1282.5,12,24,2463.57,0.2423,0,0
txn_001493,merch_0026,card,221.31,14,27,262.69,0.0357,0,0
txn_001494,merch_0113,upi,30705.04,13,29,21260.49,0.1619,0,0
txn_001495,merch_0106,upi,14611.91,13,23,9358.3,0.1712,1,0
txn_001496,merch_0039,upi,1039.45,17,20,1320.45,0.304,0,0
txn_001497,merch_0160,card,337.45,4,25,348.84,0.2892,0,0
txn_001498,merch_0128,wallet,1953.1,22,12,1262.47,0.0707,1,0
txn_001499,merch_0007,upi,3229.55,18,21,2471.68,0.04,0,0
txn_001500,merch_0100,card,290.87,18,13,195.51,0.3228,0,0
txn_001501,merch_0159,upi,2847.56,7,36,2425.27,0.1826,1,0
txn_001502,merch_0123,upi,228.69,18,31,178.31,0.021,1,0
txn_001503,merch_0175,upi,2800.56,8,24,3047.25,0.934,0,0
txn_001504,merch_0106,netbanking,5861.62,23,21,9696.45,0.2322,1,0
txn_001505,merch_0100,card,278.72,21,11,225.94,0.1157,0,0
txn_001506,merch_0003,card,6189.8,21,25,6346.57,0.0458,0,0
txn_001507,merch_0197,upi,92.53,11,14,1432.48,0.0215,1,0
txn_001508,merch_0109,upi,791.58,17,22,1027.63,0.0727,0,1
txn_001509,merch_0018,upi,509.96,17,27,389.35,0.367,0,0
txn_001510,merch_0031,card,261.27,22,24,11345.02,0.1678,0,0
txn_001511,merch_0136,upi,266.92,19,17,473.12,0.3337,0,0
txn_001512,merch_0011,card,677.08,8,13,557.08,0.1197,0,0
txn_001513,merch_0138,upi,5095.48,20,23,3289.69,0.2363,1,0
txn_001514,merch_0045,upi,692.33,3,21,412.18,0.0569,0,0
txn_001515,merch_0118,card,6693.39,1,18,4083.58,0.1378,1,0
txn_001516,merch_0015,upi,602.44,11,26,562.38,0.307,1,0
txn_001517,merch_0128,upi,1081.5,1,21,1396.61,0.1039,1,0
txn_001518,merch_0062,upi,432.28,12,27,301.82,0.2267,0,0
txn_001519,merch_0108,card,947.81,16,15,1661.8,0.1449,0,0
txn_001520,merch_0118,card,2777.9,17,22,4894.31,0.019,1,0
txn_001521,merch_0020,upi,3422.85,16,28,6840.91,0.1178,0,0
txn_001522,merch_0157,card,3124.04,19,18,1925.92,0.0571,0,0
txn_001523,merch_0012,upi,830.11,10,31,1416.84,0.0599,1,0
txn_001524,merch_0161,upi,4475.52,12,19,2629.82,0.2916,0,0
txn_001525,merch_0003,upi,7242.12,17,21,6833.63,0.1069,0,0
txn_001526,merch_0155,wallet,708.37,13,22,402.25,0.0362,0,0
txn_001527,merch_0101,upi,226.43,23,21,607.99,0.1507,0,0
txn_001528,merch_0058,upi,1045.33,15,20,1562.57,0.0064,1,0
txn_001529,merch_0127,upi,644.16,12,15,614.74,0.1738,0,0
txn_001530,merch_0026,upi,215.41,12,25,265.32,0.3538,0,0
txn_001531,merch_0068,card,22.52,16,194,1560.25,0.2035,0,0
txn_001532,merch_0024,upi,164.65,12,23,619.02,0.1879,1,0
txn_001533,merch_0130,upi,59.9,15,17,193.26,0.1142,0,0
txn_001534,merch_0096,card,702.62,14,28,1693.51,0.0839,1,0
txn_001535,merch_0195,upi,2365.53,9,37,1545.8,0.1488,0,0
txn_001536,merch_0024,card,670.34,17,22,539.87,0.0474,1,0
txn_001537,merch_0147,card,244.09,12,20,231.79,0.0045,0,0
txn_001538,merch_0161,upi,6143.36,9,9,2562.85,0.109,0,1
txn_001539,merch_0153,card,2234.36,16,30,1508.49,0.0593,0,0
txn_001540,merch_0125,upi,20554.89,0,26,13989.23,0.054,1,1
txn_001541,merch_0132,card,85.45,19,27,310.43,0.0006,0,0
txn_001542,merch_0188,upi,410.09,18,37,421.59,0.1627,0,0
txn_001543,merch_0008,upi,711.93,9,27,678.02,0.1231,0,0
txn_001544,merch_0115,card,1294.68,16,17,1716.75,0.2995,1,0
txn_001545,merch_0177,netbanking,11076.83,8,25,6791.63,0.3644,0,0
txn_001546,merch_0133,wallet,1980.85,13,20,1725.11,0.2318,0,0
txn_001547,merch_0059,card,2188.52,14,181,4054.68,0.1473,0,1
txn_001548,merch_0171,upi,227.6,12,21,445.64,0.1001,0,0
txn_001549,merch_0120,upi,6299.01,11,12,2496.92,0.1104,0,0
txn_001550,merch_0138,upi,2258.01,13,28,3083.44,0.8249,1,1
txn_001551,merch_0193,card,10.0,15,26,243.73,0.1318,0,0
txn_001552,merch_0174,upi,1065.88,13,19,1495.45,0.1565,1,0
txn_001553,merch_0107,wallet,529.36,16,42,1423.85,0.0866,1,0
txn_001554,merch_0107,upi,1765.43,17,43,1217.48,0.0554,1,0
txn_001555,merch_0130,upi,10.0,12,19,196.14,0.051,0,0
txn_001556,merch_0075,upi,842.22,20,26,2979.59,0.1614,0,0
txn_001557,merch_0029,netbanking,774.44,11,10,794.7,0.0612,0,0
txn_001558,merch_0020,card,9193.33,15,26,6223.46,0.0263,0,0
txn_001559,merch_0155,card,450.03,6,23,480.13,0.1476,0,0
txn_001560,merch_0189,upi,52.62,11,29,186.83,0.0954,0,0
txn_001561,merch_0160,netbanking,375.71,18,17,324.71,0.8765,0,0
txn_001562,merch_0162,upi,3253.25,15,14,4354.11,0.0556,0,0
txn_001563,merch_0179,netbanking,44210.19,2,34,26583.74,0.367,0,0
txn_001564,merch_0033,card,433.88,12,126,333.34,0.0274,0,1
txn_001565,merch_0040,upi,2152.16,19,39,2849.65,0.0288,0,0
txn_001566,merch_0050,card,2080.14,22,93,1768.85,0.0697,0,0
txn_001567,merch_0174,card,1737.82,17,13,1621.49,0.2359,1,0
txn_001568,merch_0081,upi,2919.37,19,28,1440.99,0.2039,0,0
txn_001569,merch_0057,netbanking,1019.07,21,32,686.57,0.0867,0,0
txn_001570,merch_0074,upi,55.65,11,23,45.71,0.1256,0,0
txn_001571,merch_0184,upi,1262.04,19,27,771.81,0.3005,0,0
txn_001572,merch_0022,upi,1195.28,12,17,1200.51,0.1006,0,0
txn_001573,merch_0175,upi,2220.5,2,19,3312.45,0.0876,0,0
txn_001574,merch_0127,card,594.9,20,12,595.51,0.4257,0,0
txn_001575,merch_0149,upi,1373.47,14,29,1456.47,0.1555,0,0
txn_001576,merch_0016,card,419.29,0,11,315.26,0.1011,0,0
txn_001577,merch_0068,upi,1733.99,12,16,1465.01,0.2995,0,0
txn_001578,merch_0107,wallet,1533.72,14,35,1151.91,0.3073,1,0
txn_001579,merch_0138,card,1039.64,17,18,2845.53,0.1455,1,0
txn_001580,merch_0093,netbanking,943.12,19,26,790.72,0.1335,0,0
txn_001581,merch_0014,upi,83.37,9,23,153.37,0.1403,0,0
txn_001582,merch_0090,upi,1898.58,20,9,1206.79,0.2174,1,0
txn_001583,merch_0162,upi,6774.15,10,122,3981.74,0.4585,0,0
txn_001584,merch_0032,card,1222.3,17,26,1001.77,0.0318,0,0
txn_001585,merch_0124,netbanking,2618.91,9,34,2181.43,0.1649,0,0
txn_001586,merch_0015,upi,511.2,18,35,583.56,0.0019,1,0
txn_001587,merch_0161,upi,1821.99,18,21,2856.26,0.2136,0,0
txn_001588,merch_0065,netbanking,5546.05,11,15,6153.54,0.1067,0,0
txn_001589,merch_0167,upi,19627.69,8,43,9137.56,0.4973,0,0
txn_001590,merch_0155,card,515.93,9,139,534.05,0.0555,0,1
txn_001591,merch_0046,card,199.88,3,17,712.2,0.3101,0,0
txn_001592,merch_0166,netbanking,1302.56,9,26,2631.79,0.2259,0,0
txn_001593,merch_0197,upi,248.66,11,27,1140.03,0.2344,1,0
txn_001594,merch_0147,upi,180.07,19,152,232.79,0.902,0,1
txn_001595,merch_0123,card,349.45,11,25,217.48,0.094,1,0
txn_001596,merch_0000,wallet,1328.61,15,31,1975.57,0.2482,1,0
txn_001597,merch_0199,upi,400.37,15,245,259.72,0.1131,0,1
txn_001598,merch_0086,upi,3507.81,16,25,3426.8,0.3715,1,0
txn_001599,merch_0127,card,649.9,21,14,578.47,0.0376,0,0
txn_001600,merch_0190,wallet,791.73,18,35,574.04,0.2739,0,0
txn_001601,merch_0066,netbanking,1337.73,19,10,1096.22,0.0538,0,0
txn_001602,merch_0003,wallet,5650.81,13,31,7330.65,0.3636,0,0
txn_001603,merch_0185,upi,10.0,22,13,2261.49,0.1275,1,0
txn_001604,merch_0152,upi,380.17,22,35,479.45,0.1793,0,0
txn_001605,merch_0046,card,346.54,13,119,610.78,0.0346,0,1
txn_001606,merch_0037,netbanking,115.48,10,28,103.24,0.0503,0,0
txn_001607,merch_0142,upi,179.08,18,12,157.49,0.116,1,0
txn_001608,merch_0190,upi,552.15,9,28,646.37,0.0762,0,0
txn_001609,merch_0020,netbanking,10839.88,18,160,5940.81,0.4857,0,0
txn_001610,merch_0056,upi,309.68,17,22,396.94,0.2176,0,0
txn_001611,merch_0116,upi,79.58,13,28,925.51,0.1596,0,0
txn_001612,merch_0180,card,2475.36,18,30,2098.07,0.3193,0,0
txn_001613,merch_0045,card,735.86,19,14,405.15,0.0198,0,0
txn_001614,merch_0141,card,6156.49,11,28,4768.05,0.0781,1,0
txn_001615,merch_0144,upi,1178.24,0,23,1275.21,0.0721,0,0
txn_001616,merch_0038,card,254.12,0,22,191.89,0.1403,0,0
txn_001617,merch_0136,card,716.87,16,18,466.54,0.4255,0,0
txn_001618,merch_0098,card,674.69,19,17,1003.79,0.1006,0,0
txn_001619,merch_0076,card,1232.49,16,35,1224.68,0.9455,0,0
txn_001620,merch_0114,upi,1218.38,16,44,836.73,0.0916,1,0
txn_001621,merch_0133,upi,2158.91,9,12,1836.57,0.203,0,0
txn_001622,merch_0150,upi,1281.18,13,18,1639.85,0.0813,0,0
txn_001623,merch_0186,upi,1490.2,11,23,1927.05,0.0815,1,0
txn_001624,merch_0090,card,1034.49,20,22,1238.33,0.8927,1,1
txn_001625,merch_0097,netbanking,1835.73,11,263,1481.67,0.1155,0,0
txn_001626,merch_0119,card,3452.84,11,21,2516.14,0.3301,0,0
txn_001627,merch_0045,netbanking,944.18,11,15,487.7,0.0497,0,0
txn_001628,merch_0037,upi,49.69,19,26,90.23,0.0574,0,0
txn_001629,merch_0141,upi,10729.59,9,28,4918.53,0.1661,1,0
txn_001630,merch_0099,upi,744.95,19,29,867.67,0.1159,1,0
txn_001631,merch_0071,upi,6642.84,18,10,5972.08,0.0062,0,0
txn_001632,merch_0189,upi,263.73,19,22,152.73,0.0306,0,0
txn_001633,merch_0034,card,3966.74,14,29,2830.29,0.1715,1,0
txn_001634,merch_0146,wallet,368.97,17,11,230.0,0.0432,0,0
txn_001635,merch_0029,upi,1352.53,9,9,819.35,0.1642,0,0
txn_001636,merch_0077,upi,750.22,0,18,824.82,0.0153,0,0
txn_001637,merch_0083,netbanking,987.31,8,27,506.88,0.117,0,0
txn_001638,merch_0112,upi,946.96,4,27,1156.33,0.0096,0,0
txn_001639,merch_0024,netbanking,480.31,10,23,646.5,0.0939,1,0
txn_001640,merch_0167,card,9858.85,13,43,10080.97,0.2261,0,0
txn_001641,merch_0087,wallet,1363.69,4,29,1479.1,0.181,0,0
txn_001642,merch_0013,upi,112.8,3,17,111.1,0.2243,0,0
txn_001643,merch_0153,card,2048.08,15,39,1427.77,0.226,0,0
txn_001644,merch_0101,card,918.62,18,20,606.27,0.1432,0,0
txn_001645,merch_0149,card,1233.72,12,27,1437.78,0.3697,0,0
txn_001646,merch_0175,upi,2294.61,20,30,3124.78,0.0191,0,0
txn_001647,merch_0082,upi,4274.33,22,36,6117.36,0.9916,1,0
txn_001648,merch_0109,card,1037.3,19,22,1149.15,0.2236,0,0
txn_001649,merch_0178,card,237.74,6,29,747.9,0.2358,1,0
txn_001650,merch_0130,netbanking,82.04,13,20,173.03,0.1451,0,0
txn_001651,merch_0169,netbanking,366.9,16,22,387.02,0.0628,0,0
txn_001652,merch_0018,card,543.59,13,32,373.14,0.1472,0,0
txn_001653,merch_0027,upi,1623.38,16,22,1700.96,0.1941,0,0
txn_001654,merch_0172,card,1325.85,18,15,954.54,0.8569,0,0
txn_001655,merch_0070,card,1790.75,7,26,1656.29,0.1651,0,0
txn_001656,merch_0062,wallet,211.12,23,22,262.69,0.166,0,0
txn_001657,merch_0072,wallet,882.59,17,18,1151.41,0.0429,1,0
txn_001658,merch_0123,upi,69.88,19,26,229.74,0.0861,1,0
txn_001659,merch_0118,netbanking,8117.34,1,16,4759.19,0.0297,1,0
txn_001660,merch_0120,upi,4519.66,13,25,3092.56,0.3342,0,0
txn_001661,merch_0018,upi,468.81,11,34,374.2,0.0579,0,1
txn_001662,merch_0174,card,522.52,3,19,1452.2,0.1012,1,0
txn_001663,merch_0141,upi,3859.33,17,28,4745.57,0.2959,1,0
txn_001664,merch_0119,netbanking,1161.01,17,20,2962.88,0.0867,0,0
txn_001665,merch_0165,upi,1906.44,18,30,1553.15,0.0643,1,0
txn_001666,merch_0180,upi,1144.03,0,21,2101.09,0.2235,0,0
txn_001667,merch_0060,card,406.45,17,37,598.88,0.0243,0,0
txn_001668,merch_0163,card,209.23,9,15,372.08,0.2334,0,0
txn_001669,merch_0167,wallet,9598.29,10,28,10946.17,0.2961,0,0
txn_001670,merch_0029,card,802.88,23,12,824.73,0.0008,0,0
txn_001671,merch_0008,card,561.73,10,21,700.92,0.4066,0,0
txn_001672,merch_0063,upi,497.6,7,25,238.34,0.2501,0,0
txn_001673,merch_0160,upi,496.97,10,15,317.98,0.1372,0,0
txn_001674,merch_0119,upi,1465.15,14,32,2879.33,0.2607,0,0
txn_001675,merch_0051,card,824.97,14,31,632.19,0.0522,0,0
txn_001676,merch_0088,card,352.45,18,7,560.49,0.2123,0,0
txn_001677,merch_0141,upi,4035.02,16,29,5663.84,0.3237,1,0
txn_001678,merch_0052,netbanking,622.75,10,26,468.59,0.1417,1,0
txn_001679,merch_0186,card,2629.6,22,27,1729.72,0.14,1,0
txn_001680,merch_0077,upi,533.18,14,30,713.03,0.1256,0,0
txn_001681,merch_0040,upi,1615.21,11,29,2325.71,0.0631,0,0
txn_001682,merch_0195,netbanking,1821.59,7,33,1832.27,0.1938,0,0
txn_001683,merch_0067,card,4535.8,18,20,3158.23,0.0568,0,0
txn_001684,merch_0007,wallet,2070.19,20,19,2815.5,0.133,0,0
txn_001685,merch_0001,upi,1293.8,4,34,1054.4,0.2279,0,0
txn_001686,merch_0104,wallet,1150.0,18,22,1001.22,0.8357,0,0
txn_001687,merch_0124,upi,1372.99,10,31,1933.58,0.213,0,0
txn_001688,merch_0109,upi,1440.62,11,25,1067.45,0.0112,0,0
txn_001689,merch_0085,wallet,938.51,12,22,634.83,0.3271,0,0
txn_001690,merch_0168,upi,1512.5,12,25,767.5,0.1456,0,0
txn_001691,merch_0119,card,5410.77,20,28,2386.68,0.2393,0,0
txn_001692,merch_0126,upi,188.12,9,22,369.56,0.0921,0,0
txn_001693,merch_0182,card,444.62,16,21,308.3,0.3588,0,0
txn_001694,merch_0015,wallet,744.54,16,35,591.74,0.2577,1,0
txn_001695,merch_0061,upi,758.58,17,31,866.51,0.1984,1,0
txn_001696,merch_0112,card,1346.48,16,29,1080.64,0.1178,0,0
txn_001697,merch_0175,upi,1165.36,19,23,2746.3,0.3665,0,0
txn_001698,merch_0157,card,10.0,13,32,1956.66,0.1331,0,0
txn_001699,merch_0011,upi,10.0,16,7,577.17,0.3005,0,0
txn_001700,merch_0034,upi,3410.29,9,25,2853.17,0.055,1,0
txn_001701,merch_0010,upi,765.86,13,23,548.56,0.0141,1,0
txn_001702,merch_0063,upi,218.74,12,32,299.81,0.0123,0,0
txn_001703,merch_0049,wallet,233.88,18,22,136.83,0.3268,1,0
txn_001704,merch_0148,upi,3081.84,22,10,1833.67,0.2494,0,0
txn_001705,merch_0068,upi,621.99,16,23,1504.69,0.2118,0,0
txn_001706,merch_0047,upi,3527.27,13,18,3879.72,0.0568,0,0
txn_001707,merch_0019,upi,110.73,8,24,172.68,0.0737,0,0
txn_001708,merch_0100,netbanking,247.34,16,16,195.35,0.1317,0,0
txn_001709,merch_0194,wallet,1329.9,18,12,1530.13,0.2719,0,0
txn_001710,merch_0171,upi,248.75,14,26,451.97,0.2207,0,0
txn_001711,merch_0160,netbanking,667.4,19,14,384.41,0.1226,0,0
txn_001712,merch_0188,card,409.61,9,29,350.65,0.1626,0,0
txn_001713,merch_0136,upi,363.16,8,18,411.81,0.387,0,0
txn_001714,merch_0067,card,3144.23,14,28,3716.75,0.0508,0,0
txn_001715,merch_0034,card,4887.36,15,24,3137.06,0.0286,1,0
txn_001716,merch_0064,card,4452.84,8,32,2813.64,0.2914,0,0
txn_001717,merch_0007,wallet,2580.3,11,206,2604.71,0.0614,0,0
txn_001718,merch_0044,upi,85.99,9,25,175.13,0.2811,0,1
txn_001719,merch_0086,wallet,2272.04,14,35,3575.12,0.167,1,0
txn_001720,merch_0174,netbanking,1156.34,19,18,1474.29,0.0933,1,0
txn_001721,merch_0167,card,12968.98,14,30,9130.48,0.2247,0,0
txn_001722,merch_0075,card,4072.35,9,15,3178.71,0.0914,0,0
txn_001723,merch_0181,upi,277.04,10,23,352.23,0.0895,0,0
txn_001724,merch_0075,wallet,4138.53,16,31,3053.44,0.0309,0,0
txn_001725,merch_0173,card,1102.14,17,16,1418.29,0.129,0,0
txn_001726,merch_0046,upi,434.99,22,16,609.56,0.1009,0,0
txn_001727,merch_0014,upi,76.34,8,32,136.56,0.1901,0,0
txn_001728,merch_0104,card,333.64,7,23,1031.92,0.2513,0,0
txn_001729,merch_0146,upi,152.83,12,11,217.85,0.0455,0,0
txn_001730,merch_0025,upi,1238.3,14,35,1347.29,0.2147,0,0
txn_001731,merch_0051,card,281.37,1,26,787.16,0.1305,0,0
txn_001732,merch_0092,upi,883.82,17,21,440.66,0.1812,0,0
txn_001733,merch_0149,upi,1060.6,16,29,1437.26,0.8397,0,0
txn_001734,merch_0020,upi,6835.08,10,24,7229.74,0.0775,0,0
txn_001735,merch_0050,upi,2400.5,18,21,1612.86,0.2625,0,0
txn_001736,merch_0037,card,107.71,13,29,114.52,0.2686,0,0
txn_001737,merch_0019,card,166.28,16,32,219.19,0.3636,0,0
txn_001738,merch_0156,upi,10785.35,18,25,9752.88,0.144,0,0
txn_001739,merch_0178,upi,599.07,2,27,723.4,0.1301,1,0
txn_001740,merch_0131,card,600.94,11,29,1263.15,0.2471,0,0
txn_001741,merch_0054,upi,4963.66,12,20,3780.42,0.1098,0,0
txn_001742,merch_0198,upi,790.9,4,22,1172.62,0.1063,1,0
txn_001743,merch_0091,upi,5013.14,8,23,3555.11,0.2499,0,0
txn_001744,merch_0027,netbanking,2311.28,18,29,1476.36,0.0581,0,0
txn_001745,merch_0003,netbanking,7292.91,13,22,5807.49,0.0275,0,0
txn_001746,merch_0149,netbanking,2092.53,17,22,1478.82,0.1465,0,0
txn_001747,merch_0075,card,2126.27,10,28,2784.82,0.1542,0,0
txn_001748,merch_0172,card,1253.84,13,16,1065.32,0.1574,0,0
txn_001749,merch_0066,card,1443.31,18,138,953.24,0.3784,0,0
txn_001750,merch_0085,card,512.82,3,21,575.27,0.2425,0,0
txn_001751,merch_0193,upi,192.68,3,22,249.6,0.2829,0,0
txn_001752,merch_0161,card,3364.4,11,17,2897.53,0.3588,0,0
txn_001753,merch_0090,netbanking,2596.03,2,17,1170.5,0.1188,1,0
txn_001754,merch_0182,card,267.9,14,12,308.65,0.2509,0,0
txn_001755,merch_0104,upi,729.97,10,21,935.6,0.0071,0,0
txn_001756,merch_0000,upi,2752.21,18,25,1847.77,0.1204,1,0
txn_001757,merch_0071,card,7170.64,19,10,6393.57,0.0861,0,0
txn_001758,merch_0086,card,4343.19,15,31,3674.77,0.0808,1,0
txn_001759,merch_0165,netbanking,3034.33,20,20,1879.24,0.0413,1,0
txn_001760,merch_0005,upi,185.82,20,41,781.09,0.1029,0,0
txn_001761,merch_0152,netbanking,478.22,11,25,492.3,0.8742,0,0
txn_001762,merch_0144,card,1291.94,9,26,1591.17,0.06,0,0
txn_001763,merch_0060,wallet,314.68,19,33,528.7,0.5368,0,0
txn_001764,merch_0011,card,10.0,20,10,706.1,0.0528,0,0
txn_001765,merch_0005,card,292.07,15,26,881.98,0.3064,0,0
txn_001766,merch_0026,card,290.13,11,28,266.65,0.1303,0,0
txn_001767,merch_0135,netbanking,5716.2,18,14,7957.38,0.1482,0,0
txn_001768,merch_0123,wallet,111.75,18,20,176.76,0.3419,1,0
txn_001769,merch_0105,upi,1868.54,9,25,1916.68,0.0549,0,0
txn_001770,merch_0192,upi,918.11,14,28,1429.05,0.1366,1,0
txn_001771,merch_0184,wallet,1250.0,12,20,880.16,0.0684,0,0
txn_001772,merch_0092,card,301.69,3,28,468.21,0.1838,0,0
txn_001773,merch_0108,card,2407.58,9,30,1335.69,0.1319,0,0
txn_001774,merch_0098,card,1088.68,22,20,1024.2,0.0686,0,0
txn_001775,merch_0167,upi,7738.36,19,28,10561.84,0.9062,0,0
txn_001776,merch_0141,netbanking,3010.66,17,30,5924.99,0.2113,1,0
txn_001777,merch_0034,netbanking,4761.36,19,28,2561.54,0.0879,1,0
txn_001778,merch_0175,upi,3623.76,2,18,2608.13,0.1805,0,1
txn_001779,merch_0083,upi,370.69,12,20,527.45,0.1125,0,0
txn_001780,merch_0055,netbanking,3583.34,1,27,3485.64,0.0698,0,0
txn_001781,merch_0176,upi,10.0,3,25,1069.2,0.0062,1,0
txn_001782,merch_0140,wallet,831.93,7,15,1289.19,0.08,0,0
txn_001783,merch_0188,upi,231.61,8,23,351.94,0.1541,0,0
txn_001784,merch_0048,card,1175.18,18,34,1742.84,0.1032,0,0
txn_001785,merch_0045,wallet,741.34,10,18,457.1,0.1145,0,0
txn_001786,merch_0112,card,473.38,14,28,1310.65,0.1723,0,0
txn_001787,merch_0189,upi,35.64,21,18,172.94,0.03,0,0
txn_001788,merch_0135,card,8168.68,8,161,7373.04,0.1659,0,1
txn_001789,merch_0042,upi,1078.04,16,20,1039.25,0.1388,0,0
txn_001790,merch_0147,upi,183.37,10,18,255.46,0.1379,0,0
txn_001791,merch_0123,wallet,439.89,4,23,226.52,0.2075,1,0
txn_001792,merch_0096,netbanking,2076.64,16,24,1693.75,0.1467,1,0
txn_001793,merch_0089,card,2790.9,10,28,1977.21,0.1,0,0
txn_001794,merch_0038,upi,216.16,17,26,255.05,0.0712,0,0
txn_001795,merch_0084,upi,287.8,15,15,386.3,0.8625,1,0
txn_001796,merch_0176,upi,784.7,14,26,1167.78,0.0869,1,0
txn_001797,merch_0191,card,4631.37,15,29,2725.01,0.0387,0,0
txn_001798,merch_0061,netbanking,1141.57,12,38,905.51,0.0948,1,0
txn_001799,merch_0105,card,1577.94,8,31,1882.33,0.1084,0,0
txn_001800,merch_0106,netbanking,12393.28,12,26,9249.04,0.2207,1,0
txn_001801,merch_0053,upi,2970.57,17,27,2144.2,0.1324,0,0
txn_001802,merch_0125,upi,11420.79,16,26,15837.37,0.2794,1,0
txn_001803,merch_0008,upi,523.56,15,20,643.43,0.9735,0,0
txn_001804,merch_0087,upi,1850.34,4,23,1709.12,0.1024,0,0
txn_001805,merch_0036,upi,10.0,9,34,1250.25,0.0462,0,0
txn_001806,merch_0048,wallet,1945.41,15,32,1663.91,0.1206,0,0
txn_001807,merch_0040,upi,1596.13,23,23,3001.47,0.2201,0,0
txn_001808,merch_0016,wallet,471.81,22,14,369.53,0.1908,0,0
txn_001809,merch_0087,upi,2700.94,11,195,1444.82,0.4307,0,0
txn_001810,merch_0020,wallet,4589.76,9,31,7119.59,0.1527,0,0
txn_001811,merch_0050,card,817.93,10,14,1655.05,0.1585,0,0
txn_001812,merch_0058,wallet,1463.21,11,29,1755.75,0.3046,1,0
txn_001813,merch_0166,upi,2686.52,11,27,2632.68,0.1612,0,0
txn_001814,merch_0182,netbanking,404.26,14,18,325.01,0.2041,0,0
txn_001815,merch_0040,wallet,2881.59,20,32,2317.9,0.2398,0,0
txn_001816,merch_0038,upi,184.15,17,24,231.67,0.3288,0,0
txn_001817,merch_0140,upi,1482.23,10,10,1513.44,0.0542,0,0
txn_001818,merch_0191,upi,1169.39,17,29,3216.07,0.1429,0,0
txn_001819,merch_0010,wallet,889.11,17,15,545.59,0.2277,1,0
txn_001820,merch_0146,card,417.0,12,10,239.92,0.0875,0,0
txn_001821,merch_0138,card,1049.77,13,25,3124.33,0.1163,1,0
txn_001822,merch_0076,upi,444.59,19,22,1325.78,0.1848,0,0
txn_001823,merch_0126,upi,269.05,16,28,325.6,0.3653,0,0
txn_001824,merch_0045,netbanking,181.29,7,15,415.41,0.1231,0,0
txn_001825,merch_0044,upi,57.35,13,18,185.97,0.0198,0,0
txn_001826,merch_0000,card,1083.87,1,23,2080.06,0.1132,1,0
txn_001827,merch_0167,wallet,9806.56,12,46,12027.25,0.0487,0,0
txn_001828,merch_0107,upi,1166.87,18,31,1425.77,0.0883,1,0
txn_001829,merch_0018,card,430.65,16,24,404.55,0.1209,0,0
txn_001830,merch_0075,upi,2097.91,14,20,2732.83,0.4005,0,0
txn_001831,merch_0071,card,2898.27,14,20,7638.28,0.0687,0,0
txn_001832,merch_0199,upi,276.78,7,28,287.57,0.1493,0,0
txn_001833,merch_0188,netbanking,163.68,19,181,402.8,0.3125,0,1
txn_001834,merch_0108,upi,1804.69,9,29,1389.3,0.1795,0,0
txn_001835,merch_0011,card,19.97,2,13,571.4,0.0665,0,0
txn_001836,merch_0188,card,10.0,15,19,402.19,0.1142,0,0
txn_001837,merch_0160,upi,29.92,18,21,380.47,0.2739,0,0
txn_001838,merch_0044,netbanking,143.83,8,25,171.24,0.2281,0,0
txn_001839,merch_0089,upi,1851.66,9,17,1895.47,0.1871,0,0
txn_001840,merch_0102,card,779.67,1,26,824.54,0.3213,0,0
txn_001841,merch_0196,upi,305.17,15,21,325.77,0.275,0,0
txn_001842,merch_0007,card,1847.02,15,24,2742.24,0.365,0,0
txn_001843,merch_0152,upi,740.08,11,19,489.1,0.2693,0,0
txn_001844,merch_0090,upi,2042.11,3,20,1297.08,0.1386,1,0
txn_001845,merch_0173,upi,2247.57,10,17,1499.8,0.0896,0,0
txn_001846,merch_0086,netbanking,3665.32,10,27,3359.95,0.1488,1,0
txn_001847,merch_0157,upi,2360.16,0,26,1709.55,0.1136,0,0
txn_001848,merch_0174,wallet,906.99,2,14,1421.64,0.0839,1,0
txn_001849,merch_0176,wallet,1203.18,10,19,951.84,0.1613,1,0
txn_001850,merch_0174,upi,803.05,12,25,1507.12,0.1048,1,0
txn_001851,merch_0083,card,286.3,18,19,531.41,0.1368,0,0
txn_001852,merch_0081,upi,220.61,9,27,1479.7,0.3556,0,0
txn_001853,merch_0145,upi,3203.02,10,15,2671.39,0.1518,0,0
txn_001854,merch_0193,card,266.24,17,30,214.9,0.0039,0,0
txn_001855,merch_0067,card,3043.58,11,146,3836.77,0.2992,0,0
txn_001856,merch_0160,card,256.79,16,14,309.93,0.1176,0,0
txn_001857,merch_0126,upi,38.15,15,34,355.15,0.034,0,0
txn_001858,merch_0163,upi,466.61,3,20,451.36,0.1309,0,0
txn_001859,merch_0081,upi,1397.99,2,21,1805.2,0.0307,0,0
txn_001860,merch_0146,card,341.84,4,14,268.15,0.0908,0,0
txn_001861,merch_0155,card,497.6,12,21,485.41,0.0957,0,0
txn_001862,merch_0167,card,13865.31,2,42,10283.91,0.0749,0,0
txn_001863,merch_0083,upi,586.71,13,12,562.04,0.065,0,0
txn_001864,merch_0112,upi,1245.78,18,20,1203.21,0.359,0,0
txn_001865,merch_0075,upi,4333.59,4,18,2718.1,0.0968,0,0
txn_001866,merch_0121,upi,345.09,14,289,351.08,0.06,0,1
txn_001867,merch_0142,upi,201.83,18,106,142.86,0.0495,1,0
txn_001868,merch_0040,netbanking,2240.72,12,36,2883.78,0.1044,0,0
txn_001869,merch_0166,wallet,2815.17,15,18,3148.79,0.0188,0,0
txn_001870,merch_0001,card,1640.94,19,16,929.88,0.2496,0,0
txn_001871,merch_0190,card,852.4,1,26,616.63,0.0537,0,0
txn_001872,merch_0028,upi,425.39,16,25,564.85,0.1409,0,0
txn_001873,merch_0104,netbanking,1066.63,14,23,791.07,0.0229,0,0
txn_001874,merch_0193,upi,87.27,10,19,212.58,0.1946,0,0
txn_001875,merch_0050,wallet,1486.82,20,23,1714.89,0.2094,0,0
txn_001876,merch_0074,card,32.72,0,25,48.0,0.0965,0,0
txn_001877,merch_0009,upi,2523.71,12,18,2250.04,0.0274,0,0
txn_001878,merch_0141,wallet,4676.15,17,36,4915.54,0.1302,1,0
txn_001879,merch_0050,upi,1785.96,9,157,1427.8,0.1345,0,1
txn_001880,merch_0117,card,375.01,6,34,264.11,0.353,0,0
txn_001881,merch_0120,card,2134.61,22,24,2771.1,0.0188,0,0
txn_001882,merch_0038,upi,167.45,13,25,240.09,0.0165,0,0
txn_001883,merch_0027,upi,1693.86,3,23,1526.18,0.1115,0,0
txn_001884,merch_0002,card,1618.7,14,22,2704.9,0.0553,0,0
txn_001885,merch_0083,card,585.57,14,217,510.37,0.0983,0,0
txn_001886,merch_0197,upi,1349.72,9,176,1244.78,0.0328,1,0
txn_001887,merch_0154,wallet,1729.37,14,14,1653.76,0.0292,0,0
txn_001888,merch_0116,upi,1235.17,1,29,1120.52,0.0878,0,0
txn_001889,merch_0001,upi,212.72,15,32,947.66,0.0126,0,0
txn_001890,merch_0092,upi,119.21,15,30,411.48,0.2315,0,0
txn_001891,merch_0165,upi,822.36,16,36,1992.03,0.1055,1,0
txn_001892,merch_0130,upi,179.79,10,31,177.47,0.2028,0,0
txn_001893,merch_0143,wallet,1143.54,14,32,1474.89,0.1811,0,0
txn_001894,merch_0093,upi,10.0,21,23,714.85,0.3529,0,0
txn_001895,merch_0039,upi,2561.92,10,151,1281.93,0.2645,0,0
txn_001896,merch_0001,upi,40.33,17,24,990.31,0.4334,0,0
txn_001897,merch_0080,card,854.36,0,103,922.27,0.1524,1,0
txn_001898,merch_0168,netbanking,1006.44,17,27,893.51,0.2781,0,0
txn_001899,merch_0011,upi,364.83,10,12,667.97,0.1126,0,0
txn_001900,merch_0162,upi,5978.73,19,179,3927.16,0.0045,0,0
txn_001901,merch_0064,upi,1197.72,14,26,2664.78,0.2313,0,0
txn_001902,merch_0054,upi,4109.78,10,18,3779.44,0.1809,0,0
txn_001903,merch_0044,upi,10.0,13,13,186.42,0.3601,0,1
txn_001904,merch_0100,upi,332.97,19,11,199.96,0.2166,0,0
txn_001905,merch_0061,upi,877.92,16,43,963.46,0.1087,1,0
txn_001906,merch_0048,card,666.07,20,42,1470.16,0.332,0,0
txn_001907,merch_0126,upi,435.74,10,22,363.36,0.2621,0,0
txn_001908,merch_0152,wallet,775.49,16,19,415.43,0.1213,0,0
txn_001909,merch_0022,wallet,823.46,18,28,1126.08,0.2955,0,0
txn_001910,merch_0151,card,1533.6,9,22,1510.62,0.4652,0,0
txn_001911,merch_0037,upi,86.08,8,22,105.25,0.0517,0,0
txn_001912,merch_0027,upi,1150.63,10,21,1733.64,0.2551,0,0
txn_001913,merch_0020,upi,4135.16,4,20,6378.83,0.0899,0,0
txn_001914,merch_0181,card,289.58,14,26,367.22,0.1173,0,0
txn_001915,merch_0106,card,8223.67,4,32,10614.14,0.0499,1,0
txn_001916,merch_0145,netbanking,2450.49,2,25,2975.27,0.0555,0,0
txn_001917,merch_0163,wallet,314.19,17,22,396.55,0.0667,0,1
txn_001918,merch_0098,upi,1476.25,14,21,1245.27,0.1642,0,0
txn_001919,merch_0172,card,1217.56,11,23,870.3,0.0242,0,0
txn_001920,merch_0118,upi,1899.54,20,27,4953.15,0.1099,1,0
txn_001921,merch_0072,upi,820.39,11,13,1132.86,0.2715,1,0
txn_001922,merch_0180,upi,3913.96,15,24,2388.38,0.2805,0,0
txn_001923,merch_0121,upi,403.63,4,34,335.47,0.0193,0,0
txn_001924,merch_0029,netbanking,913.81,20,12,802.27,0.0349,0,0
txn_001925,merch_0187,upi,1124.34,14,25,1095.93,0.2085,0,0
txn_001926,merch_0107,card,1234.33,16,39,1252.27,0.2039,1,0
txn_001927,merch_0097,card,1474.17,13,41,1293.01,0.1193,0,0
txn_001928,merch_0031,card,8045.64,19,22,9950.82,0.0323,0,0
txn_001929,merch_0194,upi,1910.88,18,33,1270.74,0.0723,0,0
txn_001930,merch_0194,netbanking,1091.16,14,28,1263.34,0.0345,0,0
txn_001931,merch_0155,card,440.43,16,28,496.73,0.9403,0,0
txn_001932,merch_0171,upi,547.96,10,24,368.5,0.0862,0,0
txn_001933,merch_0078,upi,1096.02,19,25,1279.72,0.0241,0,0
txn_001934,merch_0040,card,2593.32,19,36,2310.07,0.1319,0,0
txn_001935,merch_0062,netbanking,230.61,10,27,327.35,0.0779,0,0
txn_001936,merch_0022,card,1153.93,20,21,1219.91,0.1435,0,0
txn_001937,merch_0103,netbanking,360.98,19,22,472.89,0.2255,0,0
txn_001938,merch_0074,card,39.1,2,29,52.51,0.2611,0,0
txn_001939,merch_0047,upi,2367.86,11,9,4331.9,0.0762,0,0
txn_001940,merch_0159,upi,2270.26,17,29,2136.11,0.1104,1,0
txn_001941,merch_0056,upi,545.06,13,19,424.13,0.2369,0,0
txn_001942,merch_0117,card,354.56,10,23,261.71,0.1938,0,0
txn_001943,merch_0099,netbanking,189.48,12,212,817.42,0.5205,1,0
txn_001944,merch_0123,upi,154.59,9,19,190.42,0.0919,1,0
txn_001945,merch_0160,card,217.33,16,14,303.7,0.2046,0,0
txn_001946,merch_0151,upi,708.16,13,22,1565.37,0.0192,0,0
txn_001947,merch_0166,upi,3204.9,14,15,2984.6,0.1972,0,0
txn_001948,merch_0033,upi,294.07,15,19,299.88,0.0169,0,0
txn_001949,merch_0183,upi,3815.8,17,34,2076.29,0.2155,0,0
txn_001950,merch_0155,upi,391.66,12,25,512.67,0.0287,0,0
txn_001951,merch_0164,upi,2141.42,14,18,3182.0,0.5042,0,0
txn_001952,merch_0006,upi,4011.34,13,25,6324.63,0.1817,0,0
txn_001953,merch_0195,upi,1327.81,19,29,1997.7,0.0912,0,0
txn_001954,merch_0164,card,4505.82,21,21,3884.39,0.0297,0,0
txn_001955,merch_0055,upi,4717.7,9,31,3116.5,0.0621,0,0
txn_001956,merch_0064,wallet,7869.79,13,28,2613.17,0.2029,0,1
txn_001957,merch_0192,upi,546.67,15,29,1609.73,0.2663,1,0
txn_001958,merch_0046,upi,658.58,11,22,580.31,0.0712,0,0
txn_001959,merch_0147,upi,143.7,12,35,206.09,0.3173,0,0
txn_001960,merch_0018,upi,426.88,3,20,325.67,0.0711,0,0
txn_001961,merch_0156,netbanking,14950.46,20,26,9635.26,0.0798,0,0
txn_001962,merch_0187,upi,1435.88,18,28,1107.66,0.0772,0,0
txn_001963,merch_0145,wallet,1610.52,12,21,2860.98,0.1837,0,0
txn_001964,merch_0162,wallet,6088.71,13,13,3865.11,0.1336,0,0
txn_001965,merch_0170,card,10.0,20,21,430.01,0.1986,1,0
txn_001966,merch_0125,card,10.0,10,27,15372.37,0.2605,1,0
txn_001967,merch_0138,card,2523.87,14,17,2838.16,0.069,1,0
txn_001968,merch_0048,upi,2035.5,21,33,1797.54,0.0159,0,0
txn_001969,merch_0112,card,1307.15,16,26,1200.17,0.4119,0,0
txn_001970,merch_0037,upi,172.28,15,27,116.81,0.1978,0,0
txn_001971,merch_0063,upi,277.88,13,21,276.85,0.1324,0,0
txn_001972,merch_0068,card,1620.93,9,25,1777.92,0.2666,0,0
txn_001973,merch_0135,card,9915.98,11,15,6701.06,0.1243,0,0
txn_001974,merch_0161,wallet,2201.03,8,23,3234.41,0.0957,0,0
txn_001975,merch_0175,upi,3330.41,8,161,3093.9,0.212,0,1
txn_001976,merch_0115,netbanking,1877.6,4,25,1547.3,0.0125,1,0
txn_001977,merch_0183,upi,1063.5,9,31,1749.7,0.1728,0,0
txn_001978,merch_0064,upi,3564.54,10,25,2955.98,0.1281,0,0
txn_001979,merch_0030,upi,1161.03,19,28,559.26,0.0668,1,0
txn_001980,merch_0131,upi,1860.45,1,27,1144.76,0.2251,0,0
txn_001981,merch_0112,upi,869.52,21,23,1024.85,0.1554,0,0
txn_001982,merch_0108,card,2913.45,19,26,1627.5,0.2153,0,0
txn_001983,merch_0177,netbanking,8214.31,10,22,6564.28,0.121,0,0
txn_001984,merch_0068,upi,1976.65,13,23,1786.21,0.4831,0,0
txn_001985,merch_0157,card,1830.39,21,21,1788.32,0.1632,0,0
txn_001986,merch_0119,netbanking,3783.27,8,20,2404.02,0.8531,0,0
txn_001987,merch_0087,card,1682.91,3,26,1603.62,0.0457,0,0
txn_001988,merch_0186,card,1955.54,15,25,1784.86,0.9528,1,1
txn_001989,merch_0066,upi,931.06,20,18,1090.64,0.0671,0,0
txn_001990,merch_0074,wallet,62.17,22,21,47.74,0.0473,0,0
txn_001991,merch_0044,card,273.0,1,17,165.47,0.0931,0,0
txn_001992,merch_0003,upi,6395.48,11,28,6198.67,0.9152,0,0
txn_001993,merch_0153,upi,434.16,13,30,1617.29,0.2245,0,0
txn_001994,merch_0154,netbanking,1585.69,19,18,1620.37,0.1029,0,0
txn_001995,merch_0173,upi,1217.45,16,27,1602.14,0.2076,0,0
txn_001996,merch_0106,wallet,8689.24,4,26,11243.61,0.0118,1,1
txn_001997,merch_0191,upi,2853.75,15,26,3348.59,0.0485,0,0
txn_001998,merch_0050,netbanking,989.43,12,17,1430.78,0.1127,0,0
txn_001999,merch_0049,upi,37.08,14,20,145.77,0.0457,1,0
txn_002000,merch_0005,card,926.34,0,31,938.94,0.2236,0,0
txn_002001,merch_0058,wallet,1657.09,22,21,1431.2,0.1673,1,0
txn_002002,merch_0124,upi,2202.94,8,19,2100.66,0.0909,0,0
txn_002003,merch_0142,card,205.33,23,21,143.46,0.9371,1,0
txn_002004,merch_0029,upi,494.62,7,14,756.52,0.2873,0,0
txn_002005,merch_0169,upi,499.63,15,30,406.59,0.1531,0,0
txn_002006,merch_0121,upi,529.2,15,39,353.04,0.1207,0,0
txn_002007,merch_0124,card,1888.15,19,12,2046.03,0.2214,0,0
txn_002008,merch_0036,upi,2948.35,13,22,1199.17,0.1287,0,0
txn_002009,merch_0169,upi,452.25,2,30,379.82,0.0412,0,0
txn_002010,merch_0123,upi,105.94,8,26,204.84,0.1773,1,0
txn_002011,merch_0100,card,296.48,13,10,201.47,0.0713,0,0
txn_002012,merch_0034,card,2807.38,16,22,2533.07,0.0971,1,0
txn_002013,merch_0086,upi,4570.15,11,38,3486.31,0.0172,1,0
txn_002014,merch_0133,upi,2299.0,19,13,1661.1,0.0575,0,0
txn_002015,merch_0195,wallet,1441.13,12,31,1734.27,0.1337,0,0
txn_002016,merch_0017,upi,2366.07,11,31,1548.68,0.0368,0,0
txn_002017,merch_0112,netbanking,994.79,1,37,1314.28,0.2185,0,0
txn_002018,merch_0028,netbanking,101.47,4,20,545.62,0.1555,0,0
txn_002019,merch_0076,netbanking,1648.28,9,38,1335.13,0.3187,0,0
txn_002020,merch_0058,upi,1960.09,18,24,1875.9,0.0793,1,0
txn_002021,merch_0174,netbanking,2519.32,15,13,1380.55,0.0377,1,0
txn_002022,merch_0125,netbanking,9295.73,20,26,13199.49,0.0007,1,0
txn_002023,merch_0144,card,1276.39,11,28,1621.31,0.0787,0,0
txn_002024,merch_0108,upi,1275.21,19,22,1552.74,0.1296,0,0
txn_002025,merch_0021,upi,1251.28,12,39,870.03,0.4319,0,0
txn_002026,merch_0067,upi,4973.31,14,206,3454.87,0.1829,0,0
txn_002027,merch_0068,card,1836.37,22,24,1490.64,0.0729,0,0
txn_002028,merch_0164,card,3867.21,3,22,3715.64,0.2768,0,0
txn_002029,merch_0048,upi,941.61,20,28,1677.83,0.9885,0,0
txn_002030,merch_0140,card,1792.27,15,24,1441.45,0.1094,0,0
txn_002031,merch_0161,upi,4125.62,15,26,3019.66,0.0343,0,0
txn_002032,merch_0108,card,2884.59,10,26,1712.74,0.04,0,0
txn_002033,merch_0085,wallet,737.64,11,27,643.86,0.4344,0,0
txn_002034,merch_0052,upi,666.26,13,31,550.18,0.0274,1,0
txn_002035,merch_0122,upi,7102.94,13,36,5724.1,0.1348,1,0
txn_002036,merch_0086,upi,2441.77,16,30,3682.31,0.0645,1,0
txn_002037,merch_0178,card,1241.23,18,24,852.69,0.1425,1,0
txn_002038,merch_0130,card,165.04,8,17,164.01,0.0749,0,0
txn_002039,merch_0041,wallet,1226.78,0,14,1350.62,0.5743,1,0
txn_002040,merch_0097,upi,1415.02,13,35,1366.14,0.2547,0,0
txn_002041,merch_0159,wallet,2357.28,11,27,2108.32,0.0968,1,0
txn_002042,merch_0108,upi,1198.5,10,16,1479.18,0.2094,0,0
txn_002043,merch_0050,card,1745.51,16,11,1857.32,0.2467,0,0
txn_002044,merch_0084,upi,392.92,2,26,461.83,0.0494,1,0
txn_002045,merch_0173,wallet,1541.56,17,23,1411.93,0.4269,0,0
txn_002046,merch_0126,card,413.28,1,33,381.16,0.3093,0,0
txn_002047,merch_0020,card,6559.46,21,26,6307.01,0.1721,0,0
txn_002048,merch_0043,netbanking,544.05,8,28,690.48,0.1366,0,0
txn_002049,merch_0138,upi,1724.32,8,13,3273.21,0.4848,1,0
txn_002050,merch_0102,upi,764.81,17,19,819.51,0.195,0,0
txn_002051,merch_0067,netbanking,2145.73,7,30,4036.96,0.0751,0,0
txn_002052,merch_0128,upi,631.56,23,13,1280.9,0.0725,1,0
txn_002053,merch_0091,upi,2212.61,18,24,3229.4,0.2751,0,0
txn_002054,merch_0190,card,725.6,9,36,591.87,0.0437,0,0
txn_002055,merch_0023,card,274.78,20,23,226.12,0.0961,0,0
txn_002056,merch_0124,upi,2667.66,9,20,2070.54,0.0663,0,0
txn_002057,merch_0140,upi,1846.29,16,10,1407.3,0.0717,0,0
txn_002058,merch_0110,upi,106.7,14,24,117.99,0.2087,0,0
txn_002059,merch_0097,upi,1589.8,13,57,1645.65,0.4101,0,0
txn_002060,merch_0138,wallet,5479.77,16,28,2833.53,0.0801,1,0
txn_002061,merch_0178,wallet,1092.07,23,15,773.25,0.0385,1,0
txn_002062,merch_0016,card,471.09,13,18,311.3,0.2502,0,0
txn_002063,merch_0098,upi,973.96,3,32,1066.43,0.1942,0,0
txn_002064,merch_0081,wallet,1678.58,14,30,1813.78,0.0403,0,0
txn_002065,merch_0103,card,491.0,0,24,363.72,0.1592,0,0
txn_002066,merch_0151,upi,1291.74,19,19,1811.59,0.097,0,0
txn_002067,merch_0018,wallet,10.0,16,24,337.29,0.0036,0,0
txn_002068,merch_0164,netbanking,4170.39,13,15,3130.53,0.0814,0,0
txn_002069,merch_0084,netbanking,641.71,15,11,368.35,0.2235,1,0
txn_002070,merch_0007,card,2813.47,11,15,2535.81,0.1737,0,0
txn_002071,merch_0027,upi,1279.78,16,19,1893.71,0.067,0,0
txn_002072,merch_0004,upi,722.14,18,23,837.43,0.1245,1,0
txn_002073,merch_0144,card,10.0,9,28,1394.14,0.2085,0,0
txn_002074,merch_0100,upi,163.07,11,14,181.74,0.237,0,0
txn_002075,merch_0163,upi,161.66,18,15,442.72,0.0456,0,0
txn_002076,merch_0117,netbanking,174.67,10,36,270.22,0.0981,0,0
txn_002077,merch_0146,netbanking,127.19,9,5,220.24,0.1793,0,0
txn_002078,merch_0063,card,63.3,22,22,251.24,0.2597,0,0
txn_002079,merch_0090,netbanking,536.31,13,186,1211.78,0.404,1,1
txn_002080,merch_0116,netbanking,1328.34,20,35,1005.8,0.1505,0,0
txn_002081,merch_0097,card,1178.44,13,25,1394.4,0.0869,0,0
txn_002082,merch_0010,upi,281.12,17,31,596.6,0.3123,1,0
txn_002083,merch_0053,upi,2821.95,22,21,2448.54,0.0714,0,0
txn_002084,merch_0172,upi,1041.54,16,19,1135.6,0.0849,0,0
txn_002085,merch_0046,upi,10.0,23,19,541.2,0.0501,0,0
txn_002086,merch_0139,upi,351.34,18,25,259.9,0.031,1,0
txn_002087,merch_0148,upi,2126.74,18,19,1788.58,0.2576,0,0
txn_002088,merch_0138,card,4108.12,17,29,2650.82,0.2032,1,0
txn_002089,merch_0004,wallet,755.91,11,26,839.03,0.0562,1,0
txn_002090,merch_0183,upi,3431.41,7,37,2129.14,0.1774,0,0
txn_002091,merch_0019,card,164.55,13,33,197.5,0.1759,0,0
txn_002092,merch_0168,card,10.0,11,24,909.91,0.0519,0,0
txn_002093,merch_0045,upi,257.69,10,14,492.21,0.2138,0,0
txn_002094,merch_0011,wallet,810.08,4,9,569.49,0.3067,0,0
txn_002095,merch_0069,card,549.79,12,24,533.9,0.8491,0,0
txn_002096,merch_0016,upi,306.18,15,19,307.53,0.1579,0,0
txn_002097,merch_0114,netbanking,358.51,7,33,940.24,0.0938,1,0
txn_002098,merch_0146,upi,250.47,15,10,228.47,0.0229,0,0
txn_002099,merch_0153,card,1439.5,14,31,1294.56,0.1352,0,0
txn_002100,merch_0047,upi,3845.96,2,14,4060.41,0.2589,0,0
txn_002101,merch_0107,netbanking,1594.42,3,39,1399.52,0.2637,1,0
txn_002102,merch_0051,upi,765.71,21,23,706.07,0.3693,0,0
txn_002103,merch_0095,card,170.02,4,23,174.79,0.0656,1,0
txn_002104,merch_0069,upi,227.5,14,21,461.05,0.3036,0,0
txn_002105,merch_0182,card,511.05,13,16,340.9,0.2308,0,0
txn_002106,merch_0101,netbanking,1442.77,16,33,668.46,0.3152,0,0
txn_002107,merch_0074,card,73.94,14,19,45.96,0.0781,0,0
txn_002108,merch_0160,card,475.36,21,13,373.12,0.0917,0,0
txn_002109,merch_0189,card,10.98,7,14,154.07,0.0195,0,0
txn_002110,merch_0150,wallet,30.96,10,15,1559.38,0.3185,0,0
txn_002111,merch_0142,card,109.95,13,168,142.48,0.2365,1,0
txn_002112,merch_0154,netbanking,1518.04,11,22,1430.75,0.1853,0,0
txn_002113,merch_0191,netbanking,2902.77,20,29,3192.84,0.2604,0,1
txn_002114,merch_0178,upi,866.94,17,21,745.48,0.1399,1,0
txn_002115,merch_0180,upi,552.44,14,26,2517.23,0.1058,0,0
txn_002116,merch_0081,upi,3136.96,20,29,1692.72,0.2374,0,0
txn_002117,merch_0091,netbanking,5927.48,17,194,3320.29,0.0717,0,1
txn_002118,merch_0178,upi,333.29,19,24,885.56,0.1144,1,0
txn_002119,merch_0174,card,91.65,12,19,1587.56,0.1996,1,0
txn_002120,merch_0003,netbanking,6565.04,17,27,6659.04,0.11,0,0
txn_002121,merch_0134,upi,533.36,7,20,358.75,0.2804,0,0
txn_002122,merch_0108,card,1474.24,12,20,1390.06,0.2315,0,0
txn_002123,merch_0162,upi,5043.79,16,22,3886.9,0.9839,0,0
txn_002124,merch_0047,upi,2948.11,23,17,3668.34,0.0128,0,0
txn_002125,merch_0072,netbanking,1107.19,16,21,976.21,0.0927,1,0
txn_002126,merch_0071,upi,10084.82,15,14,6601.8,0.1992,0,0
txn_002127,merch_0115,upi,1852.73,16,20,1560.19,0.0966,1,0
txn_002128,merch_0172,netbanking,1186.32,16,14,868.67,0.1646,0,0
txn_002129,merch_0080,upi,195.33,16,23,742.93,0.1018,1,0
txn_002130,merch_0080,wallet,1674.55,17,140,900.51,0.1514,1,1
txn_002131,merch_0112,wallet,570.28,12,18,1066.86,0.084,0,0
txn_002132,merch_0095,upi,201.39,15,32,180.24,0.1033,1,0
txn_002133,merch_0071,upi,6443.78,14,21,7229.36,0.9407,0,0
txn_002134,merch_0146,card,237.42,21,11,284.12,0.599,0,0
txn_002135,merch_0062,card,436.73,20,21,258.72,0.3112,0,0
txn_002136,merch_0037,upi,79.21,18,32,112.48,0.2183,0,0
txn_002137,merch_0066,card,762.72,17,11,1003.22,0.0592,0,0
txn_002138,merch_0186,upi,738.64,17,16,1699.22,0.3397,1,0
txn_002139,merch_0068,netbanking,2444.09,14,19,1524.43,0.1021,0,0
txn_002140,merch_0012,upi,1668.86,19,38,1551.53,0.1737,1,0
txn_002141,merch_0174,upi,2020.32,17,25,1702.48,0.2654,1,0
txn_002142,merch_0188,upi,575.91,14,31,338.86,0.0825,0,0
txn_002143,merch_0030,wallet,1105.35,15,187,488.4,0.1341,1,1
txn_002144,merch_0113,card,32769.53,12,24,20177.94,0.2121,0,0
txn_002145,merch_0021,netbanking,979.91,8,28,959.01,0.0024,0,0
txn_002146,merch_0092,upi,515.66,13,30,493.83,0.0571,0,0
txn_002147,merch_0170,upi,273.37,2,21,361.38,0.3468,1,0
txn_002148,merch_0066,upi,1423.98,14,8,915.83,0.0218,0,0
txn_002149,merch_0053,card,2788.53,17,30,2097.47,0.0909,0,0
txn_002150,merch_0137,card,551.67,18,26,644.4,0.3258,0,0
txn_002151,merch_0041,card,1795.5,20,17,1546.9,0.237,1,0
txn_002152,merch_0063,upi,416.64,18,16,298.77,0.1093,0,0
txn_002153,merch_0125,wallet,7690.79,17,20,12964.48,0.2257,1,0
txn_002154,merch_0020,upi,6850.28,12,33,5928.58,0.1035,0,0
txn_002155,merch_0193,wallet,237.8,16,17,210.56,0.2375,0,0
txn_002156,merch_0168,upi,815.1,19,24,768.33,0.0303,0,0
txn_002157,merch_0151,card,1080.36,4,25,1861.99,0.0158,0,0
txn_002158,merch_0034,upi,748.11,12,17,3273.46,0.0687,1,0
txn_002159,merch_0183,upi,1262.34,10,38,2065.17,0.1049,0,0
txn_002160,merch_0029,card,395.13,14,15,885.69,0.1121,0,0
txn_002161,merch_0056,upi,450.7,12,25,430.16,0.1743,0,0
txn_002162,merch_0046,upi,749.32,9,25,582.01,0.0873,0,0
txn_002163,merch_0162,netbanking,5173.29,13,24,4846.75,0.3139,0,0
txn_002164,merch_0018,card,137.58,13,20,369.72,0.3547,0,0
txn_002165,merch_0113,netbanking,13870.74,17,30,21101.08,0.1539,0,0
txn_002166,merch_0007,upi,2093.36,17,16,3029.4,0.057,0,0
txn_002167,merch_0025,card,1265.77,9,19,1265.67,0.0398,0,0
txn_002168,merch_0112,card,1055.33,3,30,1117.74,0.3826,0,0
txn_002169,merch_0070,upi,1855.53,12,28,1909.65,0.0804,0,0
txn_002170,merch_0029,card,1184.13,12,9,673.9,0.1404,0,0
txn_002171,merch_0134,upi,229.6,15,17,381.05,0.2541,0,0
txn_002172,merch_0066,upi,465.73,11,12,1091.98,0.0416,0,0
txn_002173,merch_0064,upi,3137.0,11,17,2516.03,0.0296,0,0
txn_002174,merch_0035,upi,246.6,21,20,233.21,0.0326,0,0
txn_002175,merch_0024,card,790.55,10,20,523.25,0.2608,1,0
txn_002176,merch_0036,card,1415.14,0,22,1573.55,0.0304,0,0
txn_002177,merch_0000,wallet,3115.65,14,27,2080.08,0.1385,1,0
txn_002178,merch_0142,card,16.35,13,21,145.81,0.2132,1,0
txn_002179,merch_0036,upi,2089.95,19,25,1582.22,0.1241,0,0
txn_002180,merch_0140,wallet,1531.94,11,10,1330.01,0.1892,0,0
txn_002181,merch_0135,netbanking,3555.77,16,18,7386.3,0.1183,0,0
txn_002182,merch_0132,upi,10.0,18,29,302.13,0.2586,0,0
txn_002183,merch_0187,card,442.4,13,24,883.56,0.3062,0,0
txn_002184,merch_0127,wallet,791.1,17,14,598.05,0.1071,0,0
txn_002185,merch_0126,card,511.17,0,20,316.8,0.0779,0,0
txn_002186,merch_0000,wallet,1907.15,12,25,1906.75,0.0675,1,0
txn_002187,merch_0163,upi,329.05,18,17,374.53,0.145,0,0
txn_002188,merch_0034,upi,1914.06,16,18,3211.22,0.3825,1,0
txn_002189,merch_0193,upi,222.72,17,160,220.86,0.0414,0,1
txn_002190,merch_0190,card,485.79,13,31,587.49,0.2907,0,0
txn_002191,merch_0103,netbanking,723.3,19,37,407.02,0.0318,0,0
txn_002192,merch_0022,wallet,701.02,3,20,1063.91,0.2067,0,0
txn_002193,merch_0008,upi,739.43,11,32,551.78,0.0328,0,0
txn_002194,merch_0033,upi,566.55,7,21,310.2,0.0813,0,0
txn_002195,merch_0173,netbanking,2119.65,14,27,1876.11,0.2422,0,0
txn_002196,merch_0127,card,337.04,11,17,606.14,0.0952,0,0
txn_002197,merch_0003,upi,2435.98,10,23,6159.5,0.1244,0,0
txn_002198,merch_0157,card,2235.71,10,20,1987.31,0.0279,0,0
txn_002199,merch_0101,netbanking,721.28,1,20,720.27,0.0489,0,0
txn_002200,merch_0074,netbanking,66.12,7,21,42.25,0.0334,0,0
txn_002201,merch_0098,card,1372.05,8,30,964.99,0.3245,0,0
txn_002202,merch_0071,upi,5331.79,16,25,7758.83,0.2144,0,0
txn_002203,merch_0002,wallet,1893.02,14,21,2203.18,0.0415,0,0
txn_002204,merch_0141,card,1202.27,14,20,5260.25,0.2253,1,0
txn_002205,merch_0187,upi,1069.54,15,19,917.06,0.0582,0,0
txn_002206,merch_0172,upi,544.37,8,23,864.06,0.2619,0,0
txn_002207,merch_0033,netbanking,442.0,16,19,309.42,0.1522,0,0
txn_002208,merch_0044,upi,245.4,10,15,182.38,0.0861,0,0
txn_002209,merch_0060,upi,792.25,13,34,659.0,0.238,0,0
txn_002210,merch_0082,card,3082.02,16,32,7153.3,0.1013,1,0
txn_002211,merch_0122,upi,5527.29,16,26,5269.08,0.2258,1,0
txn_002212,merch_0101,card,508.58,17,20,596.77,0.0837,0,0
txn_002213,merch_0015,upi,580.24,19,31,633.94,0.0675,1,0
txn_002214,merch_0065,card,6888.03,0,22,5445.61,0.1019,0,0
txn_002215,merch_0167,upi,8362.49,23,39,12130.75,0.231,0,0
txn_002216,merch_0144,upi,1071.25,12,28,1425.35,0.1587,0,0
txn_002217,merch_0118,upi,5395.54,4,12,4124.17,0.0659,1,1
txn_002218,merch_0161,wallet,951.27,4,21,2995.14,0.0603,0,0
txn_002219,merch_0123,netbanking,118.09,21,24,179.27,0.0554,1,0
txn_002220,merch_0143,upi,1373.24,15,25,1332.89,0.1144,0,0
txn_002221,merch_0101,netbanking,1016.48,22,26,638.24,0.032,0,0
txn_002222,merch_0187,card,520.52,21,27,864.79,0.2848,0,0
txn_002223,merch_0065,wallet,10002.12,15,14,5269.19,0.0418,0,0
txn_002224,merch_0193,upi,78.51,14,29,238.46,0.1035,0,0
txn_002225,merch_0012,card,2647.45,12,25,1271.68,0.1657,1,0
txn_002226,merch_0183,upi,3059.1,18,40,1674.94,0.0897,0,0
txn_002227,merch_0110,upi,48.68,18,18,112.96,0.8418,0,0
txn_002228,merch_0158,wallet,99.84,9,17,239.38,0.1611,0,0
txn_002229,merch_0033,card,414.04,20,18,295.49,0.366,0,0
txn_002230,merch_0038,upi,173.59,21,15,194.71,0.0229,0,0
txn_002231,merch_0194,upi,689.88,14,22,1188.31,0.1091,0,0
txn_002232,merch_0135,card,11548.2,12,22,6313.7,0.1126,0,0
txn_002233,merch_0119,card,815.34,3,118,2322.19,0.1633,0,0
txn_002234,merch_0125,upi,10330.59,19,15,16388.21,0.0854,1,0
txn_002235,merch_0054,wallet,2602.55,4,29,4239.39,0.0008,0,0
txn_002236,merch_0026,upi,10.0,19,29,277.39,0.1354,0,0
txn_002237,merch_0117,upi,282.19,13,24,295.38,0.1741,0,0
txn_002238,merch_0052,wallet,227.96,16,24,433.51,0.1136,1,0
txn_002239,merch_0038,upi,328.42,9,26,219.39,0.012,0,0
txn_002240,merch_0064,upi,4503.69,11,28,2596.05,0.4303,0,0
txn_002241,merch_0144,card,1705.69,14,33,1720.54,0.1298,0,0
txn_002242,merch_0157,netbanking,2201.51,1,22,1679.73,0.2734,0,0
txn_002243,merch_0180,upi,2531.49,10,27,2284.39,0.0444,0,0
txn_002244,merch_0012,wallet,932.36,14,152,1295.55,0.0812,1,0
txn_002245,merch_0020,netbanking,4799.58,0,25,5542.52,0.4169,0,0
txn_002246,merch_0146,upi,386.32,12,15,266.08,0.2532,0,0
txn_002247,merch_0052,card,695.43,14,16,425.41,0.061,1,0
txn_002248,merch_0018,upi,402.97,13,16,316.17,0.0409,0,0
txn_002249,merch_0056,upi,485.73,18,21,454.63,0.0131,0,0
txn_002250,merch_0024,netbanking,552.56,11,22,516.67,0.0646,1,0
txn_002251,merch_0030,wallet,585.88,12,22,587.74,0.1529,1,0
txn_002252,merch_0080,upi,1073.85,3,12,957.01,0.1781,1,0
txn_002253,merch_0182,upi,10.0,16,15,326.29,0.223,0,0
txn_002254,merch_0022,card,1546.93,13,23,1047.85,0.3105,0,0
txn_002255,merch_0031,upi,14419.46,1,40,9123.8,0.2943,0,0
txn_002256,merch_0189,upi,100.19,11,18,160.93,0.1417,0,0
txn_002257,merch_0073,upi,10167.81,19,28,7500.46,0.1488,1,0
txn_002258,merch_0009,card,38.15,13,31,1900.75,0.066,0,0
txn_002259,merch_0199,upi,308.55,19,29,238.99,0.2432,0,0
txn_002260,merch_0053,upi,2313.2,0,26,2256.34,0.3808,0,0
txn_002261,merch_0051,netbanking,563.35,16,25,709.3,0.0284,0,0
txn_002262,merch_0147,netbanking,227.15,12,35,222.18,0.0143,0,0
txn_002263,merch_0159,card,2887.27,10,224,2403.31,0.0227,1,1
txn_002264,merch_0113,upi,9455.7,1,33,20803.02,0.1861,0,0
txn_002265,merch_0013,card,150.67,20,20,102.63,0.2867,0,0
txn_002266,merch_0177,upi,5119.79,14,26,7132.6,0.1672,0,0
txn_002267,merch_0155,upi,689.34,2,26,512.54,0.0373,0,0
txn_002268,merch_0109,netbanking,1252.15,8,28,949.61,0.0886,0,0
txn_002269,merch_0052,upi,364.36,19,24,419.51,0.1571,1,0
txn_002270,merch_0151,upi,1613.51,14,21,1840.43,0.1526,0,0
txn_002271,merch_0078,upi,1216.23,8,18,1313.25,0.2099,0,0
txn_002272,merch_0021,upi,1550.09,15,44,731.3,0.1078,0,0
txn_002273,merch_0029,upi,291.81,20,13,818.66,0.085,0,0
txn_002274,merch_0190,wallet,497.66,11,236,632.62,0.1386,0,1
txn_002275,merch_0003,upi,2322.68,11,24,6063.83,0.3922,0,0
txn_002276,merch_0058,upi,1748.12,15,10,1741.94,0.1759,1,0
txn_002277,merch_0007,upi,2086.03,3,20,2635.08,0.1001,0,0
txn_002278,merch_0011,wallet,444.13,19,7,704.33,0.1817,0,0
txn_002279,merch_0118,card,6666.62,18,21,3728.99,0.0309,1,0
txn_002280,merch_0158,upi,180.47,3,21,296.99,0.1231,0,0
txn_002281,merch_0033,netbanking,284.74,10,19,270.1,0.2744,0,0
txn_002282,merch_0081,upi,1268.62,14,34,1449.1,0.0231,0,0
txn_002283,merch_0097,upi,1250.34,1,47,1536.88,0.0713,0,0
txn_002284,merch_0126,upi,782.27,10,25,345.15,0.249,0,0
txn_002285,merch_0074,upi,20.78,15,16,43.0,0.1114,0,0
txn_002286,merch_0104,upi,1151.84,20,14,1005.59,0.0953,0,0
txn_002287,merch_0048,card,3163.57,18,24,1806.37,0.1113,0,0
txn_002288,merch_0078,upi,1646.52,16,21,1144.43,0.1314,0,0
txn_002289,merch_0184,card,853.66,10,30,824.37,0.1265,0,0
txn_002290,merch_0092,upi,150.07,15,21,512.4,0.1336,0,0
txn_002291,merch_0153,upi,2320.92,18,30,1594.03,0.1031,0,0
txn_002292,merch_0017,upi,2071.69,13,17,1741.06,0.0682,0,0
txn_002293,merch_0095,wallet,71.99,15,20,176.2,0.0849,1,0
txn_002294,merch_0037,upi,93.01,18,29,112.73,0.1501,0,0
txn_002295,merch_0086,card,1821.97,14,18,3420.33,0.0599,1,0
txn_002296,merch_0087,upi,197.21,12,19,1639.82,0.1977,0,0
txn_002297,merch_0049,upi,59.58,13,27,150.59,0.0832,1,0
txn_002298,merch_0007,upi,2867.32,8,20,2835.31,0.116,0,0
txn_002299,merch_0168,upi,1012.14,17,26,907.28,0.1202,0,0
txn_002300,merch_0133,upi,1651.73,3,14,2082.42,0.1546,0,0
txn_002301,merch_0068,upi,2612.86,15,21,1461.52,0.0771,0,0
txn_002302,merch_0171,netbanking,602.34,3,26,383.19,0.3404,0,0
txn_002303,merch_0120,upi,2643.19,4,27,2926.21,0.3493,0,0
txn_002304,merch_0063,card,222.02,11,15,256.18,0.3687,0,0
txn_002305,merch_0156,upi,11579.63,8,24,11696.13,0.133,0,0
txn_002306,merch_0155,card,461.41,7,24,477.02,0.1181,0,0
txn_002307,merch_0138,card,695.31,0,27,3285.62,0.2434,1,0
txn_002308,merch_0120,upi,2384.9,20,15,2583.41,0.2896,0,0
txn_002309,merch_0064,upi,4036.15,14,33,3254.39,0.1377,0,0
txn_002310,merch_0106,netbanking,15697.55,14,23,10662.67,0.4366,1,0
txn_002311,merch_0146,netbanking,348.52,20,12,227.23,0.0963,0,0
txn_002312,merch_0136,upi,480.86,13,18,414.31,0.0885,0,0
txn_002313,merch_0154,upi,2644.47,16,6,1778.07,0.0841,0,0
txn_002314,merch_0161,wallet,3521.45,9,21,3208.75,0.3989,0,0
txn_002315,merch_0171,upi,395.63,18,31,352.92,0.1632,0,0
txn_002316,merch_0195,card,3095.19,19,20,1640.68,0.1119,0,0
txn_002317,merch_0099,upi,1118.6,17,37,926.71,0.0335,1,0
txn_002318,merch_0081,upi,2860.77,17,31,1447.26,0.1317,0,0
txn_002319,merch_0142,card,52.4,23,20,181.18,0.0708,1,0
txn_002320,merch_0050,card,1108.0,17,20,1563.56,0.3744,0,0
txn_002321,merch_0140,upi,1067.05,11,144,1274.3,0.0179,0,0
txn_002322,merch_0082,card,6925.19,19,37,6075.15,0.2064,1,0
txn_002323,merch_0176,netbanking,2242.43,17,19,1216.85,0.1817,1,0
txn_002324,merch_0197,card,471.25,3,20,1515.99,0.0131,1,0
txn_002325,merch_0111,upi,1418.22,10,21,945.59,0.4667,0,0
txn_002326,merch_0055,card,1024.02,2,233,3491.11,0.0784,0,1
txn_002327,merch_0178,card,1549.03,9,16,900.09,0.2908,1,0
txn_002328,merch_0164,netbanking,721.78,15,18,3902.23,0.0891,0,0
txn_002329,merch_0144,card,2161.63,20,33,1445.54,0.0343,0,0
txn_002330,merch_0185,upi,3864.97,13,13,2866.71,0.1363,1,0
txn_002331,merch_0156,card,12379.08,17,23,9337.95,0.9817,0,0
txn_002332,merch_0160,card,171.24,14,16,353.98,0.0806,0,0
txn_002333,merch_0059,upi,2377.16,15,28,3639.6,0.3236,0,0
txn_002334,merch_0119,upi,4715.9,14,27,2932.98,0.0844,0,0
txn_002335,merch_0182,upi,463.47,8,13,278.7,0.0399,0,0
txn_002336,merch_0137,card,1019.53,10,21,773.91,0.0134,0,0
txn_002337,merch_0174,upi,2420.71,17,21,1579.11,0.0913,1,0
txn_002338,merch_0022,card,582.77,13,16,1040.87,0.2694,0,0
txn_002339,merch_0148,wallet,416.92,11,21,1947.24,0.0545,0,0
txn_002340,merch_0012,netbanking,954.52,20,29,1337.41,0.1673,1,0
txn_002341,merch_0100,wallet,146.55,14,9,230.72,0.8881,0,0
txn_002342,merch_0160,wallet,227.39,18,21,390.6,0.0826,0,0
txn_002343,merch_0023,upi,216.16,13,15,183.67,0.0335,0,0
txn_002344,merch_0107,card,1854.6,3,35,1477.36,0.1051,1,0
txn_002345,merch_0010,upi,536.58,18,20,688.56,0.2059,1,0
txn_002346,merch_0016,netbanking,198.36,17,106,367.79,0.1456,0,1
txn_002347,merch_0195,upi,2485.6,12,35,1547.57,0.0363,0,0
txn_002348,merch_0174,wallet,1310.85,8,22,1605.33,0.0797,1,0
txn_002349,merch_0024,card,602.38,21,21,520.28,0.8415,1,1
txn_002350,merch_0093,netbanking,607.33,10,26,775.12,0.0963,0,0
txn_002351,merch_0020,upi,7232.67,7,27,7077.15,0.1823,0,0
txn_002352,merch_0083,upi,297.61,16,27,514.83,0.1786,0,0
txn_002353,merch_0139,netbanking,324.03,20,32,260.67,0.187,1,0
txn_002354,merch_0036,upi,1382.44,22,18,1424.9,0.3335,0,0
txn_002355,merch_0041,netbanking,870.77,18,20,1215.92,0.017,1,0
txn_002356,merch_0144,upi,1973.93,11,37,1380.02,0.0484,0,0
txn_002357,merch_0100,card,114.34,12,7,201.88,0.3832,0,0
txn_002358,merch_0047,upi,2339.48,18,15,4320.98,0.014,0,0
txn_002359,merch_0102,card,263.67,16,34,765.07,0.0844,0,0
txn_002360,merch_0027,card,459.07,17,31,1477.28,0.3592,0,0
txn_002361,merch_0040,upi,3165.54,20,36,2361.89,0.1701,0,0
txn_002362,merch_0098,upi,1674.37,17,27,1230.05,0.1177,0,0
txn_002363,merch_0046,upi,486.62,8,14,659.85,0.1118,0,0
txn_002364,merch_0145,card,2014.29,15,23,2397.12,0.1122,0,0
txn_002365,merch_0104,card,205.33,15,20,929.73,0.1916,0,0
txn_002366,merch_0123,netbanking,10.0,18,25,183.65,0.2381,1,0
txn_002367,merch_0198,card,1655.88,20,28,1324.12,0.0965,1,0
txn_002368,merch_0012,upi,10.0,18,24,1300.02,0.2581,1,0
txn_002369,merch_0140,upi,917.74,4,11,1257.95,0.0988,0,0
txn_002370,merch_0099,upi,942.1,1,35,863.52,0.0864,1,0
txn_002371,merch_0030,upi,558.49,13,36,579.48,0.0603,1,0
txn_002372,merch_0129,wallet,671.25,19,15,558.67,0.1219,0,0
txn_002373,merch_0015,netbanking,559.96,17,28,525.21,0.224,1,0
txn_002374,merch_0136,upi,372.43,15,11,410.01,0.0428,0,0
txn_002375,merch_0072,card,609.41,2,15,1134.26,0.1431,1,0
txn_002376,merch_0165,netbanking,1268.67,20,39,1671.13,0.0534,1,0
txn_002377,merch_0053,upi,2078.82,14,16,2002.46,0.1768,0,1
txn_002378,merch_0183,upi,219.28,15,35,1844.59,0.0192,0,0
txn_002379,merch_0099,upi,509.84,12,42,943.27,0.0525,1,0
txn_002380,merch_0108,card,1267.82,17,22,1464.44,0.0891,0,0
txn_002381,merch_0086,wallet,2451.18,2,23,3348.66,0.2755,1,0
txn_002382,merch_0172,card,888.66,2,23,1078.39,0.0866,0,0
txn_002383,merch_0161,upi,3926.43,20,21,2869.54,0.1905,0,0
txn_002384,merch_0136,upi,552.57,9,24,448.58,0.2559,0,0
txn_002385,merch_0007,netbanking,4374.18,15,17,3068.59,0.2669,0,0
txn_002386,merch_0006,netbanking,1622.25,11,34,7017.75,0.209,0,0
txn_002387,merch_0035,card,218.49,11,148,223.87,0.0695,0,1
txn_002388,merch_0017,card,2218.07,14,23,1404.41,0.0472,0,0
txn_002389,merch_0002,upi,829.69,18,24,2587.94,0.0653,0,0
txn_002390,merch_0027,netbanking,849.8,13,25,1801.3,0.0058,0,0
txn_002391,merch_0069,netbanking,334.83,20,122,515.74,0.0565,0,0
txn_002392,merch_0171,upi,789.98,14,24,465.15,0.358,0,0
txn_002393,merch_0148,card,1034.27,8,17,2129.57,0.2914,0,1
txn_002394,merch_0027,upi,2524.34,17,26,1487.73,0.1066,0,0
txn_002395,merch_0053,upi,2264.87,16,15,2263.26,0.1325,0,0
txn_002396,merch_0181,upi,210.32,12,23,358.52,0.2968,0,0
txn_002397,merch_0064,upi,7655.55,10,25,3013.25,0.3473,0,0
txn_002398,merch_0099,upi,906.22,14,30,750.03,0.201,1,0
txn_002399,merch_0020,upi,7325.0,18,28,6643.24,0.0582,0,0
txn_002400,merch_0012,card,1873.4,13,40,1634.69,0.1706,1,0
txn_002401,merch_0056,card,465.42,22,29,349.78,0.1593,0,0
txn_002402,merch_0048,upi,2992.63,18,38,1536.54,0.0365,0,0
txn_002403,merch_0117,upi,512.55,15,24,283.82,0.0618,0,0
txn_002404,merch_0053,card,1621.03,13,24,2429.52,0.3358,0,0
txn_002405,merch_0137,upi,1280.48,18,16,764.51,0.0537,0,0
txn_002406,merch_0052,upi,287.98,9,22,434.02,0.2088,1,0
txn_002407,merch_0043,netbanking,892.03,4,42,705.09,0.0117,0,0
txn_002408,merch_0046,netbanking,166.0,16,18,708.06,0.1558,0,0
txn_002409,merch_0052,netbanking,780.98,15,20,533.34,0.1716,1,0
txn_002410,merch_0073,card,6428.59,19,30,8137.28,0.1278,1,0
txn_002411,merch_0045,upi,197.85,19,15,449.68,0.1376,0,0
txn_002412,merch_0012,card,2371.77,10,32,1439.51,0.0822,1,0
txn_002413,merch_0164,upi,5969.4,15,13,3232.34,0.0542,0,0
txn_002414,merch_0101,upi,1241.23,12,26,666.85,0.1159,0,0
txn_002415,merch_0023,upi,100.94,12,18,218.04,0.0186,0,0
txn_002416,merch_0001,netbanking,1632.01,15,24,858.66,0.2608,0,0
txn_002417,merch_0080,upi,725.58,18,21,751.69,0.0347,1,0
txn_002418,merch_0099,wallet,1656.51,12,35,889.77,0.0451,1,0
txn_002419,merch_0141,netbanking,7206.82,15,35,5569.0,0.431,1,0
txn_002420,merch_0137,card,811.76,15,26,818.7,0.0627,0,0
txn_002421,merch_0162,netbanking,4425.17,21,168,4736.55,0.1225,0,1
txn_002422,merch_0152,card,482.48,8,17,473.17,0.0284,0,0
txn_002423,merch_0130,netbanking,103.02,11,21,153.02,0.2843,0,0
txn_002424,merch_0110,upi,64.12,19,16,116.73,0.0986,0,0
txn_002425,merch_0101,netbanking,519.08,13,23,737.12,0.1212,0,0
txn_002426,merch_0016,card,510.6,19,15,291.38,0.3396,0,0
txn_002427,merch_0011,wallet,118.21,10,8,630.62,0.0653,0,0
txn_002428,merch_0181,card,604.59,9,175,371.93,0.1951,0,0
txn_002429,merch_0115,card,1671.48,0,19,1583.95,0.3748,1,0
txn_002430,merch_0023,netbanking,248.41,10,19,170.51,0.2021,0,0
txn_002431,merch_0028,netbanking,699.55,14,23,509.94,0.159,0,0
txn_002432,merch_0170,card,558.14,9,22,375.34,0.0243,1,0
txn_002433,merch_0152,upi,488.9,11,206,434.12,0.3429,0,0
txn_002434,merch_0121,card,374.54,13,38,358.02,0.161,0,0
txn_002435,merch_0187,wallet,1451.87,11,31,907.2,0.3229,0,0
txn_002436,merch_0089,netbanking,1382.54,18,14,1857.08,0.1776,0,0
txn_002437,merch_0064,netbanking,881.82,10,30,3324.08,0.166,0,0
txn_002438,merch_0083,upi,455.34,12,19,606.78,0.2957,0,0
txn_002439,merch_0118,card,4776.65,0,20,4178.26,0.0713,1,0
txn_002440,merch_0155,card,889.06,2,32,468.31,0.1684,0,0
txn_002441,merch_0015,netbanking,568.65,12,25,538.91,0.2228,1,0
txn_002442,merch_0174,upi,3072.29,18,14,1575.18,0.2852,1,0
txn_002443,merch_0103,netbanking,510.55,16,30,356.0,0.0456,0,0
txn_002444,merch_0091,card,2777.17,10,15,3228.91,0.2767,0,0
txn_002445,merch_0185,upi,4253.24,12,16,2962.14,0.0638,1,0
txn_002446,merch_0026,upi,241.66,12,29,243.51,0.0668,0,0
txn_002447,merch_0180,upi,2642.93,15,28,2029.93,0.2409,0,0
txn_002448,merch_0169,card,219.69,22,31,442.95,0.133,0,0
txn_002449,merch_0186,upi,360.86,3,22,1813.62,0.2198,1,0
txn_002450,merch_0174,upi,1955.82,12,14,1543.97,0.1121,1,0
txn_002451,merch_0161,netbanking,4646.14,12,18,3209.8,0.2288,0,0
txn_002452,merch_0164,upi,6850.91,23,17,3093.63,0.8534,0,0
txn_002453,merch_0133,upi,1224.83,19,16,1901.01,0.0087,0,0
txn_002454,merch_0134,card,560.45,15,22,392.08,0.2399,0,0
txn_002455,merch_0152,card,718.93,16,33,435.56,0.1224,0,0
txn_002456,merch_0032,netbanking,876.75,17,20,1147.67,0.0581,0,0
txn_002457,merch_0054,upi,6462.92,19,21,3665.8,0.042,0,0
txn_002458,merch_0185,netbanking,3957.91,11,127,2676.86,0.1132,1,0
txn_002459,merch_0006,card,11593.33,13,25,7351.87,0.0575,0,0
txn_002460,merch_0056,upi,708.09,14,38,394.65,0.315,0,0
txn_002461,merch_0125,upi,22553.55,19,33,15096.79,0.0155,1,0
txn_002462,merch_0011,upi,10.0,13,11,560.75,0.3437,0,0
txn_002463,merch_0015,upi,626.72,20,31,547.47,0.0095,1,0
txn_002464,merch_0042,netbanking,114.2,11,15,1027.0,0.2447,0,0
txn_002465,merch_0116,card,1118.05,19,30,1177.06,0.0623,0,0
txn_002466,merch_0134,upi,376.41,8,23,377.66,0.1455,0,0
txn_002467,merch_0110,upi,84.78,12,11,120.44,0.0085,0,0
txn_002468,merch_0050,upi,1008.82,17,19,1621.6,0.2524,0,0
txn_002469,merch_0159,card,1977.86,6,27,2205.85,0.2036,1,0
txn_002470,merch_0074,upi,42.14,14,26,50.47,0.0615,0,0
txn_002471,merch_0007,card,2613.15,8,22,2921.09,0.0439,0,0
txn_002472,merch_0199,upi,287.28,15,23,237.1,0.0504,0,0
txn_002473,merch_0044,card,245.0,20,19,184.86,0.0928,0,0
txn_002474,merch_0058,netbanking,1338.82,17,21,1845.75,0.0196,1,0
txn_002475,merch_0131,upi,1944.72,10,38,1363.69,0.0578,0,0
txn_002476,merch_0103,card,411.94,13,36,413.34,0.2495,0,0
txn_002477,merch_0194,wallet,1955.95,17,20,1439.76,0.0598,0,0
txn_002478,merch_0156,upi,9264.09,13,20,8800.98,0.0741,0,0
txn_002479,merch_0156,card,19534.74,21,21,9574.09,0.1735,0,0
txn_002480,merch_0097,upi,1794.86,13,24,1599.87,0.1278,0,0
txn_002481,merch_0155,card,826.07,9,238,486.7,0.3331,0,0
txn_002482,merch_0078,upi,952.75,3,21,1283.26,0.2746,0,1
txn_002483,merch_0123,wallet,152.52,18,22,215.95,0.1117,1,0
txn_002484,merch_0171,card,365.38,13,30,403.27,0.0999,0,0
txn_002485,merch_0003,netbanking,13849.79,15,28,7716.09,0.1817,0,0
txn_002486,merch_0089,card,1897.93,14,26,1948.74,0.3595,0,0
txn_002487,merch_0103,card,272.09,19,286,469.26,0.0447,0,0
txn_002488,merch_0136,upi,632.48,14,16,371.9,0.2153,0,0
txn_002489,merch_0118,netbanking,4414.51,11,16,4774.35,0.2478,1,0
txn_002490,merch_0132,wallet,274.26,12,19,288.42,0.0627,0,0
txn_002491,merch_0055,card,2170.96,10,28,3513.44,0.3333,0,0
txn_002492,merch_0095,wallet,226.9,22,27,164.1,0.1241,1,0
txn_002493,merch_0177,card,9265.15,12,25,5483.96,0.1691,0,0
txn_002494,merch_0074,card,59.33,2,27,41.01,0.1933,0,0
txn_002495,merch_0142,card,116.17,21,20,158.61,0.1696,1,0
txn_002496,merch_0031,upi,5040.52,19,21,9870.14,0.3654,0,0
txn_002497,merch_0027,upi,10.0,12,23,1627.92,0.0987,0,0
txn_002498,merch_0021,upi,416.26,14,23,822.81,0.0979,0,0
txn_002499,merch_0016,card,267.33,23,17,307.06,0.248,0,0
txn_002500,merch_0058,upi,1576.56,14,14,1813.8,0.1671,1,0
txn_002501,merch_0089,upi,1861.81,17,20,2068.52,0.1283,0,0
txn_002502,merch_0198,wallet,3025.59,11,30,1109.02,0.1196,1,0
txn_002503,merch_0105,upi,2237.02,20,31,1756.67,0.0322,0,0
txn_002504,merch_0184,card,444.14,20,29,931.07,0.0843,0,0
txn_002505,merch_0025,upi,1621.22,19,37,1218.61,0.0703,0,1
txn_002506,merch_0024,upi,686.45,18,24,558.16,0.1576,1,0
txn_002507,merch_0137,netbanking,466.66,15,17,708.83,0.1522,0,0
txn_002508,merch_0044,card,215.12,17,23,172.64,0.1646,0,0
txn_002509,merch_0082,netbanking,7815.62,16,44,6405.82,0.1927,1,0
txn_002510,merch_0010,upi,950.41,15,22,673.49,0.4117,1,0
txn_002511,merch_0180,card,65.03,3,18,2231.41,0.0727,0,0
txn_002512,merch_0199,upi,333.9,3,24,255.42,0.9456,0,0
txn_002513,merch_0103,upi,669.86,18,31,438.85,0.2001,0,0
txn_002514,merch_0067,upi,7475.84,16,28,3994.89,0.0899,0,0
txn_002515,merch_0094,upi,181.62,10,192,586.76,0.0424,0,0
txn_002516,merch_0155,upi,433.15,17,24,483.83,0.3896,0,0
txn_002517,merch_0064,upi,2824.24,20,28,3257.15,0.0346,0,0
txn_002518,merch_0048,wallet,2075.76,20,29,1451.79,0.2017,0,0
txn_002519,merch_0174,upi,1401.41,8,19,1711.56,0.0306,1,0
txn_002520,merch_0051,upi,396.13,18,30,611.62,0.2929,0,0
txn_002521,merch_0101,upi,747.55,21,21,760.64,0.2806,0,0
txn_002522,merch_0181,card,338.56,12,28,393.44,0.0935,0,0
txn_002523,merch_0187,upi,1285.93,2,30,1074.19,0.2346,0,0
txn_002524,merch_0056,netbanking,285.73,20,148,348.05,0.1537,0,0
txn_002525,merch_0046,wallet,303.48,11,99,555.71,0.0271,0,0
txn_002526,merch_0158,upi,393.68,13,29,299.04,0.097,0,0
txn_002527,merch_0173,card,3025.16,21,17,1893.44,0.1568,0,0
txn_002528,merch_0025,upi,2276.97,16,27,1169.01,0.129,0,1
txn_002529,merch_0113,card,20613.11,20,26,20076.5,0.1726,0,0
txn_002530,merch_0004,upi,1165.76,14,31,706.28,0.1153,1,0
txn_002531,merch_0083,upi,391.7,10,18,669.34,0.0245,0,0
txn_002532,merch_0051,upi,900.18,16,21,777.39,0.083,0,0
txn_002533,merch_0104,card,678.71,0,26,799.55,0.072,0,0
txn_002534,merch_0053,upi,3179.94,2,30,2192.26,0.1772,0,0
txn_002535,merch_0160,upi,557.24,12,9,388.16,0.0041,0,0
txn_002536,merch_0177,card,12116.94,14,16,5570.06,0.2534,0,0
txn_002537,merch_0165,card,1607.64,8,25,2001.41,0.1845,1,0
txn_002538,merch_0154,netbanking,2735.1,18,15,1419.32,0.387,0,0
txn_002539,merch_0014,upi,160.08,18,37,120.47,0.0744,0,0
txn_002540,merch_0060,netbanking,640.76,17,36,550.83,0.1766,0,0
txn_002541,merch_0121,card,408.8,15,35,391.42,0.0076,0,0
txn_002542,merch_0020,upi,10693.33,9,27,5673.61,0.104,0,0
txn_002543,merch_0045,card,431.94,11,19,393.46,0.2836,0,0
txn_002544,merch_0196,upi,369.0,1,33,411.1,0.0431,0,0
txn_002545,merch_0133,wallet,121.13,15,20,2026.18,0.0629,0,0
txn_002546,merch_0037,upi,99.18,15,129,116.26,0.2176,0,1
txn_002547,merch_0061,card,967.91,20,40,898.07,0.1329,1,0
txn_002548,merch_0085,upi,378.66,8,18,518.7,0.045,0,0
txn_002549,merch_0189,wallet,77.53,12,116,152.51,0.9886,0,0
txn_002550,merch_0077,upi,32.26,1,17,831.57,0.2799,0,0
txn_002551,merch_0045,wallet,327.79,12,21,516.36,0.2466,0,0
txn_002552,merch_0140,wallet,2090.62,13,16,1570.59,0.3753,0,0
txn_002553,merch_0002,upi,1064.89,3,23,2295.5,0.8476,0,0
txn_002554,merch_0005,netbanking,1093.73,3,29,868.28,0.1789,0,0
txn_002555,merch_0092,wallet,713.84,13,22,412.45,0.19,0,0
txn_002556,merch_0007,upi,5383.29,16,22,2934.64,0.0113,0,0
txn_002557,merch_0171,upi,603.98,14,26,381.05,0.096,0,0
txn_002558,merch_0107,card,1782.22,15,45,1528.39,0.1647,1,0
txn_002559,merch_0160,upi,411.43,21,18,323.91,0.2665,0,0
txn_002560,merch_0074,upi,47.3,9,125,45.01,0.063,0,0
txn_002561,merch_0076,upi,1634.4,13,28,1139.34,0.0606,0,0
txn_002562,merch_0049,upi,205.97,4,31,137.5,0.2276,1,0
txn_002563,merch_0010,upi,682.37,18,21,552.8,0.326,1,0
txn_002564,merch_0094,upi,1215.48,16,17,593.27,0.0936,0,0
txn_002565,merch_0155,netbanking,1101.34,7,32,492.72,0.0633,0,0
txn_002566,merch_0069,card,525.31,10,14,573.25,0.0739,0,0
txn_002567,merch_0168,upi,850.22,19,35,876.65,0.0487,0,0
txn_002568,merch_0015,card,539.02,8,26,516.59,0.0482,1,0
txn_002569,merch_0067,card,3927.03,1,18,3505.21,0.1145,0,0
txn_002570,merch_0098,wallet,1702.53,16,24,1005.2,0.1161,0,0
txn_002571,merch_0047,upi,4087.59,7,19,4114.63,0.3022,0,0
txn_002572,merch_0183,upi,2130.47,16,32,1802.43,0.1352,0,0
txn_002573,merch_0063,wallet,222.48,11,21,266.59,0.1,0,0
txn_002574,merch_0186,wallet,2445.34,21,19,2132.11,0.1766,1,0
txn_002575,merch_0089,card,1717.26,9,26,2040.26,0.1401,0,0
txn_002576,merch_0189,netbanking,55.76,9,25,183.07,0.0536,0,0
txn_002577,merch_0075,upi,3610.2,15,12,3353.29,0.2878,0,0
txn_002578,merch_0138,card,5987.0,22,29,2753.02,0.2356,1,0
txn_002579,merch_0100,upi,167.95,14,13,218.55,0.0484,0,0
txn_002580,merch_0088,upi,241.5,14,13,613.28,0.0275,0,0
txn_002581,merch_0017,netbanking,2565.1,4,24,1413.38,0.3228,0,0
txn_002582,merch_0018,upi,376.39,18,23,423.04,0.0637,0,0
txn_002583,merch_0054,card,5605.32,10,23,3993.86,0.1737,0,0
txn_002584,merch_0101,wallet,374.74,20,27,565.45,0.3871,0,0
txn_002585,merch_0117,upi,271.1,14,27,287.77,0.1335,0,0
txn_002586,merch_0153,wallet,2384.92,18,33,1289.95,0.0365,0,0
txn_002587,merch_0133,wallet,2050.75,13,24,1815.83,0.0555,0,0
txn_002588,merch_0003,card,7227.2,10,23,6509.91,0.1113,0,0
txn_002589,merch_0107,upi,681.63,15,29,1275.04,0.3818,1,0
txn_002590,merch_0114,upi,1279.17,0,35,934.43,0.1012,1,0
txn_002591,merch_0028,upi,376.64,12,20,573.91,0.5013,0,0
txn_002592,merch_0058,upi,2681.96,21,20,1645.86,0.3103,1,0
txn_002593,merch_0124,upi,2479.56,7,16,2262.29,0.1874,0,0
txn_002594,merch_0097,wallet,1683.8,13,35,1416.19,0.2066,0,0
txn_002595,merch_0016,upi,445.49,19,10,278.73,0.0683,0,0
txn_002596,merch_0106,netbanking,12015.82,15,16,10076.07,0.2039,1,0
txn_002597,merch_0042,upi,1876.2,19,12,814.05,0.1014,0,0
txn_002598,merch_0079,card,163.14,16,13,112.03,0.0842,0,0
txn_002599,merch_0193,wallet,95.05,9,25,256.33,0.3543,0,0
txn_002600,merch_0161,upi,2537.58,18,20,3225.49,0.0273,0,0
txn_002601,merch_0007,upi,3650.91,12,20,2492.31,0.3071,0,0
txn_002602,merch_0140,card,1009.8,9,19,1509.02,0.3489,0,0
txn_002603,merch_0105,card,325.21,0,26,1614.15,0.133,0,0
txn_002604,merch_0007,card,1939.52,12,23,2869.15,0.0089,0,0
txn_002605,merch_0095,upi,180.55,6,34,188.92,0.2944,1,0
txn_002606,merch_0093,upi,10.0,1,35,776.68,0.9834,0,0
txn_002607,merch_0064,wallet,1018.45,11,22,3103.98,0.8128,0,0
txn_002608,merch_0170,wallet,30.34,12,20,379.71,0.26,1,0
txn_002609,merch_0038,card,372.24,11,29,222.36,0.0297,0,0
txn_002610,merch_0080,netbanking,1204.97,10,14,733.76,0.0391,1,0
txn_002611,merch_0186,card,2225.71,19,21,1855.94,0.1763,1,0
txn_002612,merch_0083,upi,617.52,2,25,553.81,0.2071,0,0
txn_002613,merch_0087,upi,1899.42,7,32,1688.31,0.2323,0,0
txn_002614,merch_0085,upi,309.93,21,22,560.21,0.8249,0,0
txn_002615,merch_0092,card,816.46,11,27,434.35,0.1114,0,0
txn_002616,merch_0085,upi,627.66,9,33,663.4,0.0036,0,0
txn_002617,merch_0043,upi,1128.43,18,28,839.37,0.2015,0,0
txn_002618,merch_0136,netbanking,565.89,16,17,406.38,0.1353,0,0
txn_002619,merch_0164,card,4408.56,19,17,3051.34,0.1673,0,0
txn_002620,merch_0073,card,7923.54,16,32,7164.18,0.1674,1,0
txn_002621,merch_0035,wallet,273.19,20,30,249.7,0.0321,0,0
txn_002622,merch_0100,upi,193.55,19,10,222.91,0.0616,0,0
txn_002623,merch_0155,card,571.88,1,31,471.9,0.0561,0,0
txn_002624,merch_0169,netbanking,478.45,19,19,502.82,0.042,0,0
txn_002625,merch_0170,card,282.17,3,23,375.24,0.3038,1,0
txn_002626,merch_0169,upi,546.14,1,27,466.14,0.012,0,0
txn_002627,merch_0103,upi,468.71,19,29,416.2,0.2425,0,0
txn_002628,merch_0065,wallet,8570.22,18,22,5283.42,0.2858,0,0
txn_002629,merch_0054,card,278.35,8,25,3243.23,0.1134,0,0
txn_002630,merch_0199,netbanking,281.34,19,35,302.71,0.3443,0,0
txn_002631,merch_0175,card,2266.54,15,28,3316.91,0.0663,0,0
txn_002632,merch_0090,card,873.43,10,16,1318.47,0.1788,1,0
txn_002633,merch_0021,netbanking,1085.09,9,23,779.25,0.2392,0,0
txn_002634,merch_0100,card,38.68,17,96,219.73,0.1906,0,0
txn_002635,merch_0154,upi,1658.0,20,13,1611.6,0.3317,0,1
txn_002636,merch_0120,card,2879.64,12,22,2988.92,0.1533,0,0
txn_002637,merch_0092,netbanking,183.82,13,28,410.81,0.1528,0,0
txn_002638,merch_0194,upi,1453.56,16,29,1383.08,0.376,0,0
txn_002639,merch_0107,upi,1009.14,17,35,1377.01,0.1258,1,0
txn_002640,merch_0140,upi,2445.58,13,20,1510.68,0.0388,0,0
txn_002641,merch_0172,wallet,1389.43,14,20,1081.19,0.4333,0,0
txn_002642,merch_0009,upi,2165.53,11,33,2042.74,0.256,0,1
txn_002643,merch_0008,card,497.64,17,21,559.68,0.1273,0,0
txn_002644,merch_0181,upi,471.96,7,25,441.91,0.054,0,0
txn_002645,merch_0154,upi,2130.54,15,15,1688.16,0.0805,0,0
txn_002646,merch_0033,card,345.62,16,15,311.93,0.0571,0,0
txn_002647,merch_0128,upi,486.46,14,18,1182.0,0.1876,1,0
txn_002648,merch_0159,card,2239.92,21,37,2761.24,0.0906,1,0
txn_002649,merch_0088,netbanking,606.15,22,112,509.9,0.0876,0,1
txn_002650,merch_0092,netbanking,552.01,8,18,533.84,0.1108,0,0
txn_002651,merch_0070,upi,1856.96,8,29,1643.36,0.1108,0,0
txn_002652,merch_0066,wallet,1416.49,11,21,884.19,0.1905,0,0
txn_002653,merch_0147,card,383.99,19,16,216.7,0.2249,0,0
txn_002654,merch_0116,wallet,1494.23,18,36,1130.68,0.1628,0,0
txn_002655,merch_0093,card,975.88,13,22,723.41,0.0302,0,0
txn_002656,merch_0162,card,1309.8,12,19,4395.0,0.1225,0,0
txn_002657,merch_0098,wallet,1684.53,18,31,1210.45,0.4094,0,0
txn_002658,merch_0112,wallet,1480.59,3,28,1219.68,0.8725,0,0
txn_002659,merch_0102,upi,628.24,16,30,763.52,0.0187,0,0
txn_002660,merch_0090,upi,1252.73,14,21,1104.23,0.2576,1,0
txn_002661,merch_0089,upi,2071.06,14,32,1879.49,0.2232,0,0
txn_002662,merch_0016,upi,257.11,1,15,316.59,0.1482,0,0
txn_002663,merch_0017,upi,717.32,19,24,1411.78,0.0771,0,0
txn_002664,merch_0172,upi,637.71,4,14,933.47,0.1019,0,0
txn_002665,merch_0115,netbanking,963.3,12,15,1732.31,0.1838,1,0
txn_002666,merch_0092,upi,10.0,20,26,404.56,0.2607,0,0
txn_002667,merch_0180,card,907.52,10,20,2010.42,0.049,0,0
txn_002668,merch_0090,upi,2022.93,9,22,1301.26,0.0766,1,0
txn_002669,merch_0081,upi,2122.76,11,31,1625.84,0.1875,0,1
txn_002670,merch_0067,upi,1691.79,15,29,3955.91,0.2308,0,0
txn_002671,merch_0192,upi,920.95,19,30,1601.56,0.1386,1,0
txn_002672,merch_0113,netbanking,28986.81,10,33,19601.07,0.1911,0,0
txn_002673,merch_0000,wallet,2769.07,15,29,1713.87,0.1534,1,1
txn_002674,merch_0057,upi,781.56,0,28,746.68,0.0557,0,0
txn_002675,merch_0153,card,2234.08,19,22,1650.92,0.9176,0,0
txn_002676,merch_0108,card,1028.83,14,20,1514.13,0.0393,0,0
txn_002677,merch_0147,netbanking,251.82,18,18,216.59,0.1601,0,0
txn_002678,merch_0115,netbanking,580.28,13,24,1599.33,0.0975,1,0
txn_002679,merch_0086,card,2846.19,4,27,2959.24,0.2115,1,0
txn_002680,merch_0009,card,2129.04,16,26,2261.46,0.1299,0,0
txn_002681,merch_0058,netbanking,51.71,7,17,1720.27,0.15,1,0
txn_002682,merch_0040,upi,3221.18,13,32,2839.07,0.191,0,0
txn_002683,merch_0104,upi,1196.59,14,22,850.07,0.2684,0,0
txn_002684,merch_0132,wallet,455.98,15,27,335.33,0.0319,0,0
txn_002685,merch_0121,netbanking,649.17,17,22,411.65,0.0806,0,0
txn_002686,merch_0192,card,1718.76,14,31,1611.64,0.1217,1,0
txn_002687,merch_0144,card,1440.51,8,19,1560.22,0.3401,0,0
txn_002688,merch_0021,upi,124.5,13,31,798.27,0.2435,0,0
txn_002689,merch_0097,card,1747.35,20,41,1449.44,0.0149,0,0
txn_002690,merch_0168,card,1005.11,0,34,833.0,0.5387,0,0
txn_002691,merch_0067,upi,912.75,2,14,3739.19,0.0187,0,0
txn_002692,merch_0196,card,348.01,12,199,413.0,0.3539,0,0
txn_002693,merch_0138,netbanking,2928.21,14,26,2548.44,0.3028,1,0
txn_002694,merch_0055,upi,4378.16,17,25,3419.73,0.0648,0,0
txn_002695,merch_0178,card,1101.83,10,14,761.98,0.1594,1,0
txn_002696,merch_0148,upi,1491.44,19,100,2257.04,0.0683,0,0
txn_002697,merch_0098,card,1202.02,15,197,1054.42,0.3276,0,1
txn_002698,merch_0075,upi,3798.83,19,27,2911.96,0.1333,0,0
txn_002699,merch_0025,card,1150.59,15,29,1150.41,0.088,0,0
txn_002700,merch_0114,netbanking,651.79,12,35,817.24,0.0716,1,0
txn_002701,merch_0146,upi,322.74,17,11,252.7,0.1728,0,0
txn_002702,merch_0108,wallet,1385.89,2,14,1460.57,0.1201,0,0
txn_002703,merch_0187,wallet,406.37,13,34,914.88,0.0555,0,0
txn_002704,merch_0198,upi,2082.69,8,23,1166.76,0.1599,1,0
txn_002705,merch_0046,upi,282.99,11,17,567.61,0.1565,0,0
txn_002706,merch_0070,wallet,1642.27,12,29,1885.78,0.2062,0,0
txn_002707,merch_0153,wallet,1664.1,14,24,1633.52,0.4185,0,0
txn_002708,merch_0039,upi,1663.11,9,13,1274.87,0.5873,0,0
txn_002709,merch_0132,upi,331.58,16,26,265.34,0.2577,0,0
txn_002710,merch_0148,upi,10.0,7,21,2314.33,0.0693,0,0
txn_002711,merch_0131,wallet,776.71,19,31,1123.5,0.1151,0,0
txn_002712,merch_0022,upi,1306.17,16,27,1077.87,0.1859,0,0
txn_002713,merch_0105,card,1679.6,22,28,2004.9,0.0431,0,0
txn_002714,merch_0083,netbanking,735.74,12,15,656.38,0.2116,0,0
txn_002715,merch_0142,upi,251.32,21,23,137.98,0.1421,1,0
txn_002716,merch_0115,card,1916.53,17,16,1436.64,0.3758,1,0
txn_002717,merch_0108,upi,1051.22,17,21,1633.84,0.0403,0,0
txn_002718,merch_0135,netbanking,5705.1,16,119,6551.97,0.0915,0,1
txn_002719,merch_0040,upi,4203.24,4,40,2794.64,0.9147,0,0
txn_002720,merch_0111,card,991.88,9,19,915.71,0.0331,0,0
txn_002721,merch_0146,card,238.62,21,7,274.03,0.2426,0,0
txn_002722,merch_0111,upi,1262.74,12,22,1037.5,0.809,0,0
txn_002723,merch_0102,upi,1203.93,3,23,720.34,0.134,0,0
txn_002724,merch_0045,upi,254.95,1,21,505.04,0.0949,0,0
txn_002725,merch_0155,upi,355.91,12,19,458.95,0.0497,0,0
txn_002726,merch_0067,netbanking,411.07,12,25,3222.17,0.2094,0,0
txn_002727,merch_0121,netbanking,332.57,14,31,368.72,0.0838,0,0
txn_002728,merch_0014,card,162.69,17,21,136.6,0.1913,0,0
txn_002729,merch_0164,card,2854.17,12,17,3432.17,0.2531,0,0
txn_002730,merch_0128,card,2535.18,16,22,1122.01,0.2977,1,0
txn_002731,merch_0194,netbanking,1426.11,0,22,1213.86,0.0628,0,0
txn_002732,merch_0110,upi,105.31,17,25,118.81,0.2189,0,0
txn_002733,merch_0023,upi,175.87,9,23,205.5,0.0422,0,0
txn_002734,merch_0026,upi,85.76,16,18,234.75,0.195,0,0
txn_002735,merch_0039,card,1334.43,11,13,1528.55,0.1353,0,0
txn_002736,merch_0190,upi,759.61,9,17,568.85,0.3512,0,0
txn_002737,merch_0188,upi,370.94,14,15,425.27,0.0908,0,0
txn_002738,merch_0163,upi,460.99,15,22,359.96,0.0499,0,0
txn_002739,merch_0023,card,155.48,12,15,226.46,0.3305,0,0
txn_002740,merch_0023,upi,118.75,18,22,222.24,0.0157,0,0
txn_002741,merch_0003,upi,6518.24,14,30,6171.59,0.3099,0,0
txn_002742,merch_0066,upi,1129.8,8,16,857.51,0.0859,0,0
txn_002743,merch_0033,upi,283.4,18,23,267.48,0.0711,0,0
txn_002744,merch_0184,card,903.57,15,21,916.37,0.0491,0,0
txn_002745,merch_0176,upi,1594.31,8,32,972.45,0.1517,1,0
txn_002746,merch_0180,upi,3306.37,6,29,2517.31,0.172,0,0
txn_002747,merch_0115,card,2153.07,18,12,1725.84,0.1581,1,0
txn_002748,merch_0022,upi,1586.09,1,25,1120.31,0.0409,0,1
txn_002749,merch_0108,upi,1795.53,15,23,1599.14,0.0745,0,0
txn_002750,merch_0068,wallet,1931.16,17,20,1855.14,0.1958,0,0
txn_002751,merch_0094,upi,1482.81,19,26,742.71,0.2315,0,0
txn_002752,merch_0180,upi,3320.08,14,19,2108.44,0.8072,0,0
txn_002753,merch_0061,upi,588.93,7,51,864.26,0.0899,1,0
txn_002754,merch_0168,card,190.17,14,28,711.1,0.1513,0,0
txn_002755,merch_0056,card,366.38,9,29,403.63,0.2199,0,0
txn_002756,merch_0187,card,1317.2,11,35,987.47,0.0753,0,0
txn_002757,merch_0053,card,2967.95,15,27,2560.71,0.0768,0,0
txn_002758,merch_0069,upi,158.72,16,14,432.55,0.3798,0,0
txn_002759,merch_0100,upi,282.92,20,11,202.47,0.387,0,0
txn_002760,merch_0056,netbanking,561.58,15,31,428.51,0.2403,0,0
txn_002761,merch_0137,wallet,906.55,13,19,737.05,0.0218,0,0
txn_002762,merch_0167,upi,12556.33,16,38,9841.07,0.0883,0,0
txn_002763,merch_0134,card,345.99,11,27,375.82,0.1215,0,0
txn_002764,merch_0102,upi,549.49,19,29,833.08,0.3427,0,0
txn_002765,merch_0165,upi,2457.36,22,30,1551.82,0.1218,1,0
txn_002766,merch_0084,upi,552.82,11,15,377.73,0.1626,1,0
txn_002767,merch_0060,upi,514.28,20,34,615.34,0.2725,0,0
txn_002768,merch_0002,card,4651.4,1,19,2455.5,0.0301,0,0
txn_002769,merch_0127,card,262.02,1,18,576.52,0.1117,0,0
txn_002770,merch_0178,upi,715.94,17,26,692.92,0.2994,1,0
txn_002771,merch_0085,upi,376.0,15,25,532.64,0.4029,0,0
txn_002772,merch_0046,netbanking,754.02,13,14,715.13,0.0831,0,0
txn_002773,merch_0195,upi,10.0,13,22,1519.46,0.2413,0,0
txn_002774,merch_0075,card,4839.55,20,19,2869.0,0.0973,0,0
txn_002775,merch_0037,upi,140.22,15,27,106.84,0.1733,0,0
txn_002776,merch_0163,card,469.05,16,15,386.76,0.1636,0,0
txn_002777,merch_0168,upi,712.52,0,30,757.04,0.2446,0,0
txn_002778,merch_0196,upi,474.23,19,23,355.8,0.0938,0,0
txn_002779,merch_0140,upi,1591.1,18,11,1346.83,0.0178,0,0
txn_002780,merch_0086,upi,4447.83,13,24,3170.45,0.0441,1,0
txn_002781,merch_0057,upi,713.1,12,26,669.53,0.9318,0,0
txn_002782,merch_0049,card,121.48,15,34,146.23,0.0182,1,0
txn_002783,merch_0029,upi,1227.26,10,16,832.9,0.0749,0,0
txn_002784,merch_0189,upi,241.28,2,27,153.18,0.2046,0,0
txn_002785,merch_0100,card,181.02,6,11,216.38,0.0757,0,0
txn_002786,merch_0024,card,679.45,18,20,626.79,0.0478,1,0
txn_002787,merch_0111,wallet,1134.95,8,32,1196.78,0.0988,0,0
txn_002788,merch_0154,card,1906.86,7,14,1611.64,0.2453,0,0
txn_002789,merch_0178,card,1248.34,13,13,882.74,0.4052,1,0
txn_002790,merch_0184,card,727.16,18,23,903.89,0.243,0,0
txn_002791,merch_0125,wallet,10881.58,15,24,13029.31,0.3321,1,0
txn_002792,merch_0122,netbanking,6591.23,13,26,6454.68,0.0427,1,0
txn_002793,merch_0046,upi,459.08,20,21,646.29,0.4634,0,0
txn_002794,merch_0117,upi,145.95,10,29,281.96,0.1149,0,0
txn_002795,merch_0038,upi,352.28,12,36,248.5,0.1114,0,0
txn_002796,merch_0015,card,497.76,9,23,476.47,0.8892,1,1
txn_002797,merch_0021,netbanking,10.0,10,235,737.98,0.2015,0,1
txn_002798,merch_0053,card,2888.49,14,20,2335.33,0.1964,0,0
txn_002799,merch_0148,upi,1594.16,11,14,1995.9,0.0426,0,0
txn_002800,merch_0199,card,327.87,15,36,271.39,0.2233,0,0
txn_002801,merch_0015,netbanking,787.64,19,23,527.04,0.1071,1,0
txn_002802,merch_0058,upi,1809.77,0,25,1787.88,0.1448,1,0
txn_002803,merch_0030,card,10.0,4,33,469.34,0.2216,1,0
txn_002804,merch_0169,upi,114.46,9,28,448.25,0.1517,0,0
txn_002805,merch_0031,wallet,6663.49,15,15,9997.8,0.0114,0,0
txn_002806,merch_0186,netbanking,1875.72,16,19,1964.83,0.0274,1,0
txn_002807,merch_0161,card,4805.66,19,19,2439.8,0.0835,0,0
txn_002808,merch_0008,card,709.77,10,22,656.84,0.1624,0,0
txn_002809,merch_0138,wallet,6978.32,22,171,2486.08,0.8962,1,1
txn_002810,merch_0009,card,714.09,22,25,2120.46,0.173,0,0
txn_002811,merch_0016,upi,344.13,13,12,302.37,0.1129,0,0
txn_002812,merch_0067,netbanking,2755.08,22,32,3451.35,0.1144,0,0
txn_002813,merch_0047,upi,4406.84,10,15,4178.16,0.1346,0,0
txn_002814,merch_0179,upi,52692.88,18,32,32868.71,0.1635,0,0
txn_002815,merch_0110,netbanking,187.08,16,15,108.86,0.2612,0,0
txn_002816,merch_0152,card,494.61,11,19,509.57,0.3021,0,0
txn_002817,merch_0122,upi,8066.85,15,22,5458.29,0.3416,1,0
txn_002818,merch_0148,upi,2276.5,19,92,2084.74,0.0177,0,0
txn_002819,merch_0100,upi,79.37,9,6,176.57,0.2856,0,0
txn_002820,merch_0101,upi,667.62,9,35,731.53,0.0997,0,0
txn_002821,merch_0064,upi,2050.86,17,31,2868.83,0.1509,0,0
txn_002822,merch_0190,netbanking,621.09,13,15,615.07,0.2523,0,0
txn_002823,merch_0050,upi,1112.85,15,18,1624.43,0.1297,0,0
txn_002824,merch_0035,card,266.28,9,25,284.8,0.0643,0,0
txn_002825,merch_0080,upi,961.45,14,19,912.39,0.1105,1,0
txn_002826,merch_0126,wallet,447.95,10,31,299.27,0.209,0,0
txn_002827,merch_0087,upi,1781.95,15,30,1757.83,0.2923,0,0
txn_002828,merch_0193,upi,448.58,17,23,238.04,0.1869,0,0
txn_002829,merch_0103,upi,809.19,10,32,405.56,0.1506,0,0
txn_002830,merch_0014,card,121.07,8,32,149.1,0.1885,0,0
txn_002831,merch_0095,card,263.83,0,25,187.09,0.1723,1,0
txn_002832,merch_0166,upi,4968.84,16,20,2563.71,0.1196,0,0
txn_002833,merch_0122,upi,8404.81,11,19,5455.3,0.1446,1,0
txn_002834,merch_0197,upi,1852.58,15,16,1474.92,0.1714,1,0
txn_002835,merch_0000,card,812.43,10,33,2045.24,0.148,1,0
txn_002836,merch_0150,card,1030.88,14,25,1642.13,0.0131,0,0
txn_002837,merch_0121,upi,318.64,4,31,346.71,0.1208,0,0
txn_002838,merch_0166,upi,4271.24,4,27,3107.61,0.0539,0,0
txn_002839,merch_0125,upi,10306.04,11,23,16492.62,0.2059,1,0
txn_002840,merch_0056,upi,388.48,7,28,362.48,0.16,0,0
txn_002841,merch_0080,card,1169.48,15,11,722.03,0.2083,1,0
txn_002842,merch_0161,upi,1536.63,3,21,2933.75,0.0602,0,0
txn_002843,merch_0168,upi,910.8,11,37,835.76,0.0885,0,0
txn_002844,merch_0072,upi,1108.16,12,16,905.47,0.3658,1,0
txn_002845,merch_0140,wallet,1841.85,19,148,1402.24,0.0543,0,0
txn_002846,merch_0069,netbanking,688.45,11,23,515.28,0.0834,0,0
txn_002847,merch_0005,upi,1039.26,14,31,756.5,0.1709,0,0
txn_002848,merch_0083,upi,646.46,12,20,517.53,0.0833,0,0
txn_002849,merch_0051,upi,10.0,13,24,753.28,0.1935,0,0
txn_002850,merch_0002,card,2510.13,20,28,2689.83,0.0273,0,0
txn_002851,merch_0080,upi,864.04,12,13,829.25,0.0766,1,0
txn_002852,merch_0062,card,419.39,15,24,258.81,0.2394,0,0
txn_002853,merch_0048,card,1393.68,16,207,1617.19,0.2872,0,0
txn_002854,merch_0075,wallet,3002.89,8,17,2745.51,0.1452,0,0
txn_002855,merch_0111,upi,1091.13,8,29,1059.26,0.0298,0,0
txn_002856,merch_0174,netbanking,978.5,10,23,1303.35,0.4111,1,0
txn_002857,merch_0108,netbanking,793.68,14,165,1658.22,0.1295,0,1
txn_002858,merch_0182,upi,361.78,14,16,263.15,0.1971,0,0
txn_002859,merch_0191,upi,4766.65,1,15,3000.14,0.0865,0,0
txn_002860,merch_0064,upi,1847.69,10,30,3048.0,0.0677,0,0
txn_002861,merch_0080,upi,757.78,1,22,880.72,0.31,1,0
txn_002862,merch_0194,upi,1893.72,14,23,1268.22,0.1057,0,0
txn_002863,merch_0014,card,178.07,8,26,138.38,0.1744,0,0
txn_002864,merch_0099,upi,921.08,8,38,826.8,0.1581,1,0
txn_002865,merch_0031,wallet,12256.8,8,22,9004.7,0.1178,0,0
txn_002866,merch_0095,upi,230.22,19,22,182.14,0.0692,1,0
txn_002867,merch_0127,wallet,694.18,15,20,492.34,0.1479,0,0
txn_002868,merch_0195,upi,760.3,19,40,1509.92,0.806,0,0
txn_002869,merch_0145,netbanking,4694.32,14,20,2428.72,0.0718,0,0
txn_002870,merch_0112,upi,1279.81,0,17,1155.83,0.1626,0,0
txn_002871,merch_0082,upi,8326.0,0,40,6905.59,0.1451,1,1
txn_002872,merch_0042,netbanking,545.95,18,21,1093.29,0.1845,0,0
txn_002873,merch_0115,upi,1449.36,15,16,1608.4,0.2092,1,0
txn_002874,merch_0162,card,5331.72,18,19,4139.08,0.2141,0,0
txn_002875,merch_0077,card,50.82,14,20,698.7,0.0989,0,0
txn_002876,merch_0057,card,435.94,21,18,800.91,0.3987,0,0
txn_002877,merch_0032,card,780.34,9,33,933.92,0.0172,0,0
txn_002878,merch_0013,netbanking,58.95,14,17,102.52,0.0683,0,0
txn_002879,merch_0161,upi,2995.54,12,15,2979.54,0.2178,0,0
txn_002880,merch_0188,card,380.64,22,21,390.42,0.1035,0,0
txn_002881,merch_0131,wallet,2029.61,19,25,1190.75,0.0507,0,0
txn_002882,merch_0058,upi,580.98,14,22,1864.71,0.3187,1,0
txn_002883,merch_0156,upi,11080.98,9,28,9995.58,0.0504,0,0
txn_002884,merch_0082,card,4211.09,13,39,6644.95,0.0197,1,0
txn_002885,merch_0133,upi,427.34,15,16,2225.44,0.0655,0,0
txn_002886,merch_0120,upi,3725.96,18,25,2991.83,0.0662,0,0
txn_002887,merch_0176,upi,1528.71,12,19,1118.71,0.0509,1,0
txn_002888,merch_0167,card,13171.85,12,38,10115.98,0.0712,0,0
txn_002889,merch_0082,upi,3095.65,13,41,7384.02,0.2962,1,0
txn_002890,merch_0192,card,1478.23,2,28,1330.17,0.106,1,0
txn_002891,merch_0196,netbanking,458.53,15,26,335.94,0.2501,0,0
txn_002892,merch_0026,upi,408.46,20,25,310.77,0.2906,0,0
txn_002893,merch_0079,card,126.01,11,9,95.5,0.029,0,0
txn_002894,merch_0133,wallet,2783.75,10,14,1987.49,0.1755,0,0
txn_002895,merch_0012,card,2279.47,10,21,1530.26,0.1309,1,0
txn_002896,merch_0063,netbanking,277.19,9,21,242.29,0.3051,0,0
txn_002897,merch_0189,upi,227.8,17,14,173.98,0.0255,0,0
txn_002898,merch_0146,netbanking,352.63,15,6,222.86,0.197,0,0
txn_002899,merch_0079,upi,116.52,9,15,112.63,0.1365,0,0
txn_002900,merch_0122,upi,8914.18,16,26,6053.52,0.0413,1,0
txn_002901,merch_0042,upi,1423.56,11,21,1066.29,0.1416,0,0
txn_002902,merch_0088,upi,374.67,10,12,538.42,0.2426,0,0
txn_002903,merch_0147,netbanking,69.96,12,29,233.89,0.0472,0,0
txn_002904,merch_0094,upi,692.96,2,28,627.07,0.2091,0,0
txn_002905,merch_0195,card,659.85,16,41,1631.09,0.4203,0,0
txn_002906,merch_0171,card,427.37,12,21,394.84,0.0315,0,0
txn_002907,merch_0150,card,1475.2,12,16,1503.14,0.07,0,0
txn_002908,merch_0001,upi,1510.21,22,31,944.52,0.1838,0,0
txn_002909,merch_0119,card,3502.32,18,22,2460.49,0.0669,0,0
txn_002910,merch_0021,upi,1270.9,16,23,722.47,0.1455,0,0
txn_002911,merch_0114,upi,616.42,16,32,941.65,0.3271,1,0
txn_002912,merch_0056,wallet,617.62,1,35,403.72,0.4778,0,0
txn_002913,merch_0071,upi,9915.8,13,123,6555.04,0.034,0,1
txn_002914,merch_0006,upi,8904.07,16,31,6316.92,0.0363,0,0
txn_002915,merch_0183,netbanking,296.28,22,28,1724.51,0.2611,0,0
txn_002916,merch_0118,upi,6183.39,2,14,4222.55,0.095,1,1
txn_002917,merch_0194,card,2512.38,10,22,1343.39,0.317,0,0
txn_002918,merch_0113,upi,21148.64,16,25,20301.29,0.3619,0,0
txn_002919,merch_0015,upi,565.21,7,37,569.64,0.1383,1,0
txn_002920,merch_0082,upi,5139.96,4,35,7069.27,0.1029,1,1
txn_002921,merch_0178,upi,219.69,22,23,840.66,0.033,1,0
txn_002922,merch_0071,upi,5074.9,14,21,7708.66,0.2296,0,0
txn_002923,merch_0123,card,394.7,21,23,211.02,0.0605,1,0
txn_002924,merch_0112,card,1576.48,10,24,1039.15,0.1732,0,0
txn_002925,merch_0011,wallet,345.55,11,10,561.25,0.1412,0,0
txn_002926,merch_0125,upi,11324.1,14,24,14693.35,0.2657,1,0
txn_002927,merch_0052,card,1092.8,21,27,455.17,0.2102,1,0
txn_002928,merch_0074,card,31.7,4,15,49.45,0.1429,0,0
txn_002929,merch_0132,wallet,200.74,18,30,318.08,0.0359,0,0
txn_002930,merch_0026,upi,215.6,6,19,272.47,0.0147,0,0
txn_002931,merch_0139,card,112.66,19,24,261.16,0.0677,1,0
txn_002932,merch_0144,netbanking,1016.09,4,29,1682.73,0.0473,0,0
txn_002933,merch_0133,upi,1477.01,9,17,1931.06,0.0886,0,0
txn_002934,merch_0096,netbanking,816.17,4,27,1492.85,0.3146,1,0
txn_002935,merch_0004,upi,1253.1,11,22,822.1,0.1565,1,0
txn_002936,merch_0056,netbanking,235.04,20,26,357.94,0.2631,0,0
txn_002937,merch_0155,wallet,434.04,15,25,409.14,0.2879,0,0
txn_002938,merch_0077,card,418.4,10,15,745.45,0.0255,0,0
txn_002939,merch_0068,upi,1551.87,23,24,1907.48,0.9997,0,0
txn_002940,merch_0117,upi,144.24,15,25,299.15,0.2859,0,0
txn_002941,merch_0119,wallet,2823.58,21,21,2848.14,0.3119,0,0
txn_002942,merch_0058,card,1933.39,12,18,1739.09,0.9178,1,0
txn_002943,merch_0032,upi,1656.43,15,20,1195.73,0.2077,0,0
txn_002944,merch_0061,card,676.57,10,37,986.99,0.0775,1,0
txn_002945,merch_0049,card,227.77,16,37,138.53,0.2613,1,0
txn_002946,merch_0111,upi,745.04,1,26,1025.95,0.027,0,0
txn_002947,merch_0018,upi,329.43,9,24,329.84,0.4048,0,0
txn_002948,merch_0196,upi,612.6,12,28,323.53,0.2391,0,0
txn_002949,merch_0122,card,13192.34,10,22,6165.81,0.073,1,0
txn_002950,merch_0193,card,454.95,14,32,238.41,0.1232,0,0
txn_002951,merch_0046,card,559.33,20,16,551.39,0.2275,0,0
txn_002952,merch_0166,netbanking,3434.68,12,15,2745.62,0.3985,0,0
txn_002953,merch_0195,netbanking,2366.31,17,36,1724.96,0.0852,0,0
txn_002954,merch_0032,card,1221.26,12,23,1170.81,0.0288,0,0
txn_002955,merch_0140,upi,979.97,14,18,1360.74,0.0055,0,0
txn_002956,merch_0083,card,656.16,9,18,616.39,0.9828,0,0
txn_002957,merch_0181,upi,311.87,13,11,338.33,0.4232,0,0
txn_002958,merch_0134,card,233.75,22,17,414.3,0.0718,0,0
txn_002959,merch_0078,card,1102.45,8,18,1397.53,0.2737,0,0
txn_002960,merch_0013,upi,123.08,10,15,111.33,0.032,0,0
txn_002961,merch_0146,wallet,352.81,4,6,260.3,0.0907,0,0
txn_002962,merch_0127,upi,506.41,22,16,599.93,0.525,0,0
txn_002963,merch_0053,card,2228.74,16,22,2607.16,0.0322,0,0
txn_002964,merch_0147,upi,320.2,4,212,227.86,0.3913,0,1
txn_002965,merch_0028,wallet,547.51,4,12,574.24,0.3791,0,0
txn_002966,merch_0023,upi,222.82,11,16,180.09,0.3794,0,1
txn_002967,merch_0081,upi,1753.85,1,15,1508.63,0.2314,0,0
txn_002968,merch_0062,upi,324.76,17,35,309.27,0.1022,0,0
txn_002969,merch_0104,upi,487.88,8,36,1018.59,0.2492,0,0
txn_002970,merch_0056,upi,417.95,19,36,408.72,0.0452,0,0
txn_002971,merch_0135,card,10593.9,9,26,7116.84,0.3447,0,0
txn_002972,merch_0061,upi,935.34,9,39,896.34,0.0159,1,0
txn_002973,merch_0156,upi,7480.75,14,25,11461.65,0.1005,0,0
txn_002974,merch_0016,upi,555.06,17,14,354.53,0.0046,0,0
txn_002975,merch_0065,netbanking,7364.23,18,16,6088.31,0.8732,0,0
txn_002976,merch_0005,card,1086.52,22,31,730.27,0.0577,0,0
txn_002977,merch_0057,card,1020.26,20,23,815.65,0.1241,0,0
txn_002978,merch_0068,card,938.09,9,28,1828.73,0.0651,0,0
txn_002979,merch_0155,upi,608.24,12,24,413.99,0.1802,0,0
txn_002980,merch_0061,upi,1350.57,8,33,870.11,0.1674,1,0
txn_002981,merch_0168,upi,655.37,15,32,718.36,0.2877,0,0
txn_002982,merch_0196,netbanking,125.17,18,30,367.97,0.0848,0,0
txn_002983,merch_0081,wallet,2013.93,17,33,1754.55,0.223,0,0
txn_002984,merch_0168,card,827.93,12,29,747.88,0.3848,0,0
txn_002985,merch_0176,upi,156.51,3,18,990.97,0.2908,1,0
txn_002986,merch_0176,upi,1488.37,12,23,1160.09,0.0966,1,0
txn_002987,merch_0070,upi,1971.15,17,19,1857.87,0.0933,0,0
txn_002988,merch_0130,card,24.82,11,17,152.89,0.2684,0,0
txn_002989,merch_0009,upi,3862.21,20,35,2357.93,0.1133,0,0
txn_002990,merch_0097,wallet,1973.95,14,40,1606.74,0.3938,0,0
txn_002991,merch_0088,upi,10.0,11,17,611.75,0.2163,0,0
txn_002992,merch_0034,wallet,3926.44,8,18,2608.01,0.1078,1,0
txn_002993,merch_0001,netbanking,1281.86,19,32,1048.74,0.0498,0,0
txn_002994,merch_0123,netbanking,366.6,14,24,202.31,0.9122,1,0
txn_002995,merch_0023,card,158.48,1,18,200.52,0.1578,0,0
txn_002996,merch_0073,card,9177.73,13,21,7196.54,0.0994,1,0
txn_002997,merch_0165,card,1601.48,16,25,1816.41,0.0771,1,0
txn_002998,merch_0021,card,589.1,10,31,917.38,0.1108,0,0
txn_002999,merch_0153,card,871.14,13,26,1274.7,0.1528,0,0
txn_003000,merch_0170,wallet,10.0,14,171,375.29,0.3377,1,1
txn_003001,merch_0182,netbanking,385.89,21,17,313.73,0.2741,0,0
txn_003002,merch_0038,netbanking,187.19,11,23,197.23,0.0911,0,0
txn_003003,merch_0156,netbanking,1091.09,10,29,10540.12,0.0922,0,0
txn_003004,merch_0019,upi,208.66,17,36,201.94,0.1637,0,0
txn_003005,merch_0040,upi,3755.31,19,37,2438.92,0.0322,0,0
txn_003006,merch_0181,card,184.87,9,16,363.52,0.1391,0,0
txn_003007,merch_0147,card,140.34,14,16,196.94,0.0343,0,0
txn_003008,merch_0107,netbanking,1550.83,15,41,1435.54,0.3655,1,0
txn_003009,merch_0146,upi,10.0,13,10,222.33,0.2098,0,0
txn_003010,merch_0083,card,435.52,16,22,639.83,0.1902,0,0
txn_003011,merch_0110,card,124.45,22,18,122.49,0.0888,0,0
txn_003012,merch_0065,upi,4197.54,18,20,5149.42,0.1994,0,0
txn_003013,merch_0157,card,520.73,9,24,1797.2,0.0993,0,0
txn_003014,merch_0052,netbanking,131.87,13,17,431.69,0.2737,1,0
txn_003015,merch_0033,upi,71.17,9,15,311.98,0.2518,0,0
txn_003016,merch_0149,card,1222.96,0,23,1784.27,0.2626,0,0
txn_003017,merch_0066,card,1599.57,9,107,928.52,0.0125,0,0
txn_003018,merch_0133,upi,4010.81,13,16,1738.31,0.2703,0,0
txn_003019,merch_0026,upi,280.61,9,33,284.33,0.8851,0,0
txn_003020,merch_0009,wallet,2818.29,11,21,2327.82,0.2285,0,0
txn_003021,merch_0072,upi,685.79,14,15,1167.17,0.1384,1,0
txn_003022,merch_0095,upi,28.87,9,34,180.6,0.2074,1,0
txn_003023,merch_0047,upi,7904.6,9,13,4234.78,0.2589,0,0
txn_003024,merch_0069,card,340.55,3,21,519.66,0.3893,0,0
txn_003025,merch_0186,card,2684.96,12,23,2070.25,0.1009,1,0
txn_003026,merch_0099,card,891.6,11,37,871.48,0.1114,1,0
txn_003027,merch_0058,upi,2564.63,14,21,1449.64,0.0286,1,0
txn_003028,merch_0001,wallet,1355.25,14,35,889.26,0.2613,0,0
txn_003029,merch_0156,upi,11225.79,8,29,11102.22,0.0363,0,0
txn_003030,merch_0195,upi,2096.34,16,32,1877.06,0.2097,0,0
txn_003031,merch_0064,card,4963.82,2,30,2577.82,0.0219,0,0
txn_003032,merch_0082,upi,5413.41,16,31,6387.08,0.092,1,0
txn_003033,merch_0153,netbanking,2488.53,18,29,1609.52,0.1077,0,0
txn_003034,merch_0009,wallet,1443.75,13,25,2286.84,0.3105,0,0
txn_003035,merch_0052,upi,508.46,17,22,498.54,0.0137,1,0
txn_003036,merch_0078,netbanking,1470.48,14,26,1116.46,0.196,0,0
txn_003037,merch_0058,netbanking,104.19,12,23,1546.02,0.1033,1,0
txn_003038,merch_0149,wallet,2315.34,4,18,1638.36,0.14,0,0
txn_003039,merch_0178,upi,966.98,18,15,865.63,0.2107,1,0
txn_003040,merch_0047,card,11039.8,16,20,4032.22,0.4236,0,0
txn_003041,merch_0148,upi,4223.37,20,20,1987.12,0.2299,0,0
txn_003042,merch_0122,netbanking,5876.44,12,26,6039.53,0.1206,1,0
txn_003043,merch_0021,upi,1629.78,18,26,711.87,0.3999,0,0
txn_003044,merch_0099,card,1169.95,19,36,886.07,0.1251,1,0
txn_003045,merch_0097,upi,1645.87,8,41,1654.86,0.1751,0,0
txn_003046,merch_0157,upi,126.61,20,18,1672.74,0.2983,0,0
txn_003047,merch_0024,card,149.48,11,24,553.42,0.0821,1,0
txn_003048,merch_0027,netbanking,1724.54,14,21,1901.4,0.0272,0,0
txn_003049,merch_0192,card,1060.2,16,33,1459.19,0.0838,1,0
txn_003050,merch_0112,netbanking,1261.82,14,162,1172.95,0.0058,0,0
txn_003051,merch_0044,upi,324.35,18,25,162.96,0.0511,0,0
txn_003052,merch_0067,card,5406.52,9,21,3916.61,0.0834,0,0
txn_003053,merch_0006,card,4676.0,9,33,7710.07,0.106,0,0
txn_003054,merch_0048,upi,2230.65,19,37,1700.89,0.0057,0,0
txn_003055,merch_0136,card,285.04,20,18,371.92,0.3674,0,0
txn_003056,merch_0163,card,155.62,13,14,427.14,0.0898,0,0
txn_003057,merch_0082,card,7436.02,4,306,5591.64,0.1664,1,0
txn_003058,merch_0128,netbanking,634.6,17,18,1355.38,0.1717,1,0
txn_003059,merch_0137,card,574.88,16,24,827.65,0.0969,0,0
txn_003060,merch_0163,upi,630.61,22,20,413.4,0.0266,0,0
txn_003061,merch_0072,upi,1305.41,15,24,1160.29,0.2984,1,0
txn_003062,merch_0045,card,376.75,11,13,448.53,0.1072,0,0
txn_003063,merch_0105,upi,272.26,13,22,1668.7,0.0622,0,0
txn_003064,merch_0159,upi,1810.51,8,30,2399.66,0.1652,1,0
txn_003065,merch_0031,upi,20121.53,16,26,10303.25,0.1464,0,0
txn_003066,merch_0005,card,1153.51,15,31,894.21,0.4327,0,0
txn_003067,merch_0175,upi,4318.99,10,26,3049.64,0.247,0,0
txn_003068,merch_0165,card,2014.0,18,25,1991.75,0.1937,1,0
txn_003069,merch_0144,card,1183.25,15,20,1693.81,0.0428,0,0
txn_003070,merch_0073,upi,9350.99,14,33,7216.67,0.174,1,0
txn_003071,merch_0113,netbanking,29325.69,19,24,22452.33,0.2165,0,0
txn_003072,merch_0026,card,208.6,13,25,274.03,0.2314,0,0
txn_003073,merch_0053,card,1776.63,20,23,2563.08,0.1898,0,0
txn_003074,merch_0177,card,1993.07,14,18,5390.75,0.0654,0,0
txn_003075,merch_0162,upi,2587.41,14,20,4693.04,0.1202,0,0
txn_003076,merch_0084,card,572.94,1,18,415.18,0.0452,1,0
txn_003077,merch_0126,upi,237.66,14,28,290.09,0.0271,0,0
txn_003078,merch_0152,wallet,650.79,19,25,520.65,0.1878,0,0
txn_003079,merch_0155,netbanking,899.27,15,25,450.38,0.1193,0,0
txn_003080,merch_0110,card,110.73,8,23,110.57,0.0914,0,0
txn_003081,merch_0014,upi,137.7,1,23,147.23,0.0291,0,0
txn_003082,merch_0131,upi,1513.95,13,30,1102.11,0.0856,0,0
txn_003083,merch_0092,upi,314.46,10,19,442.27,0.0512,0,0
txn_003084,merch_0122,card,4278.56,20,26,5649.94,0.3607,1,0
txn_003085,merch_0072,upi,811.12,3,17,1128.52,0.3029,1,0
txn_003086,merch_0154,card,705.44,11,20,1784.14,0.1988,0,0
txn_003087,merch_0153,upi,2050.32,18,25,1389.53,0.1256,0,0
txn_003088,merch_0146,wallet,196.85,20,6,256.82,0.0955,0,0
txn_003089,merch_0091,upi,5294.02,2,19,3321.41,0.0568,0,0
txn_003090,merch_0016,wallet,407.63,4,13,362.02,0.1464,0,0
txn_003091,merch_0042,wallet,942.31,11,26,1079.24,0.1095,0,0
txn_003092,merch_0120,card,4062.79,18,23,2569.59,0.2515,0,0
txn_003093,merch_0040,card,1767.87,1,24,2783.19,0.1307,0,0
txn_003094,merch_0169,upi,312.95,20,22,497.92,0.0621,0,0
txn_003095,merch_0177,card,8282.77,11,15,6227.36,0.1637,0,0
txn_003096,merch_0167,upi,771.64,10,37,10152.67,0.1641,0,0
txn_003097,merch_0038,upi,224.68,2,31,249.89,0.18,0,0
txn_003098,merch_0112,card,1396.45,19,15,1093.2,0.0827,0,0
txn_003099,merch_0150,card,2538.89,19,19,1351.02,0.3497,0,0
txn_003100,merch_0110,card,174.3,18,12,122.19,0.075,0,0
txn_003101,merch_0179,upi,26901.6,15,24,29836.97,0.1374,0,0
txn_003102,merch_0046,upi,877.69,18,21,571.34,0.1993,0,0
txn_003103,merch_0062,upi,155.73,13,29,303.19,0.065,0,0
txn_003104,merch_0109,upi,831.15,14,34,1116.11,0.158,0,0
txn_003105,merch_0068,upi,2608.53,19,17,1483.97,0.1521,0,0
txn_003106,merch_0042,upi,933.13,8,31,884.86,0.0389,0,0
txn_003107,merch_0175,upi,3111.58,10,31,3051.55,0.2578,0,0
txn_003108,merch_0033,netbanking,156.29,0,135,272.6,0.1132,0,1
txn_003109,merch_0039,upi,1643.44,12,18,1557.79,0.1587,0,0
txn_003110,merch_0060,card,854.02,2,31,634.28,0.1004,0,0
txn_003111,merch_0177,upi,8309.3,8,20,6434.42,0.237,0,0
txn_003112,merch_0194,netbanking,555.88,15,21,1170.09,0.168,0,0
txn_003113,merch_0061,card,1219.17,19,29,856.9,0.0203,1,0
txn_003114,merch_0057,upi,401.43,15,30,687.43,0.2688,0,0
txn_003115,merch_0160,card,335.39,16,15,372.0,0.4309,0,0
txn_003116,merch_0074,upi,22.57,17,24,44.97,0.0776,0,0
txn_003117,merch_0015,card,520.54,15,20,542.25,0.1233,1,0
txn_003118,merch_0081,upi,775.78,0,26,1754.37,0.0956,0,0
txn_003119,merch_0093,wallet,560.84,10,34,788.39,0.0168,0,0
txn_003120,merch_0047,upi,4028.87,16,20,4238.49,0.131,0,0
txn_003121,merch_0137,upi,964.49,14,28,672.43,0.0627,0,0
txn_003122,merch_0081,card,2400.38,19,34,1563.43,0.2677,0,0
txn_003123,merch_0037,upi,21.18,11,22,91.65,0.186,0,0
txn_003124,merch_0126,netbanking,443.76,10,29,369.8,0.074,0,0
txn_003125,merch_0018,card,403.0,14,23,348.42,0.0983,0,0
txn_003126,merch_0163,card,285.04,21,15,363.66,0.3526,0,0
txn_003127,merch_0186,upi,1016.4,22,21,1825.53,0.0076,1,0
txn_003128,merch_0062,netbanking,280.25,13,22,252.11,0.3991,0,0
txn_003129,merch_0076,netbanking,1330.22,19,28,1340.31,0.3283,0,0
txn_003130,merch_0173,upi,1879.84,23,28,1545.9,0.2097,0,0
txn_003131,merch_0130,upi,150.97,16,100,162.91,0.0304,0,0
txn_003132,merch_0101,upi,10.0,14,18,749.42,0.3863,0,0
txn_003133,merch_0064,wallet,2067.48,12,28,2636.47,0.0966,0,0
txn_003134,merch_0119,upi,831.49,18,23,2463.46,0.1459,0,0
txn_003135,merch_0090,card,2656.3,14,150,1254.47,0.0214,1,0
txn_003136,merch_0007,upi,2817.88,16,25,3144.55,0.0944,0,0
txn_003137,merch_0178,upi,1061.01,3,16,894.31,0.1003,1,0
txn_003138,merch_0072,card,1296.68,10,9,1079.76,0.8239,1,1
txn_003139,merch_0133,wallet,2208.49,3,18,2117.2,0.134,0,0
txn_003140,merch_0106,card,8914.04,22,26,10506.01,0.092,1,0
txn_003141,merch_0088,netbanking,403.55,1,13,569.34,0.2145,0,0
txn_003142,merch_0038,card,10.0,17,41,216.13,0.4612,0,0
txn_003143,merch_0112,upi,1231.23,0,34,1162.75,0.1416,0,0
txn_003144,merch_0187,upi,1155.04,3,19,1067.24,0.0268,0,0
txn_003145,merch_0027,card,1685.87,20,31,1887.31,0.0642,0,0
txn_003146,merch_0096,wallet,1683.5,14,39,1600.21,0.2214,1,0
txn_003147,merch_0181,netbanking,200.81,12,16,435.45,0.1618,0,0
txn_003148,merch_0036,upi,1170.69,18,25,1467.63,0.1258,0,0
txn_003149,merch_0136,upi,326.48,21,147,467.33,0.0134,0,0
txn_003150,merch_0081,upi,2284.72,10,31,1779.09,0.0901,0,0
txn_003151,merch_0055,wallet,3432.11,14,32,3628.13,0.0856,0,0
txn_003152,merch_0186,netbanking,1267.44,3,20,1655.85,0.1439,1,0
txn_003153,merch_0084,netbanking,378.02,17,13,461.42,0.0218,1,0
txn_003154,merch_0001,upi,464.53,20,28,1036.53,0.0576,0,0
txn_003155,merch_0188,card,324.64,2,17,437.61,0.1562,0,0
txn_003156,merch_0057,card,964.08,15,28,808.93,0.4947,0,0
txn_003157,merch_0106,upi,5323.99,1,18,11454.76,0.0493,1,0
txn_003158,merch_0122,card,5750.26,14,29,5339.22,0.1848,1,0
txn_003159,merch_0187,upi,629.93,2,29,868.49,0.1393,0,0
txn_003160,merch_0167,upi,4671.1,18,36,10006.57,0.0276,0,0
txn_003161,merch_0163,wallet,824.35,11,21,402.53,0.0381,0,0
txn_003162,merch_0113,netbanking,29145.06,12,38,19626.68,0.2134,0,0
txn_003163,merch_0106,upi,8201.4,22,20,11717.78,0.1485,1,0
txn_003164,merch_0036,card,1174.16,20,25,1605.3,0.2918,0,0
txn_003165,merch_0078,upi,433.0,13,23,1323.74,0.1965,0,0
txn_003166,merch_0091,netbanking,945.2,9,13,3481.89,0.0813,0,0
txn_003167,merch_0017,netbanking,1030.02,15,18,1429.02,0.1554,0,0
txn_003168,merch_0097,netbanking,1478.88,6,53,1667.5,0.029,0,0
txn_003169,merch_0062,card,271.48,4,26,320.56,0.1585,0,0
txn_003170,merch_0149,upi,1746.0,16,33,1407.49,0.3051,0,0
txn_003171,merch_0138,upi,3965.51,21,30,2516.81,0.3623,1,0
txn_003172,merch_0185,card,2987.99,17,15,2892.43,0.0024,1,0
txn_003173,merch_0184,upi,493.95,11,21,919.7,0.0988,0,0
txn_003174,merch_0003,netbanking,7741.2,15,34,7708.64,0.1134,0,0
txn_003175,merch_0134,upi,449.18,15,19,348.32,0.887,0,0
txn_003176,merch_0060,upi,482.81,19,32,646.31,0.8471,0,0
txn_003177,merch_0106,upi,3309.16,15,32,11697.33,0.1695,1,0
txn_003178,merch_0053,wallet,3128.34,21,18,2176.06,0.0686,0,0
txn_003179,merch_0087,upi,1671.17,15,28,1614.58,0.0935,0,0
txn_003180,merch_0067,card,10.0,13,28,3691.18,0.1451,0,0
txn_003181,merch_0128,upi,2764.37,16,22,1061.4,0.1238,1,0
txn_003182,merch_0054,upi,2853.22,12,135,4151.22,0.0264,0,1
txn_003183,merch_0002,card,4559.52,14,22,2703.27,0.1402,0,0
txn_003184,merch_0165,card,2115.6,20,26,1754.89,0.3811,1,0
txn_003185,merch_0120,card,2525.66,16,24,2927.9,0.1243,0,0
txn_003186,merch_0128,netbanking,1371.48,10,18,1251.37,0.0874,1,0
txn_003187,merch_0101,upi,382.5,13,28,631.77,0.0404,0,0
txn_003188,merch_0037,upi,106.6,14,24,91.34,0.234,0,0
txn_003189,merch_0084,wallet,888.46,13,98,418.15,0.4489,1,0
txn_003190,merch_0156,upi,7262.18,18,26,9500.08,0.0333,0,0
txn_003191,merch_0132,card,385.35,12,20,320.51,0.0925,0,0
txn_003192,merch_0091,netbanking,2348.87,10,23,3545.66,0.0832,0,0
txn_003193,merch_0020,upi,5938.01,2,22,6539.23,0.1293,0,0
txn_003194,merch_0198,card,2481.27,19,12,1211.86,0.1595,1,0
txn_003195,merch_0194,upi,1695.04,19,12,1506.14,0.1451,0,0
txn_003196,merch_0108,upi,1946.43,0,23,1335.77,0.0184,0,0
txn_003197,merch_0046,upi,653.65,13,18,688.81,0.138,0,0
txn_003198,merch_0083,netbanking,1362.92,13,28,669.12,0.1548,0,0
txn_003199,merch_0082,upi,4033.32,13,27,6889.51,0.4712,1,0
txn_003200,merch_0034,card,1045.08,10,37,2623.97,0.1377,1,0
txn_003201,merch_0195,wallet,3284.99,15,32,1924.25,0.3339,0,1
txn_003202,merch_0068,card,1436.93,20,18,1840.66,0.1514,0,0
txn_003203,merch_0128,card,1538.82,2,14,1370.43,0.2849,1,1
txn_003204,merch_0195,card,3312.78,10,27,1734.15,0.8525,0,0
txn_003205,merch_0139,upi,293.33,14,154,274.43,0.1329,1,1
txn_003206,merch_0187,card,2120.17,0,23,900.56,0.0623,0,0
txn_003207,merch_0026,card,294.57,17,31,281.9,0.086,0,0
txn_003208,merch_0055,wallet,1981.49,14,27,3404.79,0.1285,0,0
txn_003209,merch_0022,wallet,260.07,9,21,1330.74,0.2593,0,0
txn_003210,merch_0152,netbanking,538.42,10,25,537.71,0.0639,0,0
txn_003211,merch_0020,wallet,667.31,2,24,6778.95,0.1668,0,0
txn_003212,merch_0060,card,719.09,17,37,556.88,0.0767,0,0
txn_003213,merch_0062,card,535.71,7,38,317.48,0.076,0,0
txn_003214,merch_0121,wallet,366.19,21,37,380.86,0.2358,0,0
txn_003215,merch_0051,upi,769.15,20,25,756.45,0.4183,0,0
txn_003216,merch_0087,wallet,2084.86,8,24,1840.98,0.0992,0,0
txn_003217,merch_0152,upi,604.11,3,171,477.65,0.0304,0,0
txn_003218,merch_0054,card,6022.86,3,27,4056.13,0.0945,0,0
txn_003219,merch_0045,card,457.88,12,21,527.88,0.1704,0,0
txn_003220,merch_0031,wallet,10.0,1,22,9254.95,0.1186,0,0
txn_003221,merch_0054,upi,6052.87,1,23,4172.33,0.1137,0,0
txn_003222,merch_0095,netbanking,171.06,22,28,169.04,0.1858,1,0
txn_003223,merch_0132,card,176.61,16,15,262.1,0.1298,0,0
txn_003224,merch_0035,upi,281.28,12,28,279.79,0.137,0,0
txn_003225,merch_0109,netbanking,1075.16,17,21,1141.28,0.1308,0,0
txn_003226,merch_0176,card,650.26,8,19,957.56,0.064,1,0
txn_003227,merch_0105,card,587.44,12,30,1964.89,0.4651,0,0
txn_003228,merch_0057,upi,923.41,20,31,801.95,0.9506,0,0
txn_003229,merch_0038,card,112.0,15,29,236.13,0.2043,0,0
txn_003230,merch_0079,card,105.54,18,18,99.76,0.1946,0,0
txn_003231,merch_0096,upi,1874.29,16,31,1525.63,0.0676,1,0
txn_003232,merch_0112,upi,1535.63,10,18,1133.92,0.0747,0,0
txn_003233,merch_0060,wallet,1282.96,4,32,595.2,0.1468,0,0
txn_003234,merch_0136,card,465.63,12,15,484.6,0.2713,0,0
txn_003235,merch_0005,netbanking,684.78,10,31,906.46,0.0444,0,0
txn_003236,merch_0108,upi,2500.53,21,24,1410.29,0.124,0,0
txn_003237,merch_0034,upi,4201.84,16,20,3154.98,0.0997,1,0
txn_003238,merch_0038,upi,244.73,17,34,233.24,0.1417,0,0
txn_003239,merch_0149,upi,1694.37,18,24,1728.72,0.1027,0,0
txn_003240,merch_0168,card,825.97,12,26,716.9,0.1265,0,0
txn_003241,merch_0117,card,291.83,10,20,285.97,0.2457,0,0
txn_003242,merch_0004,card,795.39,18,24,764.64,0.3285,1,0
txn_003243,merch_0169,upi,280.34,20,32,409.45,0.1225,0,0
txn_003244,merch_0086,card,3300.27,10,23,3492.5,0.4045,1,0
txn_003245,merch_0075,upi,5569.76,8,25,3288.73,0.0418,0,0
txn_003246,merch_0194,upi,815.02,12,31,1356.43,0.2498,0,0
txn_003247,merch_0157,wallet,1640.56,16,19,1916.4,0.1751,0,0
txn_003248,merch_0056,card,274.05,2,32,438.46,0.3155,0,0
txn_003249,merch_0126,card,521.21,11,34,286.51,0.0878,0,0
txn_003250,merch_0028,upi,698.86,16,139,566.51,0.0425,0,1
txn_003251,merch_0164,wallet,1272.59,15,19,3020.41,0.1735,0,0
txn_003252,merch_0086,card,833.54,21,22,3037.25,0.8683,1,1
txn_003253,merch_0140,netbanking,1836.63,7,12,1513.01,0.2357,0,0
txn_003254,merch_0159,upi,1316.94,13,36,2324.5,0.9486,1,1
txn_003255,merch_0045,wallet,652.83,20,15,433.89,0.064,0,0
txn_003256,merch_0115,netbanking,1144.37,2,20,1576.8,0.2949,1,0
txn_003257,merch_0111,netbanking,1335.52,13,31,1173.79,0.9966,0,0
txn_003258,merch_0150,upi,1839.52,15,21,1448.29,0.0465,0,0
txn_003259,merch_0044,upi,131.93,16,12,187.84,0.1295,0,0
txn_003260,merch_0144,upi,709.95,16,28,1344.26,0.3025,0,0
txn_003261,merch_0103,upi,521.3,9,20,411.79,0.3097,0,0
txn_003262,merch_0084,netbanking,252.76,17,14,355.35,0.3075,1,0
txn_003263,merch_0193,upi,383.42,19,31,270.9,0.1264,0,0
txn_003264,merch_0133,upi,1204.64,15,21,1765.61,0.1886,0,0
txn_003265,merch_0107,upi,1510.03,11,34,1522.54,0.204,1,0
txn_003266,merch_0017,upi,1402.14,22,248,1530.68,0.0792,0,0
txn_003267,merch_0093,upi,742.4,13,24,814.69,0.1157,0,0
txn_003268,merch_0149,netbanking,1186.36,1,28,1514.3,0.1163,0,0
txn_003269,merch_0032,card,1005.46,15,20,966.6,0.0522,0,0
txn_003270,merch_0157,upi,10.0,11,24,1938.59,0.0353,0,0
txn_003271,merch_0125,upi,9755.53,1,23,14101.17,0.1176,1,1
txn_003272,merch_0159,upi,1931.06,11,33,2283.13,0.0229,1,0
txn_003273,merch_0169,upi,431.81,10,32,419.38,0.3582,0,0
txn_003274,merch_0121,card,523.87,21,30,351.21,0.0985,0,0
txn_003275,merch_0137,card,560.06,11,18,744.69,0.0483,0,0
txn_003276,merch_0114,card,1604.65,12,23,773.35,0.135,1,0
txn_003277,merch_0163,card,218.06,10,20,379.82,0.0304,0,0
txn_003278,merch_0161,upi,986.64,15,19,2931.97,0.15,0,0
txn_003279,merch_0027,wallet,325.23,4,218,1853.35,0.3309,0,1
txn_003280,merch_0010,netbanking,819.3,0,115,580.52,0.1118,1,0
txn_003281,merch_0166,wallet,3023.4,4,17,2730.93,0.1054,0,0
txn_003282,merch_0046,upi,806.34,1,16,626.8,0.2178,0,0
txn_003283,merch_0126,wallet,355.35,1,32,382.29,0.2047,0,0
txn_003284,merch_0146,netbanking,247.6,19,11,252.3,0.0295,0,0
txn_003285,merch_0117,netbanking,308.44,17,29,295.15,0.1308,0,0
txn_003286,merch_0142,upi,353.16,9,21,179.35,0.3495,1,0
txn_003287,merch_0125,netbanking,12022.65,18,136,15816.22,0.0554,1,0
txn_003288,merch_0155,wallet,918.5,3,20,468.02,0.2327,0,0
txn_003289,merch_0151,card,2182.29,13,18,1793.83,0.0221,0,0
txn_003290,merch_0071,card,8158.5,4,25,6566.76,0.0478,0,0
txn_003291,merch_0106,wallet,12718.33,10,18,12040.29,0.3317,1,0
txn_003292,merch_0136,upi,10.0,10,124,425.25,0.0032,0,0
txn_003293,merch_0174,card,1326.52,18,15,1724.87,0.0309,1,0
txn_003294,merch_0032,card,803.01,11,29,1163.11,0.2391,0,0
txn_003295,merch_0189,wallet,388.79,2,23,162.66,0.3316,0,0
txn_003296,merch_0018,upi,312.32,15,21,337.94,0.4593,0,0
txn_003297,merch_0194,card,1330.41,13,15,1289.13,0.0627,0,0
txn_003298,merch_0073,card,7058.39,4,28,6894.15,0.0768,1,0
txn_003299,merch_0167,netbanking,4784.14,15,37,9126.27,0.1453,0,0
txn_003300,merch_0174,card,1096.07,18,25,1691.63,0.0952,1,0
txn_003301,merch_0192,wallet,2007.7,11,32,1307.47,0.1073,1,0
txn_003302,merch_0156,wallet,3107.05,13,14,11292.58,0.0355,0,0
txn_003303,merch_0177,upi,7150.71,3,21,6242.21,0.0502,0,0
txn_003304,merch_0097,upi,931.33,12,28,1541.49,0.1209,0,0
txn_003305,merch_0140,upi,2035.17,12,19,1456.55,0.0219,0,0
txn_003306,merch_0128,upi,1527.5,12,20,1400.81,0.0806,1,0
txn_003307,merch_0161,card,305.58,16,17,2750.63,0.0785,0,0
txn_003308,merch_0092,wallet,357.94,19,27,456.5,0.1826,0,0
txn_003309,merch_0175,netbanking,3392.32,8,23,3061.03,0.3595,0,0
txn_003310,merch_0047,upi,3241.78,17,17,3761.07,0.2429,0,0
txn_003311,merch_0176,upi,1203.65,17,13,1149.78,0.1537,1,0
txn_003312,merch_0063,card,258.04,14,212,266.68,0.0273,0,0
txn_003313,merch_0060,card,889.46,16,33,667.99,0.8652,0,0
txn_003314,merch_0156,upi,11771.1,12,178,11802.49,0.0791,0,1
txn_003315,merch_0038,wallet,216.49,0,35,254.68,0.2063,0,0
txn_003316,merch_0127,wallet,559.31,11,13,493.08,0.0624,0,0
txn_003317,merch_0087,upi,1085.58,13,25,1603.64,0.1754,0,0
txn_003318,merch_0025,wallet,2077.5,10,25,1223.58,0.1608,0,0
txn_003319,merch_0016,upi,786.29,21,4,295.07,0.038,0,0
txn_003320,merch_0070,netbanking,1518.12,21,22,1815.73,0.3244,0,0
txn_003321,merch_0012,card,1502.44,18,22,1672.17,0.0988,1,0
txn_003322,merch_0068,upi,2372.35,21,22,1516.12,0.0835,0,0
txn_003323,merch_0025,wallet,1820.13,10,191,1167.17,0.0344,0,1
txn_003324,merch_0048,card,1767.02,13,33,1832.71,0.2573,0,0
txn_003325,merch_0194,netbanking,710.05,23,25,1271.08,0.057,0,0
txn_003326,merch_0006,upi,14136.72,23,31,7167.24,0.01,0,0
txn_003327,merch_0057,upi,999.16,13,20,811.25,0.1115,0,0
txn_003328,merch_0048,upi,1793.25,11,24,1470.47,0.2605,0,0
txn_003329,merch_0102,card,448.15,21,27,732.78,0.1836,0,0
txn_003330,merch_0052,card,503.17,17,23,429.73,0.1912,1,0
txn_003331,merch_0192,upi,107.77,12,24,1335.08,0.0861,1,0
txn_003332,merch_0061,card,1130.69,22,32,808.35,0.0216,1,0
txn_003333,merch_0016,card,478.52,11,18,347.72,0.0783,0,0
txn_003334,merch_0170,card,421.93,14,21,337.6,0.2456,1,0
txn_003335,merch_0024,card,286.54,19,30,598.35,0.1905,1,0
txn_003336,merch_0130,wallet,215.51,13,26,174.45,0.0732,0,0
txn_003337,merch_0028,card,690.41,20,21,561.51,0.2421,0,0
txn_003338,merch_0116,card,727.21,12,29,1170.73,0.0219,0,0
txn_003339,merch_0159,upi,3174.27,2,30,2435.84,0.0353,1,0
txn_003340,merch_0025,upi,1547.57,10,20,1335.67,0.2535,0,0
txn_003341,merch_0123,upi,172.43,8,29,222.56,0.035,1,0
txn_003342,merch_0143,card,927.23,17,29,1448.95,0.0381,0,0
txn_003343,merch_0024,upi,517.71,7,23,539.66,0.0345,1,0
txn_003344,merch_0053,upi,1593.2,10,28,2601.05,0.0134,0,0
txn_003345,merch_0155,netbanking,522.75,11,25,404.02,0.1502,0,0
txn_003346,merch_0072,upi,1266.97,12,18,1010.24,0.1216,1,0
txn_003347,merch_0119,upi,4551.73,19,22,2964.15,0.2784,0,0
txn_003348,merch_0055,upi,3928.75,16,31,3201.78,0.22,0,0
txn_003349,merch_0064,netbanking,3571.07,14,32,2947.51,0.2938,0,0
txn_003350,merch_0092,upi,398.63,13,36,420.48,0.2502,0,0
txn_003351,merch_0085,card,346.1,1,24,664.87,0.1102,0,0
txn_003352,merch_0079,card,83.85,10,11,114.04,0.8472,0,0
txn_003353,merch_0168,card,1297.33,12,32,935.54,0.0404,0,0
txn_003354,merch_0107,card,1637.85,6,27,1180.65,0.183,1,0
txn_003355,merch_0178,netbanking,942.69,3,21,726.2,0.1641,1,0
txn_003356,merch_0117,upi,23.0,16,21,269.37,0.1495,0,0
txn_003357,merch_0198,upi,1382.54,9,19,1095.75,0.1169,1,0
txn_003358,merch_0156,upi,5809.75,15,22,10730.3,0.0322,0,0
txn_003359,merch_0082,upi,3244.22,19,36,7130.08,0.0749,1,0
txn_003360,merch_0146,upi,129.2,16,20,220.75,0.3806,0,0
txn_003361,merch_0193,upi,150.14,8,24,209.29,0.136,0,0
txn_003362,merch_0168,card,1097.28,14,34,937.92,0.1136,0,0
txn_003363,merch_0172,card,1073.19,7,16,984.86,0.0361,0,0
txn_003364,merch_0014,upi,98.01,14,27,120.48,0.0224,0,0
txn_003365,merch_0130,card,112.84,7,22,175.11,0.2553,0,0
txn_003366,merch_0138,upi,3685.32,19,154,3132.02,0.3399,1,0
txn_003367,merch_0180,upi,3210.94,11,28,2533.41,0.0408,0,0
txn_003368,merch_0173,card,1732.19,16,27,1685.73,0.0574,0,0
txn_003369,merch_0029,upi,288.84,22,11,814.38,0.4057,0,0
txn_003370,merch_0056,upi,342.06,18,30,397.74,0.0271,0,0
txn_003371,merch_0145,upi,5152.01,12,22,2902.95,0.0632,0,0
txn_003372,merch_0178,wallet,368.91,21,16,906.38,0.038,1,0
txn_003373,merch_0127,card,628.78,16,11,637.11,0.1714,0,0
txn_003374,merch_0047,upi,8486.98,17,14,4048.5,0.0718,0,0
txn_003375,merch_0193,netbanking,212.04,13,19,252.14,0.0962,0,0
txn_003376,merch_0135,netbanking,11603.16,11,29,6717.45,0.2732,0,0
txn_003377,merch_0021,card,530.8,7,39,792.27,0.0557,0,0
txn_003378,merch_0005,netbanking,162.96,16,34,933.47,0.0491,0,0
txn_003379,merch_0184,upi,654.02,15,17,880.25,0.3877,0,0
txn_003380,merch_0103,upi,283.8,15,34,413.54,0.1155,0,0
txn_003381,merch_0035,card,114.81,14,39,266.02,0.1629,0,0
txn_003382,merch_0078,card,1060.94,16,16,1085.05,0.2293,0,0
txn_003383,merch_0115,card,2243.2,20,21,1784.25,0.2357,1,0
txn_003384,merch_0056,card,316.3,17,25,403.27,0.162,0,0
txn_003385,merch_0048,wallet,1422.82,3,34,1573.86,0.3849,0,0
txn_003386,merch_0172,wallet,1444.07,14,16,853.75,0.2176,0,0
txn_003387,merch_0081,netbanking,1006.66,0,29,1772.81,0.0085,0,0
txn_003388,merch_0065,netbanking,7111.28,12,19,6369.52,0.0458,0,0
txn_003389,merch_0076,wallet,381.86,18,27,1238.76,0.0651,0,0
txn_003390,merch_0044,upi,88.61,19,17,176.67,0.1501,0,0
txn_003391,merch_0078,upi,1140.77,16,17,1194.29,0.0565,0,0
txn_003392,merch_0019,card,318.04,9,37,205.54,0.0768,0,0
txn_003393,merch_0191,netbanking,1523.41,16,17,3238.16,0.4713,0,0
txn_003394,merch_0122,card,3582.48,12,26,5342.95,0.0437,1,0
txn_003395,merch_0066,netbanking,1158.88,14,19,1137.15,0.2397,0,0
txn_003396,merch_0082,upi,7567.01,19,43,6294.5,0.0627,1,0
txn_003397,merch_0002,upi,1462.63,10,24,2474.72,0.0956,0,0
txn_003398,merch_0181,netbanking,309.32,21,22,440.45,0.3686,0,0
txn_003399,merch_0063,upi,428.72,3,22,267.14,0.2601,0,0
txn_003400,merch_0039,upi,677.91,16,16,1465.33,0.0703,0,0
txn_003401,merch_0058,upi,1952.16,0,27,1697.13,0.2923,1,0
txn_003402,merch_0182,upi,224.33,7,19,280.43,0.2309,0,0
txn_003403,merch_0061,card,1356.7,19,24,999.5,0.1462,1,0
txn_003404,merch_0131,upi,1532.69,9,38,1180.82,0.2826,0,0
txn_003405,merch_0059,card,4501.37,16,23,3109.67,0.0854,0,0
txn_003406,merch_0115,upi,1212.15,0,14,1810.02,0.1223,1,0
txn_003407,merch_0074,netbanking,59.89,7,28,49.42,0.032,0,0
txn_003408,merch_0121,upi,464.34,10,39,380.22,0.3138,0,0
txn_003409,merch_0106,card,12581.01,14,16,11863.05,0.2251,1,0
txn_003410,merch_0095,card,167.7,20,23,191.76,0.2321,1,0
txn_003411,merch_0090,upi,1344.8,19,21,1180.52,0.2122,1,0
txn_003412,merch_0157,wallet,10.0,12,21,1747.47,0.1917,0,0
txn_003413,merch_0129,card,988.88,22,8,655.18,0.1589,0,0
txn_003414,merch_0061,upi,671.33,1,29,833.12,0.0071,1,0
txn_003415,merch_0048,upi,1448.38,9,30,1664.45,0.2132,0,0
txn_003416,merch_0136,wallet,221.7,21,16,429.56,0.2518,0,0
txn_003417,merch_0091,netbanking,4588.76,22,18,3759.39,0.1117,0,0
txn_003418,merch_0158,upi,315.3,7,27,277.06,0.0691,0,1
txn_003419,merch_0123,upi,169.96,7,15,199.25,0.1986,1,0
txn_003420,merch_0060,netbanking,10.0,12,32,603.38,0.0801,0,0
txn_003421,merch_0047,card,2360.07,11,14,3630.61,0.1206,0,0
txn_003422,merch_0152,netbanking,566.81,17,25,461.77,0.9505,0,0
txn_003423,merch_0163,upi,465.5,4,12,435.59,0.0845,0,0
txn_003424,merch_0135,card,6929.06,21,11,7175.66,0.1662,0,0
txn_003425,merch_0057,upi,605.79,13,33,654.77,0.0187,0,0
txn_003426,merch_0100,upi,22.6,14,14,201.14,0.2603,0,0
txn_003427,merch_0111,card,1441.22,16,18,1207.31,0.1908,0,0
txn_003428,merch_0172,wallet,532.8,14,22,882.54,0.2288,0,0
txn_003429,merch_0061,upi,807.85,19,45,773.59,0.2325,1,0
txn_003430,merch_0038,card,87.89,17,28,233.99,0.1336,0,0
txn_003431,merch_0057,card,1110.37,0,27,860.59,0.144,0,0
txn_003432,merch_0098,card,1388.5,13,29,946.72,0.3256,0,0
txn_003433,merch_0191,netbanking,2461.33,14,21,2921.69,0.1572,0,0
txn_003434,merch_0043,netbanking,1038.53,8,32,664.83,0.1905,0,0
txn_003435,merch_0028,upi,235.86,19,35,495.91,0.0788,0,1
txn_003436,merch_0058,wallet,1557.37,20,22,1658.62,0.274,1,0
txn_003437,merch_0070,netbanking,1136.74,13,32,1662.63,0.0893,0,0
txn_003438,merch_0091,netbanking,5155.18,16,23,3362.73,0.293,0,0
txn_003439,merch_0008,card,734.11,1,18,570.11,0.0923,0,0
txn_003440,merch_0126,netbanking,439.17,13,32,346.04,0.2635,0,0
txn_003441,merch_0133,upi,1449.84,9,17,1979.86,0.5413,0,0
txn_003442,merch_0156,upi,12799.6,17,207,10793.46,0.0052,0,1
txn_003443,merch_0185,netbanking,957.05,15,14,2810.47,0.404,1,0
txn_003444,merch_0144,upi,625.21,6,28,1601.08,0.3742,0,0
txn_003445,merch_0143,upi,1229.99,15,32,1556.37,0.0642,0,0
txn_003446,merch_0130,netbanking,77.65,6,13,153.66,0.1631,0,0
txn_003447,merch_0020,netbanking,8174.6,16,20,7228.47,0.1484,0,0
txn_003448,merch_0063,upi,187.94,21,25,235.34,0.4237,0,0
txn_003449,merch_0089,netbanking,1358.06,9,21,2239.08,0.167,0,0
txn_003450,merch_0035,card,152.98,17,27,275.33,0.2367,0,0
txn_003451,merch_0061,card,1115.83,3,35,921.34,0.2486,1,0
txn_003452,merch_0169,netbanking,17.1,0,37,471.33,0.3395,0,0
txn_003453,merch_0075,upi,1427.53,18,29,3109.29,0.0668,0,0
txn_003454,merch_0169,upi,679.2,20,22,447.85,0.1067,0,0
txn_003455,merch_0188,upi,321.07,22,21,341.31,0.129,0,0
txn_003456,merch_0012,card,2012.05,4,33,1501.08,0.1513,1,0
txn_003457,merch_0010,card,763.03,13,18,607.94,0.2277,1,0
txn_003458,merch_0053,netbanking,2148.76,8,24,2128.72,0.1356,0,0
txn_003459,merch_0015,netbanking,207.65,20,25,556.85,0.0648,1,0
txn_003460,merch_0007,card,1333.24,18,22,3041.95,0.0414,0,0
txn_003461,merch_0103,netbanking,179.6,11,222,428.59,0.0826,0,1
txn_003462,merch_0058,upi,2083.98,16,23,1859.46,0.1307,1,0
txn_003463,merch_0056,upi,495.59,4,29,391.04,0.0739,0,0
txn_003464,merch_0039,netbanking,859.38,8,18,1250.64,0.0009,0,0
txn_003465,merch_0186,upi,1852.85,11,16,1827.45,0.1865,1,0
txn_003466,merch_0129,upi,601.14,10,16,535.45,0.0945,0,0
txn_003467,merch_0093,card,771.35,4,24,781.16,0.1796,0,0
txn_003468,merch_0137,upi,543.02,18,20,669.0,0.078,0,0
txn_003469,merch_0043,netbanking,1414.5,10,35,768.27,0.0174,0,0
txn_003470,merch_0138,upi,3964.37,16,25,3280.67,0.0569,1,0
txn_003471,merch_0079,upi,103.89,7,19,98.98,0.0732,0,0
txn_003472,merch_0080,upi,640.63,11,12,817.93,0.2323,1,0
txn_003473,merch_0001,card,556.55,11,31,846.24,0.0172,0,0
txn_003474,merch_0177,upi,7394.27,12,29,6752.16,0.1675,0,0
txn_003475,merch_0139,card,202.33,13,31,235.67,0.1201,1,0
txn_003476,merch_0114,netbanking,940.01,7,34,998.67,0.1252,1,0
txn_003477,merch_0089,wallet,848.83,12,23,1827.29,0.2963,0,0
txn_003478,merch_0022,upi,980.04,10,23,1011.62,0.4423,0,0
txn_003479,merch_0145,card,2694.62,12,30,2835.42,0.3165,0,1
txn_003480,merch_0061,card,1208.19,15,33,764.05,0.2061,1,0
txn_003481,merch_0112,wallet,838.92,6,38,1132.73,0.1923,0,0
txn_003482,merch_0127,wallet,266.68,8,155,547.76,0.2347,0,0
txn_003483,merch_0061,upi,1029.52,8,29,811.35,0.1241,1,0
txn_003484,merch_0037,card,102.14,17,28,119.39,0.1942,0,0
txn_003485,merch_0194,upi,221.14,0,32,1287.1,0.0419,0,0
txn_003486,merch_0165,upi,399.55,18,28,1607.81,0.4146,1,0
txn_003487,merch_0194,upi,925.91,16,20,1162.56,0.0506,0,0
txn_003488,merch_0060,card,590.76,17,38,581.8,0.2473,0,0
txn_003489,merch_0128,card,2261.62,17,16,1354.98,0.1902,1,0
txn_003490,merch_0172,upi,649.19,13,21,923.52,0.0514,0,0
txn_003491,merch_0155,card,584.19,14,19,479.13,0.0567,0,0
txn_003492,merch_0148,upi,10.0,14,18,2352.53,0.1162,0,0
txn_003493,merch_0121,card,411.68,17,35,350.96,0.1182,0,0
txn_003494,merch_0109,upi,1586.41,20,24,1037.81,0.4164,0,0
txn_003495,merch_0012,upi,1574.07,15,27,1509.87,0.3302,1,0
txn_003496,merch_0154,upi,1061.09,12,13,1602.92,0.1008,0,0
txn_003497,merch_0099,upi,1325.59,6,33,940.13,0.2042,1,0
txn_003498,merch_0134,card,410.7,9,15,395.04,0.0373,0,0
txn_003499,merch_0021,upi,904.62,13,29,713.13,0.1641,0,0
txn_003500,merch_0073,card,4716.5,17,27,6153.97,0.1713,1,1
txn_003501,merch_0180,upi,2786.1,13,16,2002.83,0.1805,0,0
txn_003502,merch_0131,card,787.2,3,26,1142.31,0.1998,0,0
txn_003503,merch_0022,netbanking,1312.15,22,26,1167.66,0.3016,0,0
txn_003504,merch_0118,upi,4398.29,16,13,4719.92,0.1784,1,0
txn_003505,merch_0069,card,806.43,12,14,526.33,0.3153,0,0
txn_003506,merch_0083,upi,423.37,18,29,677.11,0.915,0,0
txn_003507,merch_0100,card,183.8,17,16,218.35,0.2269,0,0
txn_003508,merch_0083,upi,818.06,13,25,654.77,0.0701,0,0
txn_003509,merch_0160,card,294.95,14,23,308.0,0.0225,0,0
txn_003510,merch_0027,card,1705.35,18,24,1794.34,0.2303,0,1
txn_003511,merch_0135,wallet,6032.71,16,22,6302.24,0.0111,0,0
txn_003512,merch_0000,card,1884.53,9,34,2094.81,0.1092,1,0
txn_003513,merch_0164,card,4645.33,19,24,3808.09,0.1792,0,0
txn_003514,merch_0062,upi,598.88,0,33,273.31,0.1142,0,0
txn_003515,merch_0021,wallet,90.54,19,28,752.87,0.1043,0,0
txn_003516,merch_0069,netbanking,154.69,1,31,465.82,0.2194,0,0
txn_003517,merch_0124,upi,2034.66,14,28,2424.58,0.004,0,0
txn_003518,merch_0148,netbanking,2103.33,7,19,2080.47,0.1095,0,0
txn_003519,merch_0095,upi,172.68,14,23,191.46,0.4212,1,0
txn_003520,merch_0162,netbanking,3042.94,15,16,4505.63,0.1804,0,0
txn_003521,merch_0078,netbanking,742.08,10,24,1221.46,0.3377,0,0
txn_003522,merch_0004,upi,632.49,20,195,918.27,0.2772,1,1
txn_003523,merch_0059,card,4431.92,13,29,3543.55,0.1564,0,0
txn_003524,merch_0119,upi,2850.74,15,21,2781.38,0.0618,0,0
txn_003525,merch_0045,upi,617.7,12,14,528.83,0.3604,0,0
txn_003526,merch_0177,upi,2887.6,14,24,6190.35,0.1636,0,0
txn_003527,merch_0175,card,4338.62,2,33,2681.31,0.0422,0,0
txn_003528,merch_0133,upi,1442.25,21,20,1972.44,0.2078,0,0
txn_003529,merch_0055,upi,4272.96,14,26,3558.56,0.0966,0,0
txn_003530,merch_0109,card,954.47,4,36,890.14,0.1321,0,0
txn_003531,merch_0186,upi,1371.58,14,29,1738.82,0.0855,1,0
txn_003532,merch_0156,upi,11748.37,16,16,8821.74,0.1767,0,0
txn_003533,merch_0198,upi,1572.53,14,34,1262.19,0.2737,1,0
txn_003534,merch_0103,upi,897.5,18,23,381.33,0.0523,0,0
txn_003535,merch_0076,card,1530.2,14,259,1363.86,0.0814,0,0
txn_003536,merch_0145,upi,3418.35,4,20,2815.26,0.2546,0,0
txn_003537,merch_0001,wallet,1440.49,14,28,1055.85,0.0481,0,0
txn_003538,merch_0007,card,3324.35,4,25,2657.68,0.1246,0,0
txn_003539,merch_0074,upi,46.7,12,21,53.76,0.2045,0,0
txn_003540,merch_0181,upi,443.69,16,21,448.24,0.091,0,0
txn_003541,merch_0124,upi,3323.7,17,22,1971.57,0.4731,0,0
txn_003542,merch_0037,card,153.94,12,22,92.67,0.1279,0,0
txn_003543,merch_0175,upi,1515.89,10,30,2891.14,0.0305,0,0
txn_003544,merch_0026,upi,11.73,20,224,268.44,0.1027,0,0
txn_003545,merch_0019,netbanking,331.47,18,27,210.45,0.3401,0,0
txn_003546,merch_0139,upi,169.5,11,25,221.28,0.1886,1,0
txn_003547,merch_0042,upi,65.32,11,37,1027.93,0.1718,0,0
txn_003548,merch_0188,netbanking,10.86,13,21,364.21,0.067,0,0
txn_003549,merch_0030,card,1050.84,4,31,476.86,0.2188,1,0
txn_003550,merch_0090,upi,1840.27,20,22,1340.99,0.1418,1,0
txn_003551,merch_0060,card,367.23,3,37,539.38,0.9592,0,0
txn_003552,merch_0194,upi,855.85,15,23,1435.63,0.1497,0,0
txn_003553,merch_0108,netbanking,1527.08,9,15,1319.51,0.0374,0,0
txn_003554,merch_0090,card,1827.64,9,186,1320.86,0.2197,1,0
txn_003555,merch_0162,netbanking,3680.84,22,29,4788.08,0.1613,0,0
txn_003556,merch_0094,wallet,362.29,18,28,702.43,0.081,0,0
txn_003557,merch_0142,wallet,261.54,3,18,152.25,0.0573,1,0
txn_003558,merch_0143,wallet,1348.17,21,30,1260.32,0.34,0,1
txn_003559,merch_0012,card,1320.07,19,26,1601.96,0.1301,1,0
txn_003560,merch_0112,upi,1397.05,14,22,1039.77,0.138,0,0
txn_003561,merch_0034,card,375.93,13,23,3361.47,0.1,1,0
txn_003562,merch_0186,card,2429.77,10,26,2097.08,0.2193,1,0
txn_003563,merch_0148,wallet,2480.43,1,20,2168.67,0.171,0,0
txn_003564,merch_0181,upi,173.46,16,21,449.53,0.3027,0,0
txn_003565,merch_0157,wallet,10.0,9,17,2046.06,0.1253,0,0
txn_003566,merch_0047,netbanking,2678.47,16,17,3436.0,0.2877,0,0
txn_003567,merch_0034,wallet,3162.45,17,24,2786.01,0.1717,1,0
txn_003568,merch_0085,wallet,683.51,12,20,615.97,0.8317,0,0
txn_003569,merch_0165,upi,3226.41,9,30,1840.35,0.0405,1,0
txn_003570,merch_0158,upi,280.83,17,26,223.96,0.931,0,0
txn_003571,merch_0151,upi,807.98,18,18,1542.26,0.1903,0,0
txn_003572,merch_0113,upi,19460.8,10,22,22570.04,0.2938,0,0
txn_003573,merch_0176,card,310.53,2,31,1167.21,0.337,1,0
txn_003574,merch_0099,netbanking,755.2,19,37,926.27,0.2118,1,0
txn_003575,merch_0159,wallet,3562.29,13,26,2744.05,0.2437,1,0
txn_003576,merch_0182,card,373.5,19,13,336.99,0.0144,0,0
txn_003577,merch_0185,upi,1533.86,1,11,2624.42,0.1586,1,0
txn_003578,merch_0098,upi,1393.55,20,28,1117.61,0.1906,0,0
txn_003579,merch_0002,upi,1692.42,12,25,2292.25,0.1597,0,0
txn_003580,merch_0196,upi,14.99,1,32,425.12,0.1866,0,1
txn_003581,merch_0084,card,125.56,21,16,456.86,0.0969,1,0
txn_003582,merch_0124,upi,2810.86,12,27,2403.33,0.215,0,0
txn_003583,merch_0137,upi,949.93,21,16,807.34,0.0811,0,0
txn_003584,merch_0082,upi,10850.82,12,38,7136.71,0.2877,1,0
txn_003585,merch_0024,card,671.57,12,24,642.34,0.0499,1,0
txn_003586,merch_0067,card,6382.17,22,30,4008.57,0.1255,0,0
txn_003587,merch_0060,card,815.07,10,30,675.4,0.1906,0,0
txn_003588,merch_0028,upi,720.34,11,127,559.03,0.183,0,1
txn_003589,merch_0126,wallet,512.22,19,31,329.87,0.0845,0,0
txn_003590,merch_0018,upi,449.48,13,29,374.47,0.0486,0,0
txn_003591,merch_0170,card,586.71,23,156,381.12,0.4214,1,1
txn_003592,merch_0193,netbanking,159.35,19,25,269.87,0.0808,0,0
txn_003593,merch_0073,card,1320.91,16,36,6666.02,0.0211,1,0
txn_003594,merch_0060,wallet,821.56,12,35,591.74,0.1767,0,0
txn_003595,merch_0170,upi,450.2,8,23,383.6,0.4499,1,0
txn_003596,merch_0152,card,329.09,3,21,555.46,0.0542,0,0
txn_003597,merch_0019,upi,79.59,2,32,200.75,0.0532,0,0
txn_003598,merch_0047,card,4181.95,13,19,3462.3,0.0538,0,0
txn_003599,merch_0086,upi,4161.78,17,17,3461.25,0.0283,1,0
txn_003600,merch_0151,upi,1979.33,16,19,1719.93,0.0143,0,0
txn_003601,merch_0138,card,1326.32,18,21,3213.58,0.0839,1,0
txn_003602,merch_0109,card,694.86,11,32,1109.69,0.0955,0,0
txn_003603,merch_0182,upi,405.6,8,16,281.44,0.1903,0,0
txn_003604,merch_0027,card,1775.16,14,17,1486.53,0.0567,0,0
txn_003605,merch_0196,card,519.61,15,31,412.16,0.0863,0,0
txn_003606,merch_0190,upi,535.42,13,21,671.08,0.2147,0,0
txn_003607,merch_0058,card,2325.44,8,23,1456.34,0.0767,1,0
txn_003608,merch_0132,card,300.64,20,27,351.15,0.1611,0,0
txn_003609,merch_0050,card,1189.49,11,20,1824.66,0.1887,0,0
txn_003610,merch_0148,upi,3020.34,13,21,2188.83,0.1136,0,0
txn_003611,merch_0011,upi,265.44,12,9,543.15,0.0254,0,0
txn_003612,merch_0049,card,136.59,10,32,120.83,0.1875,1,0
txn_003613,merch_0131,wallet,1295.26,19,35,1128.01,0.2344,0,0
txn_003614,merch_0112,card,1134.5,10,32,1021.77,0.0975,0,0
txn_003615,merch_0169,upi,610.07,13,23,487.46,0.0464,0,0
txn_003616,merch_0165,card,2279.08,18,33,1571.05,0.275,1,0
txn_003617,merch_0152,wallet,565.64,21,21,442.06,0.0065,0,0
txn_003618,merch_0013,upi,113.15,12,19,104.4,0.152,0,1
txn_003619,merch_0031,wallet,19680.14,8,31,9614.23,0.1244,0,0
txn_003620,merch_0138,wallet,5187.09,19,29,2705.78,0.3337,1,0
txn_003621,merch_0188,upi,599.59,10,14,453.96,0.4549,0,0
txn_003622,merch_0145,wallet,3547.47,14,29,3189.68,0.2667,0,0
txn_003623,merch_0154,upi,1110.18,17,18,1615.08,0.0829,0,0
txn_003624,merch_0054,netbanking,3684.04,19,32,3353.94,0.1449,0,0
txn_003625,merch_0181,upi,492.85,19,32,416.37,0.2832,0,0
txn_003626,merch_0119,upi,4366.67,18,24,3089.16,0.242,0,0
txn_003627,merch_0074,card,60.92,22,16,54.36,0.1106,0,0
txn_003628,merch_0020,netbanking,7846.78,16,25,6589.03,0.1717,0,1
txn_003629,merch_0171,upi,781.9,4,27,373.51,0.1448,0,0
txn_003630,merch_0132,card,286.46,17,32,337.0,0.3523,0,0
txn_003631,merch_0086,upi,4522.26,20,26,3410.62,0.2034,1,0
txn_003632,merch_0168,upi,1116.8,16,21,805.18,0.0826,0,0
txn_003633,merch_0058,upi,2048.36,14,17,1460.56,0.0187,1,0
txn_003634,merch_0088,card,737.28,2,20,535.4,0.0086,0,0
txn_003635,merch_0181,upi,465.04,12,15,401.31,0.0476,0,0
txn_003636,merch_0149,upi,1182.19,13,21,1453.7,0.1163,0,0
txn_003637,merch_0082,upi,7485.16,14,34,6417.69,0.382,1,0
txn_003638,merch_0064,upi,4176.42,19,31,3095.49,0.1086,0,0
txn_003639,merch_0063,card,310.7,16,22,299.17,0.156,0,0
txn_003640,merch_0070,wallet,722.36,18,25,1460.5,0.3411,0,0
txn_003641,merch_0003,upi,2311.37,15,21,7427.35,0.1136,0,0
txn_003642,merch_0192,wallet,827.08,7,269,1259.58,0.189,1,0
txn_003643,merch_0142,netbanking,149.26,20,18,180.54,0.0575,1,0
txn_003644,merch_0103,card,282.58,0,30,452.66,0.1827,0,0
txn_003645,merch_0149,card,1916.34,11,24,1518.17,0.2581,0,0
txn_003646,merch_0174,netbanking,2448.52,15,16,1534.25,0.2216,1,0
txn_003647,merch_0092,upi,838.66,18,26,497.3,0.1771,0,0
txn_003648,merch_0173,card,1855.01,6,16,1681.64,0.9441,0,0
txn_003649,merch_0141,card,8634.67,15,31,6021.64,0.5639,1,0
txn_003650,merch_0177,card,4691.22,19,29,7213.03,0.0324,0,0
txn_003651,merch_0147,netbanking,206.87,9,26,194.97,0.0314,0,0
txn_003652,merch_0177,upi,2990.12,15,19,6703.41,0.2292,0,0
txn_003653,merch_0111,card,1536.77,13,19,1140.94,0.1391,0,0
txn_003654,merch_0160,card,719.78,7,25,370.12,0.1221,0,0
txn_003655,merch_0118,upi,3771.03,15,18,4862.37,0.1454,1,0
txn_003656,merch_0058,upi,10.0,14,19,1677.64,0.1292,1,0
txn_003657,merch_0042,card,442.12,13,21,884.24,0.2456,0,0
txn_003658,merch_0011,wallet,390.2,8,13,659.41,0.15,0,0
txn_003659,merch_0039,card,589.83,10,16,1315.09,0.1769,0,0
txn_003660,merch_0117,netbanking,129.72,7,27,257.03,0.0978,0,0
txn_003661,merch_0019,upi,221.13,11,26,208.21,0.4621,0,0
txn_003662,merch_0165,upi,2352.01,16,27,1685.74,0.1076,1,0
txn_003663,merch_0130,upi,10.0,1,14,180.53,0.0742,0,0
txn_003664,merch_0155,upi,347.96,13,34,514.64,0.1067,0,0
txn_003665,merch_0183,upi,1991.23,21,36,2241.57,0.1904,0,0
txn_003666,merch_0089,upi,1366.7,10,24,1828.29,0.2031,0,0
txn_003667,merch_0093,card,834.44,22,26,730.2,0.0403,0,1
txn_003668,merch_0012,netbanking,1376.3,11,27,1571.94,0.166,1,0
txn_003669,merch_0065,upi,4475.39,23,26,5712.66,0.133,0,0
txn_003670,merch_0036,upi,708.37,14,17,1224.96,0.1514,0,0
txn_003671,merch_0176,upi,1283.01,17,27,1063.1,0.3625,1,0
txn_003672,merch_0065,card,3697.85,6,17,6075.01,0.1205,0,0
txn_003673,merch_0035,upi,109.59,11,22,252.86,0.1586,0,0
txn_003674,merch_0181,upi,395.56,7,31,414.92,0.2736,0,0
txn_003675,merch_0025,wallet,556.37,11,27,1305.57,0.2213,0,0
txn_003676,merch_0074,netbanking,22.14,14,26,53.58,0.1162,0,0
txn_003677,merch_0199,upi,289.35,16,29,308.12,0.0633,0,0
txn_003678,merch_0107,upi,1278.82,22,50,1288.84,0.1004,1,0
txn_003679,merch_0167,upi,6770.66,16,36,10672.88,0.3621,0,0
txn_003680,merch_0042,netbanking,1077.32,8,22,947.77,0.065,0,0
txn_003681,merch_0149,card,1796.0,15,29,1462.3,0.3054,0,0
txn_003682,merch_0147,upi,253.3,14,26,233.02,0.0965,0,0
txn_003683,merch_0007,netbanking,2972.45,13,24,2556.44,0.1426,0,0
txn_003684,merch_0028,upi,213.2,19,192,478.92,0.1363,0,1
txn_003685,merch_0039,upi,2168.01,17,13,1226.48,0.0215,0,0
txn_003686,merch_0157,upi,2544.44,12,14,1812.38,0.1433,0,0
txn_003687,merch_0127,card,370.8,14,15,551.35,0.2306,0,0
txn_003688,merch_0083,upi,585.42,17,26,520.9,0.3117,0,0
txn_003689,merch_0115,upi,1695.02,13,19,1657.81,0.0994,1,0
txn_003690,merch_0182,upi,297.35,16,15,337.06,0.157,0,0
txn_003691,merch_0143,upi,2787.85,12,26,1338.69,0.0188,0,0
txn_003692,merch_0173,netbanking,475.49,10,33,1836.32,0.8268,0,0
txn_003693,merch_0061,upi,373.39,13,35,785.73,0.1292,1,0
txn_003694,merch_0006,upi,10.0,18,40,6371.1,0.4142,0,0
txn_003695,merch_0044,card,194.06,18,8,203.52,0.0973,0,0
txn_003696,merch_0186,netbanking,2502.68,18,19,2210.65,0.0005,1,0
txn_003697,merch_0183,netbanking,2288.94,7,20,1863.06,0.0402,0,0
txn_003698,merch_0175,card,2682.84,22,17,3098.69,0.1828,0,0
txn_003699,merch_0154,upi,1861.67,21,14,1631.08,0.0978,0,0
txn_003700,merch_0180,netbanking,1946.39,12,22,2452.73,0.1318,0,0
txn_003701,merch_0087,card,1997.39,17,30,1662.29,0.181,0,0
txn_003702,merch_0072,upi,1479.71,9,11,973.73,0.0215,1,0
txn_003703,merch_0162,wallet,2113.15,7,26,3850.37,0.0809,0,1
txn_003704,merch_0178,upi,696.26,14,25,681.77,0.1211,1,0
txn_003705,merch_0036,wallet,1307.16,7,15,1273.87,0.644,0,0
txn_003706,merch_0118,netbanking,6573.03,15,16,3828.94,0.0664,1,0
txn_003707,merch_0056,card,285.18,17,22,345.1,0.1557,0,0
txn_003708,merch_0007,wallet,3930.79,17,27,2415.89,0.0377,0,0
txn_003709,merch_0094,card,83.08,2,17,592.3,0.1052,0,0
txn_003710,merch_0116,upi,1595.13,19,35,1067.07,0.1785,0,0
txn_003711,merch_0109,upi,1332.85,12,25,869.67,0.1538,0,0
txn_003712,merch_0019,upi,186.37,19,21,231.37,0.2508,0,0
txn_003713,merch_0123,upi,309.31,17,19,204.04,0.0514,1,0
txn_003714,merch_0052,netbanking,344.52,11,25,545.29,0.3914,1,0
txn_003715,merch_0118,upi,2864.09,13,17,4305.83,0.0349,1,0
txn_003716,merch_0011,upi,1248.92,15,12,558.61,0.1891,0,0
txn_003717,merch_0176,card,779.1,15,23,1227.7,0.0414,1,0
txn_003718,merch_0016,netbanking,430.62,19,17,299.66,0.0173,0,0
txn_003719,merch_0063,upi,432.15,21,25,225.02,0.1534,0,0
txn_003720,merch_0041,upi,1849.42,10,16,1222.14,0.1095,1,0
txn_003721,merch_0093,upi,979.46,17,23,762.21,0.0633,0,1
txn_003722,merch_0156,card,12581.82,9,21,10088.31,0.2776,0,0
txn_003723,merch_0146,upi,358.65,21,9,223.32,0.1485,0,0
txn_003724,merch_0010,card,728.57,2,22,635.08,0.162,1,0
txn_003725,merch_0097,upi,1475.06,14,33,1703.95,0.8308,0,0
txn_003726,merch_0177,upi,2421.75,7,30,6701.01,0.0914,0,0
txn_003727,merch_0070,wallet,1859.47,10,27,1473.36,0.0485,0,0
txn_003728,merch_0107,upi,1815.45,23,42,1279.1,0.0978,1,0
txn_003729,merch_0057,upi,364.9,19,21,800.36,0.2911,0,0
txn_003730,merch_0033,upi,274.52,18,17,274.93,0.0166,0,0
txn_003731,merch_0019,card,242.43,10,35,203.72,0.2655,0,0
txn_003732,merch_0049,card,221.54,20,23,134.03,0.1945,1,0
txn_003733,merch_0101,upi,205.47,7,33,580.24,0.0227,0,0
txn_003734,merch_0137,upi,955.53,12,17,768.83,0.0895,0,0
txn_003735,merch_0159,upi,2118.84,9,31,2700.55,0.0335,1,0
txn_003736,merch_0051,card,413.34,11,26,722.28,0.1276,0,0
txn_003737,merch_0014,netbanking,99.09,0,39,155.64,0.0945,0,0
txn_003738,merch_0083,card,400.53,15,19,608.85,0.0517,0,0
txn_003739,merch_0130,card,220.2,23,29,183.47,0.0355,0,0
txn_003740,merch_0036,upi,1224.4,10,26,1574.96,0.1504,0,0
txn_003741,merch_0125,upi,19969.15,3,25,15025.28,0.0537,1,1
txn_003742,merch_0039,upi,712.95,15,128,1246.35,0.0851,0,0
txn_003743,merch_0071,upi,9261.86,18,9,6150.97,0.1527,0,0
txn_003744,merch_0039,upi,1650.21,13,18,1577.81,0.2277,0,0
txn_003745,merch_0055,card,432.96,19,28,3399.95,0.1283,0,0
txn_003746,merch_0150,card,2696.51,13,24,1562.54,0.1774,0,0
txn_003747,merch_0103,wallet,479.29,9,21,432.79,0.1303,0,0
txn_003748,merch_0138,upi,4100.44,0,27,2967.62,0.3683,1,1
txn_003749,merch_0109,card,1450.68,13,33,1020.79,0.3977,0,0
txn_003750,merch_0191,netbanking,4700.13,14,28,3039.83,0.0601,0,0
txn_003751,merch_0135,card,6730.41,15,14,7856.27,0.0437,0,0
txn_003752,merch_0092,upi,671.48,20,35,418.55,0.105,0,0
txn_003753,merch_0093,upi,17.2,16,25,788.04,0.1101,0,0
txn_003754,merch_0055,upi,4115.26,16,34,3534.55,0.2631,0,0
txn_003755,merch_0059,upi,5435.68,19,20,3071.49,0.1327,0,0
txn_003756,merch_0137,netbanking,560.69,18,23,681.86,0.0484,0,0
txn_003757,merch_0038,upi,342.1,19,22,242.01,0.0643,0,0
txn_003758,merch_0027,upi,3034.97,9,25,1583.83,0.375,0,0
txn_003759,merch_0048,card,2084.26,2,33,1694.93,0.0921,0,0
txn_003760,merch_0163,netbanking,637.6,2,14,358.45,0.0358,0,0
txn_003761,merch_0124,card,187.04,14,29,2033.34,0.0829,0,0
txn_003762,merch_0012,card,753.65,21,28,1638.0,0.0152,1,0
txn_003763,merch_0035,upi,372.05,4,24,242.9,0.0723,0,0
txn_003764,merch_0100,upi,308.96,9,18,219.06,0.2093,0,0
txn_003765,merch_0025,upi,1531.55,17,29,1244.67,0.2284,0,0
txn_003766,merch_0085,card,523.54,13,34,568.56,0.0099,0,0
txn_003767,merch_0003,wallet,7629.2,11,20,6956.33,0.0341,0,0
txn_003768,merch_0081,upi,3255.18,12,17,1700.5,0.1898,0,0
txn_003769,merch_0191,card,2892.51,12,16,3510.32,0.1136,0,0
txn_003770,merch_0165,upi,2385.11,3,31,1715.64,0.4494,1,0
txn_003771,merch_0126,card,442.89,10,27,349.48,0.0285,0,0
txn_003772,merch_0087,upi,1294.08,6,24,1719.53,0.988,0,0
txn_003773,merch_0126,upi,238.88,16,29,346.73,0.0346,0,0
txn_003774,merch_0119,netbanking,5118.58,21,16,2686.7,0.1443,0,0
txn_003775,merch_0021,card,1089.7,22,29,907.49,0.0471,0,0
txn_003776,merch_0129,card,448.67,13,16,647.56,0.0523,0,0
txn_003777,merch_0030,upi,443.18,14,38,606.05,0.1223,1,0
txn_003778,merch_0118,upi,2764.94,2,23,4940.0,0.11,1,0
txn_003779,merch_0010,upi,963.59,16,15,575.13,0.1926,1,0
txn_003780,merch_0045,netbanking,404.37,22,13,483.71,0.077,0,0
txn_003781,merch_0095,wallet,171.09,15,34,209.64,0.153,1,0
txn_003782,merch_0189,upi,261.96,15,26,202.77,0.3035,0,0
txn_003783,merch_0196,upi,158.05,18,21,339.0,0.2567,0,0
txn_003784,merch_0191,netbanking,3002.29,15,23,3477.5,0.0831,0,0
txn_003785,merch_0009,upi,2092.75,10,32,1929.7,0.2064,0,0
txn_003786,merch_0167,card,9391.36,13,32,10912.39,0.0597,0,0
txn_003787,merch_0127,upi,448.88,18,7,581.55,0.838,0,0
txn_003788,merch_0151,netbanking,1228.46,12,15,1851.15,0.0701,0,0
txn_003789,merch_0098,card,1241.74,20,23,1203.9,0.1207,0,0
txn_003790,merch_0171,netbanking,225.25,14,21,465.71,0.1418,0,0
txn_003791,merch_0111,netbanking,1125.66,8,20,1153.87,0.1457,0,0
txn_003792,merch_0059,upi,2929.28,14,19,3364.6,0.1499,0,0
txn_003793,merch_0189,card,129.55,15,15,160.91,0.1622,0,0
txn_003794,merch_0086,netbanking,3529.16,10,34,2949.66,0.2324,1,0
txn_003795,merch_0144,upi,1051.88,16,28,1312.6,0.1035,0,0
txn_003796,merch_0064,upi,5056.17,20,15,3284.6,0.2481,0,0
txn_003797,merch_0056,upi,380.72,17,28,398.93,0.1018,0,0
txn_003798,merch_0182,card,463.2,17,15,345.72,0.1973,0,0
txn_003799,merch_0105,upi,1073.56,20,32,1927.74,0.1107,0,0
txn_003800,merch_0180,card,1326.17,18,26,2639.73,0.0338,0,0
txn_003801,merch_0183,upi,428.16,14,30,2172.95,0.0568,0,0
txn_003802,merch_0008,netbanking,479.91,11,37,639.91,0.5723,0,0
txn_003803,merch_0021,upi,733.01,13,265,767.58,0.0834,0,1
txn_003804,merch_0140,upi,1476.02,16,11,1334.49,0.0577,0,0
txn_003805,merch_0088,card,807.93,19,14,558.32,0.1465,0,0
txn_003806,merch_0175,card,3555.9,13,19,2536.75,0.2893,0,0
txn_003807,merch_0017,upi,2171.7,16,27,1678.97,0.2045,0,0
txn_003808,merch_0114,upi,409.95,13,37,885.0,0.0666,1,0
txn_003809,merch_0167,upi,10819.35,10,32,9401.91,0.0984,0,0
txn_003810,merch_0144,card,601.32,18,32,1643.96,0.0383,0,0
txn_003811,merch_0142,netbanking,196.64,10,15,174.76,0.0123,1,0
txn_003812,merch_0105,card,3455.81,16,31,1577.09,0.0764,0,0
txn_003813,merch_0014,card,87.17,17,26,126.1,0.1098,0,0
txn_003814,merch_0062,netbanking,406.13,14,30,268.96,0.3626,0,0
txn_003815,merch_0166,upi,3946.57,2,18,2963.53,0.099,0,0
txn_003816,merch_0012,wallet,785.8,19,34,1661.78,0.2386,1,0
txn_003817,merch_0080,netbanking,1012.3,22,16,884.29,0.1734,1,0
txn_003818,merch_0031,upi,8271.95,14,28,10674.75,0.0458,0,0
txn_003819,merch_0136,upi,409.41,11,21,401.61,0.0773,0,0
txn_003820,merch_0039,upi,1152.04,10,123,1440.58,0.3471,0,0
txn_003821,merch_0147,upi,198.18,20,25,205.38,0.3241,0,0
txn_003822,merch_0081,netbanking,2728.31,12,27,1789.91,0.1294,0,0
txn_003823,merch_0076,card,1178.65,16,27,1120.55,0.0312,0,0
txn_003824,merch_0190,netbanking,443.85,11,17,548.17,0.0064,0,0
txn_003825,merch_0075,netbanking,3043.59,16,31,2961.25,0.0663,0,0
txn_003826,merch_0171,card,19.64,11,29,387.03,0.1236,0,0
txn_003827,merch_0037,card,75.33,21,219,108.46,0.1519,0,1
txn_003828,merch_0187,upi,1629.1,16,33,1079.04,0.4347,0,0
txn_003829,merch_0070,upi,1615.51,20,28,1851.29,0.2139,0,0
txn_003830,merch_0047,card,2865.21,12,17,4462.5,0.1215,0,0
txn_003831,merch_0017,upi,1686.18,15,21,1625.6,0.0593,0,0
txn_003832,merch_0143,upi,1951.67,10,16,1361.43,0.2498,0,0
txn_003833,merch_0182,netbanking,506.28,9,20,280.21,0.2371,0,0
txn_003834,merch_0038,card,163.99,13,31,239.28,0.0504,0,0
txn_003835,merch_0195,upi,1349.4,11,37,1732.25,0.054,0,0
txn_003836,merch_0186,card,1702.18,18,22,1834.64,0.1363,1,0
txn_003837,merch_0088,netbanking,916.04,0,13,568.9,0.1488,0,0
txn_003838,merch_0061,upi,897.1,15,36,843.52,0.131,1,0
txn_003839,merch_0140,upi,2431.13,16,13,1647.63,0.9374,0,0
txn_003840,merch_0108,wallet,1396.03,6,17,1371.14,0.0234,0,0
txn_003841,merch_0080,upi,1528.71,4,16,820.91,0.133,1,0
txn_003842,merch_0133,upi,1151.33,6,20,1823.95,0.9087,0,0
txn_003843,merch_0076,card,537.27,14,35,1097.46,0.2507,0,0
txn_003844,merch_0187,netbanking,954.15,16,24,944.41,0.2062,0,0
txn_003845,merch_0089,upi,2739.0,11,27,2023.76,0.4582,0,0
txn_003846,merch_0013,upi,91.2,10,20,114.75,0.0926,0,0
txn_003847,merch_0094,upi,431.89,15,27,709.05,0.3691,0,0
txn_003848,merch_0053,wallet,3015.02,4,26,2471.65,0.1678,0,0
txn_003849,merch_0131,upi,1606.16,15,32,1037.53,0.1492,0,0
txn_003850,merch_0038,card,119.49,16,23,210.37,0.1125,0,0
txn_003851,merch_0071,wallet,4114.55,13,17,6636.97,0.5048,0,0
txn_003852,merch_0024,upi,815.97,11,18,603.53,0.1481,1,0
txn_003853,merch_0076,wallet,418.84,20,22,1110.56,0.0738,0,0
txn_003854,merch_0159,wallet,3293.17,21,29,2204.5,0.0117,1,0
txn_003855,merch_0186,wallet,2656.92,12,22,1700.05,0.0589,1,0
txn_003856,merch_0190,upi,10.0,10,30,648.15,0.0176,0,0
txn_003857,merch_0165,card,1812.67,2,30,1922.06,0.0193,1,0
txn_003858,merch_0119,netbanking,10.0,7,194,2863.85,0.368,0,0
txn_003859,merch_0052,wallet,144.64,16,15,522.17,0.0306,1,0
txn_003860,merch_0194,upi,1020.24,8,12,1216.12,0.1408,0,0
txn_003861,merch_0155,netbanking,185.69,1,31,477.43,0.1324,0,0
txn_003862,merch_0130,upi,391.1,18,16,149.77,0.1949,0,1
txn_003863,merch_0149,upi,2034.61,2,27,1785.43,0.9655,0,0
txn_003864,merch_0095,upi,294.32,10,30,166.95,0.0935,1,0
txn_003865,merch_0165,netbanking,1682.17,16,29,2003.5,0.2073,1,0
txn_003866,merch_0199,card,280.84,15,304,239.7,0.0498,0,1
txn_003867,merch_0071,card,12200.6,6,20,7008.94,0.1425,0,0
txn_003868,merch_0061,wallet,1025.77,23,34,970.49,0.4779,1,0
txn_003869,merch_0184,upi,1033.87,9,26,872.56,0.3677,0,0
txn_003870,merch_0005,card,521.17,13,32,826.48,0.8101,0,0
txn_003871,merch_0031,upi,5410.57,8,27,8992.88,0.0813,0,0
txn_003872,merch_0098,upi,1231.26,13,22,1156.09,0.2595,0,0
txn_003873,merch_0137,card,844.02,16,20,767.98,0.2372,0,0
txn_003874,merch_0130,wallet,71.45,13,21,168.46,0.2358,0,0
txn_003875,merch_0186,card,2309.07,17,24,1781.17,0.2149,1,0
txn_003876,merch_0075,netbanking,1112.36,15,23,2693.46,0.2073,0,0
txn_003877,merch_0176,upi,1122.43,11,113,1270.94,0.0557,1,1
txn_003878,merch_0058,upi,283.88,16,17,1859.61,0.047,1,0
txn_003879,merch_0030,card,914.58,16,32,602.53,0.177,1,0
txn_003880,merch_0092,upi,386.76,9,25,474.53,0.0938,0,0
txn_003881,merch_0068,upi,1227.97,19,19,1940.42,0.2832,0,0
txn_003882,merch_0189,card,63.78,7,23,167.25,0.0577,0,0
txn_003883,merch_0051,upi,179.21,4,33,675.68,0.3377,0,0
txn_003884,merch_0088,upi,722.92,17,13,523.99,0.1654,0,0
txn_003885,merch_0126,card,496.39,10,28,330.47,0.3062,0,0
txn_003886,merch_0168,card,1120.94,19,24,739.72,0.0395,0,0
txn_003887,merch_0030,wallet,934.3,13,33,463.38,0.0876,1,0
txn_003888,merch_0083,card,1090.86,17,21,502.24,0.3082,0,0
txn_003889,merch_0126,upi,488.97,20,32,321.89,0.1801,0,0
txn_003890,merch_0149,wallet,1293.51,8,34,1752.97,0.051,0,0
txn_003891,merch_0131,netbanking,1290.54,14,35,1168.31,0.2981,0,0
txn_003892,merch_0012,upi,10.0,8,25,1530.14,0.0795,1,0
txn_003893,merch_0044,upi,250.28,8,24,203.74,0.2338,0,0
txn_003894,merch_0126,card,358.21,12,32,339.38,0.8029,0,0
txn_003895,merch_0169,card,711.46,12,26,452.28,0.338,0,0
txn_003896,merch_0113,netbanking,16291.88,10,33,21228.56,0.087,0,0
txn_003897,merch_0176,netbanking,1432.78,20,25,988.59,0.1076,1,0
txn_003898,merch_0019,card,104.59,16,30,209.58,0.2756,0,0
txn_003899,merch_0080,wallet,799.7,14,18,898.93,0.0083,1,0
txn_003900,merch_0181,card,132.83,19,21,333.28,0.0779,0,0
txn_003901,merch_0163,upi,711.12,1,13,358.4,0.0046,0,0
txn_003902,merch_0128,netbanking,2013.09,20,21,1251.39,0.2929,1,0
txn_003903,merch_0142,upi,116.77,16,13,175.54,0.5973,1,0
txn_003904,merch_0016,netbanking,366.01,14,11,328.48,0.1853,0,0
txn_003905,merch_0151,wallet,1685.43,0,19,1629.3,0.4,0,0
txn_003906,merch_0057,card,538.71,2,23,855.84,0.1234,0,0
txn_003907,merch_0071,card,7353.74,11,23,6061.42,0.1747,0,0
txn_003908,merch_0108,card,1224.99,9,22,1331.64,0.1759,0,0
txn_003909,merch_0022,upi,1576.22,15,22,1255.25,0.1713,0,0
txn_003910,merch_0173,upi,1523.97,16,27,1457.61,0.129,0,0
txn_003911,merch_0071,card,14893.52,9,19,6183.98,0.1458,0,0
txn_003912,merch_0007,netbanking,2670.87,10,25,3061.63,0.2785,0,1
txn_003913,merch_0058,card,1737.68,9,20,1490.04,0.1181,1,0
txn_003914,merch_0110,upi,132.2,16,16,113.7,0.0665,0,0
txn_003915,merch_0186,card,2808.45,0,31,1875.11,0.1585,1,0
txn_003916,merch_0012,netbanking,1525.51,8,37,1306.31,0.0525,1,0
txn_003917,merch_0166,card,3426.53,20,20,2840.4,0.4994,0,0
txn_003918,merch_0155,card,505.67,7,22,453.65,0.0915,0,0
txn_003919,merch_0188,netbanking,225.38,10,22,412.28,0.224,0,0
txn_003920,merch_0015,card,336.82,17,20,500.44,0.1402,1,0
txn_003921,merch_0118,upi,5426.06,18,17,3721.81,0.1493,1,0
txn_003922,merch_0001,wallet,1606.85,19,27,958.51,0.1769,0,0
txn_003923,merch_0144,upi,35.83,21,20,1302.66,0.0596,0,0
txn_003924,merch_0029,wallet,167.78,0,13,692.52,0.1013,0,0
txn_003925,merch_0102,upi,169.99,20,29,831.86,0.1195,0,0
txn_003926,merch_0012,upi,2056.78,0,30,1256.19,0.0247,1,0
txn_003927,merch_0095,wallet,255.28,0,202,197.47,0.028,1,1
txn_003928,merch_0093,upi,350.17,13,32,659.92,0.0901,0,0
txn_003929,merch_0081,card,3678.07,18,30,1845.53,0.1596,0,0
txn_003930,merch_0012,netbanking,1172.73,20,32,1502.05,0.0276,1,0
txn_003931,merch_0170,netbanking,657.06,1,24,374.01,0.1327,1,0
txn_003932,merch_0093,wallet,1063.04,23,34,731.32,0.1826,0,0
txn_003933,merch_0148,upi,1051.42,18,23,2156.71,0.0964,0,0
txn_003934,merch_0111,card,897.95,14,22,1170.23,0.0978,0,0
txn_003935,merch_0054,upi,2092.05,12,26,3219.96,0.1986,0,0
txn_003936,merch_0080,upi,319.42,16,28,721.26,0.2479,1,0
txn_003937,merch_0167,netbanking,9537.52,12,44,9951.17,0.9501,0,0
txn_003938,merch_0115,upi,766.28,15,20,1687.32,0.2941,1,0
txn_003939,merch_0142,card,143.58,13,20,144.7,0.0307,1,0
txn_003940,merch_0179,card,55177.25,14,40,27884.42,0.049,0,0
txn_003941,merch_0107,card,1666.05,13,38,1355.29,0.9757,1,0
txn_003942,merch_0052,wallet,328.57,20,20,468.17,0.1547,1,0
txn_003943,merch_0127,upi,431.52,20,13,549.92,0.1495,0,0
txn_003944,merch_0179,card,23189.96,15,35,31258.18,0.9266,0,0
txn_003945,merch_0157,netbanking,4195.35,13,21,1779.11,0.0876,0,0
txn_003946,merch_0160,card,130.51,16,21,322.79,0.4071,0,0
txn_003947,merch_0056,upi,400.34,16,28,403.78,0.1691,0,0
txn_003948,merch_0051,card,882.54,18,23,766.5,0.0808,0,0
txn_003949,merch_0136,upi,619.08,17,21,390.53,0.1619,0,0
txn_003950,merch_0181,upi,339.32,15,20,394.97,0.1717,0,0
txn_003951,merch_0110,netbanking,68.61,13,11,122.03,0.0361,0,0
txn_003952,merch_0000,card,2177.51,8,27,1758.96,0.3415,1,0
txn_003953,merch_0043,wallet,1286.09,20,29,814.84,0.1917,0,0
txn_003954,merch_0074,netbanking,43.12,19,17,43.37,0.1379,0,0
txn_003955,merch_0097,card,970.48,16,28,1353.19,0.2022,0,0
txn_003956,merch_0008,upi,656.63,19,29,574.92,0.0022,0,0
txn_003957,merch_0031,upi,1767.31,19,26,10133.41,0.0834,0,0
txn_003958,merch_0014,upi,129.03,15,30,142.69,0.4644,0,0
txn_003959,merch_0139,wallet,369.84,13,34,227.41,0.0029,1,1
txn_003960,merch_0184,upi,1117.59,17,28,741.06,0.8767,0,0
txn_003961,merch_0135,upi,6686.25,11,21,6943.9,0.217,0,0
txn_003962,merch_0071,card,12461.98,18,15,6022.03,0.0779,0,0
txn_003963,merch_0154,upi,2981.55,16,14,1577.03,0.0981,0,0
txn_003964,merch_0189,upi,244.32,4,29,187.84,0.0209,0,0
txn_003965,merch_0011,card,92.28,17,10,710.98,0.0662,0,0
txn_003966,merch_0064,upi,10.0,19,26,2596.01,0.269,0,0
txn_003967,merch_0106,upi,15966.98,20,24,10334.19,0.0735,1,0
txn_003968,merch_0041,upi,1499.5,16,18,1248.69,0.1532,1,0
txn_003969,merch_0189,card,341.22,15,25,163.0,0.1695,0,0
txn_003970,merch_0114,card,175.62,14,29,875.69,0.085,1,0
txn_003971,merch_0138,upi,2660.42,12,218,2599.53,0.0944,1,1
txn_003972,merch_0102,card,1123.71,1,29,621.2,0.0467,0,0
txn_003973,merch_0170,upi,234.83,17,19,338.9,0.0609,1,0
txn_003974,merch_0094,wallet,1101.7,12,19,651.23,0.27,0,0
txn_003975,merch_0016,upi,306.14,14,11,277.54,0.2688,0,0
txn_003976,merch_0159,card,2434.09,14,27,2669.49,0.1481,1,0
txn_003977,merch_0084,wallet,137.29,19,17,426.06,0.2576,1,0
txn_003978,merch_0167,netbanking,11814.7,16,30,9165.23,0.0803,0,0
txn_003979,merch_0150,upi,3250.47,12,19,1360.58,0.0284,0,0
txn_003980,merch_0055,upi,4104.14,15,34,3518.04,0.0762,0,0
txn_003981,merch_0133,card,1240.33,13,26,1662.88,0.0462,0,0
txn_003982,merch_0085,upi,1006.87,12,33,578.41,0.5566,0,0
txn_003983,merch_0177,netbanking,4131.11,17,27,5515.24,0.0559,0,0
txn_003984,merch_0101,card,1340.13,16,26,640.45,0.2023,0,0
txn_003985,merch_0164,card,1278.39,13,17,3973.63,0.0824,0,0
txn_003986,merch_0191,upi,3525.2,21,24,3023.25,0.2017,0,0
txn_003987,merch_0053,card,3372.17,14,22,2362.68,0.1516,0,0
txn_003988,merch_0199,card,203.76,22,39,270.58,0.0896,0,0
txn_003989,merch_0176,netbanking,1165.32,0,200,1052.06,0.1747,1,0
txn_003990,merch_0114,upi,1471.39,16,38,899.48,0.0684,1,0
txn_003991,merch_0138,upi,10.0,15,31,3016.34,0.0732,1,0
txn_003992,merch_0087,upi,2090.47,10,22,1683.31,0.0791,0,0
txn_003993,merch_0048,upi,1601.7,18,21,1421.18,0.1319,0,0
txn_003994,merch_0148,card,3556.65,0,25,2172.46,0.0853,0,0
txn_003995,merch_0114,wallet,441.0,18,40,916.51,0.3562,1,0
txn_003996,merch_0193,upi,74.03,16,21,214.23,0.0729,0,0
txn_003997,merch_0062,netbanking,199.59,12,21,263.71,0.3738,0,0
txn_003998,merch_0103,upi,318.31,18,24,421.3,0.0567,0,0
txn_003999,merch_0082,upi,5932.8,20,31,6190.73,0.1819,1,0
txn_004000,merch_0102,upi,546.19,12,32,743.44,0.2012,0,0
txn_004001,merch_0155,upi,22.43,4,28,501.7,0.0924,0,0
txn_004002,merch_0016,wallet,310.47,12,10,329.94,0.1061,0,0
txn_004003,merch_0005,upi,906.08,7,25,817.83,0.8884,0,0
txn_004004,merch_0146,card,228.43,17,13,230.93,0.1194,0,0
txn_004005,merch_0183,card,2220.22,17,26,2024.4,0.3399,0,0
txn_004006,merch_0027,wallet,1784.25,20,33,1890.28,0.3271,0,0
txn_004007,merch_0193,upi,74.62,19,18,228.42,0.0934,0,0
txn_004008,merch_0037,upi,93.7,13,27,113.44,0.0739,0,0
txn_004009,merch_0118,upi,4501.53,19,15,4214.81,0.0181,1,0
txn_004010,merch_0036,upi,1216.79,11,27,1244.93,0.0507,0,0
txn_004011,merch_0114,upi,95.61,14,34,977.83,0.1326,1,0
txn_004012,merch_0067,netbanking,6131.18,12,28,3855.66,0.079,0,0
txn_004013,merch_0176,card,512.5,14,23,1227.83,0.2144,1,0
txn_004014,merch_0042,card,288.3,20,27,998.89,0.018,0,0
txn_004015,merch_0163,card,418.68,2,18,363.34,0.1131,0,0
txn_004016,merch_0057,upi,644.3,20,22,766.13,0.3737,0,0
txn_004017,merch_0012,upi,1924.41,19,31,1524.86,0.3135,1,0
txn_004018,merch_0051,wallet,1050.32,9,22,641.35,0.0977,0,0
txn_004019,merch_0057,netbanking,1013.16,16,28,786.4,0.2917,0,0
txn_004020,merch_0031,wallet,10115.53,16,17,10327.57,0.1334,0,0
txn_004021,merch_0104,netbanking,1116.86,8,17,773.97,0.9554,0,0
txn_004022,merch_0187,upi,224.93,6,21,1120.19,0.1142,0,0
txn_004023,merch_0082,upi,9257.72,15,47,6526.18,0.1189,1,0
txn_004024,merch_0185,upi,1993.86,16,20,2648.63,0.1798,1,0
txn_004025,merch_0098,upi,2068.38,14,35,987.97,0.2304,0,0
txn_004026,merch_0103,upi,619.08,19,20,456.94,0.0817,0,0
txn_004027,merch_0183,card,1775.29,8,36,1975.08,0.4574,0,0
txn_004028,merch_0027,card,1737.17,22,18,1508.83,0.0297,0,0
txn_004029,merch_0128,netbanking,2110.11,2,21,1310.43,0.4731,1,0
txn_004030,merch_0169,netbanking,64.73,18,30,442.39,0.1169,0,0
txn_004031,merch_0047,wallet,3552.67,16,16,3705.87,0.9031,0,0
txn_004032,merch_0039,upi,2413.94,20,20,1564.51,0.2414,0,0
txn_004033,merch_0096,upi,2265.3,16,32,1715.33,0.9374,1,1
txn_004034,merch_0190,card,366.22,12,22,553.72,0.3869,0,0
txn_004035,merch_0199,upi,305.24,9,32,294.81,0.2025,0,0
txn_004036,merch_0113,upi,14790.19,16,19,19002.98,0.2942,0,0
txn_004037,merch_0131,upi,989.46,11,39,1018.03,0.1491,0,0
txn_004038,merch_0165,upi,2079.15,16,19,1647.73,0.1336,1,0
txn_004039,merch_0154,card,1938.61,17,16,1347.33,0.1561,0,0
txn_004040,merch_0136,upi,542.84,6,19,446.18,0.0764,0,0
txn_004041,merch_0110,card,162.29,8,16,118.14,0.2835,0,0
txn_004042,merch_0143,card,423.78,21,22,1236.47,0.2526,0,0
txn_004043,merch_0183,upi,1978.68,13,39,1786.0,0.0587,0,0
txn_004044,merch_0075,upi,1667.97,0,26,2617.55,0.0606,0,0
txn_004045,merch_0030,upi,418.0,17,30,542.66,0.1917,1,0
txn_004046,merch_0118,upi,3130.03,16,17,4307.8,0.9897,1,1
txn_004047,merch_0141,netbanking,6816.44,13,26,4483.78,0.1533,1,0
txn_004048,merch_0024,netbanking,882.16,14,20,548.31,0.0431,1,0
txn_004049,merch_0033,card,470.97,16,164,270.11,0.2354,0,1
txn_004050,merch_0066,upi,384.87,9,12,1029.68,0.0658,0,0
txn_004051,merch_0151,card,1586.66,22,15,1648.87,0.0832,0,0
txn_004052,merch_0117,card,115.77,3,34,266.45,0.2261,0,0
txn_004053,merch_0072,card,598.42,2,153,1124.59,0.1698,1,1
txn_004054,merch_0025,card,880.84,1,21,1237.49,0.2214,0,0
txn_004055,merch_0147,card,265.57,14,30,223.92,0.263,0,0
txn_004056,merch_0191,card,3941.03,13,24,3186.56,0.1207,0,0
txn_004057,merch_0103,card,535.27,9,34,393.79,0.0828,0,0
txn_004058,merch_0009,upi,2654.5,11,23,2378.84,0.3073,0,0
txn_004059,merch_0066,netbanking,529.46,12,19,939.91,0.1063,0,0
txn_004060,merch_0151,upi,2383.99,14,171,1868.24,0.4917,0,0
txn_004061,merch_0004,upi,1085.14,17,32,905.92,0.0339,1,0
txn_004062,merch_0194,wallet,1079.42,19,25,1514.47,0.2686,0,0
txn_004063,merch_0185,wallet,2037.4,0,17,2337.79,0.2274,1,0
txn_004064,merch_0026,upi,183.78,17,29,253.34,0.2883,0,0
txn_004065,merch_0112,upi,702.74,7,33,1301.83,0.0682,0,0
txn_004066,merch_0014,upi,166.91,0,28,157.37,0.0958,0,0
txn_004067,merch_0162,card,6426.77,8,20,4738.76,0.197,0,0
txn_004068,merch_0104,netbanking,546.83,17,25,941.08,0.2115,0,1
txn_004069,merch_0180,wallet,756.68,18,28,2539.1,0.1041,0,0
txn_004070,merch_0043,card,392.21,16,43,659.01,0.1482,0,0
txn_004071,merch_0025,upi,1314.73,18,25,1385.94,0.1866,0,0
txn_004072,merch_0174,card,461.8,3,17,1428.12,0.0638,1,0
txn_004073,merch_0161,upi,4685.98,20,20,2444.95,0.2127,0,0
txn_004074,merch_0094,wallet,1123.53,21,20,722.36,0.0925,0,0
txn_004075,merch_0177,netbanking,7468.71,2,19,6750.28,0.3202,0,0
txn_004076,merch_0083,card,821.35,12,35,611.26,0.0418,0,0
txn_004077,merch_0139,upi,256.33,13,29,239.12,0.073,1,0
txn_004078,merch_0131,upi,1464.77,18,33,1053.94,0.1225,0,0
txn_004079,merch_0086,upi,1707.49,17,23,3554.92,0.271,1,0
txn_004080,merch_0175,netbanking,4287.36,11,32,2557.22,0.3777,0,0
txn_004081,merch_0182,card,228.94,8,23,327.0,0.0631,0,0
txn_004082,merch_0111,upi,1011.66,3,137,1208.07,0.0153,0,0
txn_004083,merch_0128,card,3072.2,11,22,1420.14,0.319,1,0
txn_004084,merch_0088,netbanking,509.05,7,16,562.67,0.0047,0,0
txn_004085,merch_0065,upi,7408.75,14,16,4927.58,0.3408,0,0
txn_004086,merch_0157,netbanking,2497.61,18,26,1700.88,0.3073,0,0
txn_004087,merch_0130,wallet,38.07,11,21,170.15,0.1741,0,0
txn_004088,merch_0121,wallet,247.92,3,36,400.47,0.0269,0,0
txn_004089,merch_0148,upi,4176.61,19,27,1773.25,0.1744,0,0
txn_004090,merch_0083,upi,755.13,15,29,530.21,0.098,0,0
txn_004091,merch_0176,upi,1103.44,11,28,1143.49,0.2081,1,0
txn_004092,merch_0115,upi,1213.45,7,8,1378.92,0.1317,1,0
txn_004093,merch_0189,upi,210.0,17,9,198.29,0.2092,0,0
txn_004094,merch_0115,card,1854.78,22,24,1576.22,0.0566,1,0
txn_004095,merch_0037,card,112.48,7,191,100.87,0.1892,0,1
txn_004096,merch_0142,netbanking,255.59,2,22,136.07,0.1514,1,0
txn_004097,merch_0109,upi,667.18,10,32,886.47,0.2874,0,0
txn_004098,merch_0179,card,14973.02,12,37,31506.54,0.095,0,0
txn_004099,merch_0045,netbanking,702.25,8,17,489.88,0.1353,0,0
txn_004100,merch_0024,netbanking,1195.66,14,32,488.53,0.1797,1,0
txn_004101,merch_0020,wallet,8513.48,18,125,7271.57,0.0158,0,0
txn_004102,merch_0120,card,4803.97,18,23,2708.68,0.1029,0,0
txn_004103,merch_0121,wallet,359.23,15,46,379.99,0.1617,0,0
txn_004104,merch_0132,upi,345.85,19,29,326.97,0.1197,0,0
txn_004105,merch_0069,card,575.75,15,26,574.91,0.204,0,0
txn_004106,merch_0112,upi,1158.4,21,24,1316.9,0.0589,0,0
txn_004107,merch_0106,upi,16075.95,0,23,10853.34,0.0074,1,1
txn_004108,merch_0111,upi,1500.97,19,21,947.36,0.2448,0,1
txn_004109,merch_0107,upi,1172.36,9,29,1492.17,0.0449,1,0
txn_004110,merch_0046,upi,103.84,4,16,690.91,0.043,0,1
txn_004111,merch_0195,upi,1683.08,14,38,1813.97,0.2606,0,0
txn_004112,merch_0090,upi,432.0,21,19,1412.96,0.2453,1,0
txn_004113,merch_0017,wallet,1610.88,17,24,1612.51,0.0171,0,0
txn_004114,merch_0148,upi,928.5,15,17,1875.32,0.1076,0,0
txn_004115,merch_0103,netbanking,642.54,14,35,387.81,0.0987,0,0
txn_004116,merch_0150,upi,2033.42,17,21,1439.68,0.0648,0,0
txn_004117,merch_0191,wallet,4179.53,14,34,2993.55,0.211,0,0
txn_004118,merch_0194,wallet,2052.77,11,32,1484.05,0.1172,0,0
txn_004119,merch_0039,card,1624.49,15,21,1550.08,0.0812,0,0
txn_004120,merch_0137,card,890.12,2,11,718.89,0.1937,0,0
txn_004121,merch_0088,upi,1048.17,22,13,658.31,0.0285,0,0
txn_004122,merch_0179,wallet,26843.65,16,31,32371.26,0.3693,0,0
txn_004123,merch_0199,netbanking,330.21,12,36,270.76,0.204,0,0
txn_004124,merch_0060,wallet,286.15,2,182,685.21,0.2804,0,0
txn_004125,merch_0191,card,3198.51,14,21,2708.65,0.295,0,0
txn_004126,merch_0004,upi,1551.23,9,33,830.79,0.8549,1,1
txn_004127,merch_0121,wallet,466.3,19,217,391.73,0.1036,0,1
txn_004128,merch_0180,upi,2214.06,10,27,2215.79,0.1359,0,0
txn_004129,merch_0054,card,4290.45,15,23,3238.28,0.2349,0,0
txn_004130,merch_0036,upi,1391.98,15,18,1221.1,0.0405,0,0
txn_004131,merch_0055,wallet,3801.43,10,41,3749.61,0.0816,0,0
txn_004132,merch_0186,upi,1518.71,15,21,1945.78,0.0755,1,0
txn_004133,merch_0101,upi,856.96,17,25,592.92,0.1098,0,0
txn_004134,merch_0092,card,617.95,13,22,529.23,0.2723,0,0
txn_004135,merch_0196,netbanking,380.57,20,23,430.06,0.1314,0,0
txn_004136,merch_0072,card,1104.78,13,13,995.67,0.1925,1,0
txn_004137,merch_0058,upi,1951.49,13,16,1674.02,0.3933,1,0
txn_004138,merch_0001,upi,693.41,2,21,880.43,0.339,0,0
txn_004139,merch_0192,netbanking,1768.26,11,25,1513.69,0.1577,1,0
txn_004140,merch_0103,wallet,557.7,4,33,475.02,0.3,0,0
txn_004141,merch_0187,netbanking,1737.23,18,15,862.53,0.2723,0,0
txn_004142,merch_0050,card,1806.64,7,17,1603.79,0.4119,0,0
txn_004143,merch_0029,wallet,538.44,12,126,842.09,0.1924,0,0
txn_004144,merch_0010,upi,596.55,15,24,664.54,0.0673,1,0
txn_004145,merch_0107,card,837.33,11,304,1223.3,0.0216,1,0
txn_004146,merch_0075,card,4028.69,15,23,2845.25,0.1127,0,0
txn_004147,merch_0166,upi,965.59,10,17,2912.92,0.0645,0,0
txn_004148,merch_0089,netbanking,2667.63,19,31,2179.47,0.3937,0,0
txn_004149,merch_0122,card,8779.42,18,223,5831.37,0.0855,1,0
txn_004150,merch_0199,upi,26.46,18,35,262.7,0.1367,0,0
txn_004151,merch_0190,upi,1061.18,19,195,625.38,0.1767,0,0
txn_004152,merch_0191,upi,4799.63,8,25,3493.87,0.0749,0,0
txn_004153,merch_0188,card,333.04,6,12,342.99,0.5781,0,0
txn_004154,merch_0124,upi,675.67,9,14,2107.13,0.1229,0,0
txn_004155,merch_0181,upi,259.25,14,20,356.54,0.0727,0,0
txn_004156,merch_0121,card,276.95,12,37,357.25,0.0432,0,0
txn_004157,merch_0093,card,1265.74,21,26,759.16,0.1245,0,0
txn_004158,merch_0102,netbanking,553.72,16,26,660.2,0.2111,0,0
txn_004159,merch_0185,card,3901.29,12,19,2526.28,0.2309,1,0
txn_004160,merch_0183,wallet,1842.59,18,26,2149.05,0.0231,0,0
txn_004161,merch_0161,wallet,2911.15,0,21,2940.26,0.1344,0,0
txn_004162,merch_0030,netbanking,80.82,8,23,561.34,0.0148,1,0
txn_004163,merch_0051,card,218.31,8,28,782.1,0.0685,0,0
txn_004164,merch_0088,upi,1002.03,11,7,564.87,0.1401,0,0
txn_004165,merch_0075,wallet,2707.34,12,26,3379.64,0.1238,0,0
txn_004166,merch_0128,upi,1457.91,0,25,1192.2,0.1108,1,0
txn_004167,merch_0182,upi,579.22,18,35,274.48,0.0585,0,0
txn_004168,merch_0021,upi,779.66,1,38,913.52,0.0454,0,0
txn_004169,merch_0039,upi,1277.85,23,23,1393.01,0.0631,0,0
txn_004170,merch_0100,wallet,336.68,15,16,191.32,0.0235,0,0
txn_004171,merch_0110,card,110.2,15,16,101.32,0.1272,0,0
txn_004172,merch_0128,card,1472.19,13,21,1355.14,0.0606,1,0
txn_004173,merch_0064,card,4597.9,6,27,2963.27,0.1669,0,0
txn_004174,merch_0190,card,641.78,1,25,665.69,0.0063,0,0
txn_004175,merch_0181,upi,516.91,12,31,387.62,0.0721,0,0
txn_004176,merch_0169,card,424.43,8,21,405.84,0.157,0,0
txn_004177,merch_0148,card,3075.64,15,23,1951.55,0.2327,0,0
txn_004178,merch_0078,upi,1389.15,21,15,1087.91,0.4489,0,0
txn_004179,merch_0021,netbanking,736.21,8,35,796.52,0.1204,0,0
txn_004180,merch_0165,upi,1861.8,16,32,2022.44,0.2773,1,0
txn_004181,merch_0098,upi,10.0,9,31,1128.16,0.1756,0,0
txn_004182,merch_0007,upi,4033.8,12,21,2379.34,0.1678,0,0
txn_004183,merch_0189,upi,52.92,2,126,192.18,0.4382,0,1
txn_004184,merch_0174,netbanking,703.28,14,184,1651.21,0.0621,1,1
txn_004185,merch_0016,netbanking,257.08,1,11,350.57,0.2561,0,0
txn_004186,merch_0016,upi,46.2,11,9,336.62,0.3697,0,0
txn_004187,merch_0089,card,2321.14,17,13,1744.92,0.3071,0,0
txn_004188,merch_0140,card,1605.87,4,12,1390.07,0.2303,0,0
txn_004189,merch_0144,upi,1061.78,11,28,1419.44,0.2288,0,0
txn_004190,merch_0165,upi,1231.91,14,25,1541.1,0.0882,1,0
txn_004191,merch_0080,wallet,572.71,9,15,737.79,0.0538,1,0
txn_004192,merch_0077,card,1009.69,18,29,747.72,0.1674,0,0
txn_004193,merch_0172,wallet,483.0,19,17,1113.92,0.1223,0,0
txn_004194,merch_0005,upi,690.29,16,24,942.72,0.1634,0,0
txn_004195,merch_0162,card,641.27,10,19,4725.83,0.0668,0,0
txn_004196,merch_0109,upi,1300.65,4,27,920.36,0.2368,0,0
txn_004197,merch_0013,upi,96.87,8,16,124.36,0.1163,0,0
txn_004198,merch_0071,card,8762.23,14,18,7939.81,0.1474,0,0
txn_004199,merch_0188,upi,672.34,17,21,388.66,0.2265,0,0
txn_004200,merch_0142,upi,273.37,3,18,160.38,0.1557,1,0
txn_004201,merch_0053,upi,1556.55,18,28,2179.2,0.8312,0,0
txn_004202,merch_0026,upi,318.75,21,23,304.66,0.0022,0,0
txn_004203,merch_0012,card,2320.63,17,38,1377.11,0.0542,1,0
txn_004204,merch_0158,card,331.98,20,25,231.73,0.2437,0,0
txn_004205,merch_0162,upi,6361.0,20,22,4346.07,0.1916,0,0
txn_004206,merch_0059,upi,1579.88,19,13,3185.13,0.97,0,0
txn_004207,merch_0005,upi,1057.4,16,27,810.87,0.1135,0,0
txn_004208,merch_0196,card,275.05,4,23,389.43,0.0353,0,0
txn_004209,merch_0057,upi,993.27,9,20,825.38,0.1162,0,0
txn_004210,merch_0048,netbanking,2055.45,10,38,1751.7,0.9391,0,0
txn_004211,merch_0150,upi,1957.16,6,16,1587.18,0.1499,0,0
txn_004212,merch_0161,upi,2636.96,10,21,2896.6,0.2165,0,0
txn_004213,merch_0025,wallet,1992.47,16,28,1095.43,0.1791,0,0
txn_004214,merch_0046,card,794.42,20,15,702.89,0.1979,0,1
txn_004215,merch_0004,upi,930.92,8,28,877.22,0.3661,1,0
txn_004216,merch_0019,netbanking,111.24,13,29,218.9,0.0684,0,0
txn_004217,merch_0133,card,2283.84,6,26,2191.94,0.189,0,0
txn_004218,merch_0197,netbanking,2791.23,14,19,1504.0,0.1617,1,0
txn_004219,merch_0058,card,328.24,15,15,1858.84,0.2981,1,0
txn_004220,merch_0191,card,4297.71,7,13,2852.78,0.055,0,0
txn_004221,merch_0145,wallet,3647.28,9,19,3097.88,0.2478,0,0
txn_004222,merch_0131,upi,2207.45,3,35,1354.51,0.3606,0,0
txn_004223,merch_0016,card,438.21,7,19,345.38,0.1639,0,0
txn_004224,merch_0013,card,110.82,16,19,117.55,0.197,0,0
txn_004225,merch_0012,upi,1788.13,13,28,1635.07,0.0554,1,0
txn_004226,merch_0134,upi,327.82,21,14,340.64,0.0274,0,0
txn_004227,merch_0127,upi,793.08,10,16,504.44,0.1847,0,0
txn_004228,merch_0043,card,149.03,14,39,749.63,0.3867,0,0
txn_004229,merch_0118,card,3551.06,20,13,4904.89,0.2135,1,0
txn_004230,merch_0142,card,199.51,3,19,138.33,0.322,1,0
txn_004231,merch_0018,upi,562.72,3,20,362.48,0.0825,0,0
txn_004232,merch_0062,card,288.42,8,35,307.37,0.0421,0,0
txn_004233,merch_0162,wallet,2479.37,13,22,4604.07,0.2531,0,0
txn_004234,merch_0080,upi,760.46,14,17,920.85,0.3327,1,0
txn_004235,merch_0162,card,3501.35,13,24,4099.79,0.0433,0,0
txn_004236,merch_0146,netbanking,215.14,19,13,228.72,0.4989,0,0
txn_004237,merch_0147,netbanking,173.24,1,20,246.94,0.2804,0,0
txn_004238,merch_0099,card,651.91,14,31,908.44,0.1609,1,0
txn_004239,merch_0162,netbanking,182.38,15,103,4072.34,0.8967,0,0
txn_004240,merch_0159,upi,2656.4,12,19,2367.96,0.1267,1,0
txn_004241,merch_0121,wallet,449.44,14,26,362.9,0.0255,0,0
txn_004242,merch_0175,upi,4390.45,17,29,2970.82,0.0665,0,0
txn_004243,merch_0043,upi,1105.72,12,30,841.2,0.2259,0,0
txn_004244,merch_0103,upi,562.9,20,27,431.74,0.0645,0,0
txn_004245,merch_0151,netbanking,1842.65,15,17,1671.01,0.1881,0,0
txn_004246,merch_0060,upi,63.23,17,21,578.1,0.1459,0,0
txn_004247,merch_0124,upi,2580.17,10,25,1911.93,0.052,0,0
txn_004248,merch_0144,upi,1598.7,19,31,1685.85,0.114,0,0
txn_004249,merch_0070,wallet,2234.13,2,26,1801.76,0.0915,0,0
txn_004250,merch_0106,netbanking,12769.08,21,22,9198.77,0.3081,1,0
txn_004251,merch_0049,card,124.53,11,37,124.18,0.1769,1,0
txn_004252,merch_0064,card,6228.19,11,27,3035.7,0.048,0,1
txn_004253,merch_0098,card,1519.01,19,26,1007.1,0.2097,0,0
txn_004254,merch_0031,upi,11874.16,14,22,8925.19,0.0625,0,1
txn_004255,merch_0163,wallet,510.84,11,18,415.78,0.0673,0,0
txn_004256,merch_0140,upi,1468.77,13,13,1366.9,0.0147,0,0
txn_004257,merch_0197,upi,1331.07,11,17,1448.46,0.1182,1,0
txn_004258,merch_0057,upi,10.0,14,29,859.0,0.0525,0,0
txn_004259,merch_0127,card,377.75,17,14,570.44,0.0994,0,0
txn_004260,merch_0141,card,3581.66,22,27,5599.78,0.0753,1,0
txn_004261,merch_0164,card,4264.11,13,17,3989.74,0.0832,0,0
txn_004262,merch_0111,upi,412.96,13,18,974.96,0.052,0,0
txn_004263,merch_0067,card,2601.92,14,18,4100.52,0.0408,0,0
txn_004264,merch_0039,upi,997.65,22,14,1413.58,0.0684,0,0
txn_004265,merch_0186,upi,2056.87,20,17,1753.71,0.9137,1,1
txn_004266,merch_0143,upi,1727.27,13,23,1282.06,0.2659,0,0
txn_004267,merch_0189,netbanking,113.65,4,28,188.12,0.5233,0,0
txn_004268,merch_0131,upi,852.48,12,30,1341.41,0.0153,0,0
txn_004269,merch_0172,card,779.15,3,23,885.45,0.1497,0,0
txn_004270,merch_0089,card,1787.59,19,26,2115.08,0.1759,0,0
txn_004271,merch_0027,card,1683.41,10,20,1657.73,0.0714,0,0
txn_004272,merch_0095,card,290.31,7,31,179.25,0.0764,1,0
txn_004273,merch_0193,upi,120.43,17,19,222.34,0.1465,0,0
txn_004274,merch_0030,upi,1036.17,11,31,594.73,0.2572,1,0
txn_004275,merch_0002,card,1285.96,12,26,2288.5,0.1371,0,0
txn_004276,merch_0135,card,9417.37,13,25,6924.08,0.2691,0,0
txn_004277,merch_0023,netbanking,167.96,9,16,180.99,0.2267,0,0
txn_004278,merch_0014,netbanking,99.39,11,29,142.87,0.1867,0,1
txn_004279,merch_0170,upi,633.9,11,22,370.36,0.0622,1,1
txn_004280,merch_0158,upi,270.7,15,141,238.37,0.0476,0,0
txn_004281,merch_0044,card,190.39,9,20,175.43,0.1425,0,0
txn_004282,merch_0193,upi,211.6,19,22,237.92,0.1642,0,0
txn_004283,merch_0007,upi,2131.1,6,121,2404.77,0.1748,0,1
txn_004284,merch_0070,wallet,1598.92,21,30,1464.54,0.0808,0,1
txn_004285,merch_0107,upi,10.0,20,28,1551.99,0.344,1,0
txn_004286,merch_0114,wallet,10.0,18,35,982.29,0.0362,1,0
txn_004287,merch_0102,card,878.14,19,33,747.18,0.2049,0,0
txn_004288,merch_0124,netbanking,3748.05,7,23,2047.9,0.0737,0,0
txn_004289,merch_0056,upi,594.05,1,27,368.43,0.1519,0,0
txn_004290,merch_0029,upi,369.18,4,114,758.97,0.0363,0,1
txn_004291,merch_0145,card,2992.57,10,156,2706.57,0.1463,0,0
txn_004292,merch_0113,upi,6959.21,16,26,22549.41,0.1765,0,0
txn_004293,merch_0196,upi,333.32,17,21,369.11,0.0898,0,0
txn_004294,merch_0116,upi,1411.72,0,277,1195.59,0.0349,0,0
txn_004295,merch_0166,upi,2924.12,3,18,2722.9,0.3002,0,0
txn_004296,merch_0059,upi,3171.83,15,26,3033.57,0.0917,0,0
txn_004297,merch_0097,netbanking,1491.68,15,38,1546.56,0.1927,0,0
txn_004298,merch_0170,upi,627.26,8,13,432.33,0.0309,1,0
txn_004299,merch_0125,upi,13555.78,2,30,16793.98,0.0923,1,1
txn_004300,merch_0172,card,1023.28,14,16,851.33,0.0903,0,0
txn_004301,merch_0150,wallet,2707.13,17,29,1514.59,0.2606,0,0
txn_004302,merch_0196,upi,349.56,18,21,374.43,0.0166,0,0
txn_004303,merch_0093,upi,86.5,14,27,799.7,0.0693,0,0
txn_004304,merch_0133,card,3138.03,13,17,1792.26,0.0299,0,0
txn_004305,merch_0183,wallet,2890.0,13,30,1806.19,0.2205,0,0
txn_004306,merch_0121,netbanking,101.47,14,30,347.99,0.173,0,0
txn_004307,merch_0107,card,1293.56,16,42,1249.23,0.1715,1,0
txn_004308,merch_0003,upi,6757.15,10,30,5842.01,0.2077,0,0
txn_004309,merch_0092,card,848.27,11,31,490.43,0.4244,0,0
txn_004310,merch_0150,upi,1469.57,17,17,1531.28,0.1935,0,0
txn_004311,merch_0005,card,883.89,3,28,915.4,0.0633,0,1
txn_004312,merch_0031,card,11138.69,10,18,10725.34,0.0567,0,0
txn_004313,merch_0105,wallet,1348.19,1,33,1856.14,0.0457,0,0
txn_004314,merch_0145,upi,4082.48,8,24,2577.05,0.4129,0,0
txn_004315,merch_0014,upi,104.47,16,31,148.36,0.0513,0,0
txn_004316,merch_0167,card,8489.53,17,44,11818.91,0.0977,0,0
txn_004317,merch_0121,card,367.53,16,32,362.04,0.0787,0,0
txn_004318,merch_0095,netbanking,86.7,10,34,191.69,0.1482,1,0
txn_004319,merch_0005,upi,1422.53,9,233,898.65,0.1253,0,0
txn_004320,merch_0111,upi,1061.95,14,18,1051.34,0.3351,0,0
txn_004321,merch_0119,card,4007.7,17,19,2838.6,0.0614,0,0
txn_004322,merch_0122,upi,3499.81,16,21,5398.72,0.0239,1,0
txn_004323,merch_0190,netbanking,875.83,15,15,657.96,0.0184,0,0
txn_004324,merch_0066,card,1453.44,18,23,866.19,0.0728,0,0
txn_004325,merch_0105,netbanking,2654.31,9,28,1625.39,0.3215,0,0
txn_004326,merch_0138,card,5871.4,11,26,3278.45,0.2972,1,0
txn_004327,merch_0042,netbanking,655.13,10,19,981.8,0.0089,0,0
txn_004328,merch_0144,upi,1330.63,16,27,1477.97,0.2633,0,0
txn_004329,merch_0095,netbanking,124.52,10,28,190.63,0.2006,1,0
txn_004330,merch_0131,upi,1133.97,4,23,1012.08,0.2034,0,0
txn_004331,merch_0190,card,860.17,11,26,633.96,0.1114,0,0
txn_004332,merch_0195,upi,2300.02,13,41,1555.31,0.1915,0,0
txn_004333,merch_0080,card,1480.96,17,15,933.04,0.337,1,0
txn_004334,merch_0040,upi,3123.84,10,39,2591.2,0.1724,0,0
txn_004335,merch_0132,upi,306.59,19,38,281.86,0.2609,0,0
txn_004336,merch_0159,wallet,1519.17,20,29,2419.73,0.0644,1,0
txn_004337,merch_0197,upi,1963.46,9,16,1265.66,0.0536,1,0
txn_004338,merch_0034,netbanking,2754.59,16,19,2907.34,0.1925,1,0
txn_004339,merch_0021,wallet,1231.4,17,35,893.01,0.2247,0,0
txn_004340,merch_0192,upi,1111.17,3,30,1421.8,0.1383,1,0
txn_004341,merch_0149,card,2217.13,4,31,1761.12,0.069,0,0
txn_004342,merch_0111,upi,1214.17,17,32,984.79,0.3395,0,0
txn_004343,merch_0010,upi,940.28,14,25,596.04,0.0811,1,1
txn_004344,merch_0002,upi,2729.52,21,20,2584.29,0.1615,0,0
txn_004345,merch_0136,wallet,283.27,14,15,464.84,0.0681,0,0
txn_004346,merch_0059,upi,3134.95,20,23,4041.18,0.3608,0,0
txn_004347,merch_0075,card,1024.46,16,28,3053.6,0.0025,0,0
txn_004348,merch_0086,card,3514.14,21,36,3362.33,0.0189,1,0
txn_004349,merch_0013,netbanking,51.54,15,19,113.34,0.0915,0,0
txn_004350,merch_0017,upi,1747.16,18,19,1532.42,0.372,0,0
txn_004351,merch_0112,card,10.0,22,22,1138.14,0.9819,0,0
txn_004352,merch_0072,card,1364.44,12,13,981.11,0.227,1,0
txn_004353,merch_0022,card,753.48,1,22,1223.76,0.2955,0,0
txn_004354,merch_0082,wallet,4022.39,3,45,7120.02,0.9914,1,1
txn_004355,merch_0124,netbanking,3992.71,11,27,2306.52,0.1549,0,0
txn_004356,merch_0174,upi,1775.3,20,15,1515.91,0.0472,1,0
txn_004357,merch_0068,card,2259.36,19,139,1470.93,0.0551,0,0
txn_004358,merch_0046,upi,308.92,9,18,583.19,0.2305,0,0
txn_004359,merch_0115,upi,2223.58,15,13,1737.75,0.2104,1,0
txn_004360,merch_0029,card,714.79,17,12,748.7,0.0112,0,0
txn_004361,merch_0024,upi,605.43,18,26,636.63,0.4926,1,0
txn_004362,merch_0155,upi,794.08,9,28,429.43,0.1114,0,0
txn_004363,merch_0111,wallet,605.12,19,30,1086.42,0.0405,0,0
txn_004364,merch_0024,upi,840.75,12,25,650.02,0.1239,1,0
txn_004365,merch_0073,wallet,8098.25,20,25,7291.64,0.1619,1,0
txn_004366,merch_0057,card,680.84,16,29,690.61,0.1566,0,0
txn_004367,merch_0093,card,303.13,20,22,680.07,0.3227,0,0
txn_004368,merch_0118,netbanking,3967.33,14,23,3877.82,0.055,1,0
txn_004369,merch_0126,upi,201.75,12,23,286.09,0.2159,0,0
txn_004370,merch_0168,upi,1216.18,14,30,864.07,0.0263,0,0
txn_004371,merch_0024,upi,597.78,21,22,619.09,0.0763,1,0
txn_004372,merch_0077,upi,497.69,17,21,839.6,0.2253,0,0
txn_004373,merch_0098,wallet,399.16,8,20,962.28,0.8023,0,0
txn_004374,merch_0115,netbanking,1262.42,8,16,1783.7,0.04,1,0
txn_004375,merch_0047,upi,6573.45,22,20,4037.86,0.1237,0,0
txn_004376,merch_0009,upi,2206.66,7,24,1843.2,0.016,0,0
txn_004377,merch_0098,upi,1015.11,18,21,965.97,0.0204,0,0
txn_004378,merch_0010,upi,1162.01,10,23,630.7,0.0241,1,0
txn_004379,merch_0084,card,318.15,12,15,383.75,0.2946,1,0
txn_004380,merch_0148,upi,1207.77,20,16,1890.93,0.1622,0,0
txn_004381,merch_0172,card,1130.74,19,19,853.29,0.0675,0,0
txn_004382,merch_0134,upi,420.19,15,18,361.9,0.0489,0,0
txn_004383,merch_0191,upi,2073.58,11,17,2684.54,0.2078,0,0
txn_004384,merch_0125,card,9857.57,7,13,13263.35,0.178,1,0
txn_004385,merch_0063,card,484.35,8,19,234.28,0.2417,0,0
txn_004386,merch_0001,wallet,735.52,10,31,792.6,0.1237,0,0
txn_004387,merch_0075,netbanking,767.9,13,25,2590.59,0.085,0,0
txn_004388,merch_0120,upi,3126.28,13,22,2913.61,0.1991,0,0
txn_004389,merch_0041,upi,1904.42,18,24,1248.69,0.0278,1,0
txn_004390,merch_0053,netbanking,2148.95,8,24,1989.21,0.1627,0,0
txn_004391,merch_0074,wallet,55.5,18,29,42.12,0.2564,0,0
txn_004392,merch_0015,netbanking,337.0,17,24,481.95,0.0789,1,0
txn_004393,merch_0017,upi,1915.8,20,34,1731.79,0.3115,0,0
txn_004394,merch_0186,wallet,938.34,1,14,1970.74,0.9449,1,1
txn_004395,merch_0089,upi,2220.09,20,27,2014.51,0.1341,0,0
txn_004396,merch_0143,card,1976.24,0,23,1521.88,0.1102,0,0
txn_004397,merch_0005,wallet,861.26,10,22,723.6,0.2091,0,0
txn_004398,merch_0184,upi,444.84,12,23,722.24,0.0548,0,0
txn_004399,merch_0107,wallet,815.2,17,37,1321.41,0.1847,1,0
txn_004400,merch_0174,upi,2758.13,19,23,1420.27,0.0814,1,0
txn_004401,merch_0047,wallet,2237.67,20,12,3870.99,0.2211,0,0
txn_004402,merch_0041,upi,1823.75,3,17,1510.04,0.162,1,0
txn_004403,merch_0075,wallet,3117.47,13,19,2892.94,0.2462,0,0
txn_004404,merch_0187,upi,502.89,8,28,905.74,0.1979,0,0
txn_004405,merch_0076,card,956.68,19,24,1326.15,0.1381,0,0
txn_004406,merch_0131,card,2192.31,9,34,1150.95,0.2428,0,0
txn_004407,merch_0129,card,1372.15,18,21,645.2,0.0468,0,0
txn_004408,merch_0058,upi,1334.36,20,14,1456.36,0.1862,1,0
txn_004409,merch_0154,card,1271.0,8,12,1482.67,0.0682,0,0
txn_004410,merch_0026,upi,46.89,17,22,236.1,0.1881,0,0
txn_004411,merch_0078,card,578.69,10,14,1127.11,0.0917,0,0
txn_004412,merch_0071,upi,4093.38,16,109,7250.34,0.0289,0,0
txn_004413,merch_0006,wallet,5621.46,8,45,6843.06,0.0444,0,0
txn_004414,merch_0190,upi,633.37,4,25,572.28,0.076,0,0
txn_004415,merch_0110,upi,139.1,14,18,95.07,0.1104,0,0
txn_004416,merch_0118,upi,4670.49,2,15,4454.85,0.0188,1,1
txn_004417,merch_0173,upi,2078.62,18,24,1441.89,0.066,0,0
txn_004418,merch_0062,upi,187.68,18,33,316.79,0.0577,0,0
txn_004419,merch_0123,card,195.79,1,23,195.19,0.0234,1,0
txn_004420,merch_0011,netbanking,494.44,8,8,590.41,0.1537,0,0
txn_004421,merch_0140,card,861.6,7,15,1494.74,0.1701,0,0
txn_004422,merch_0042,card,10.0,20,26,970.75,0.0778,0,0
txn_004423,merch_0016,upi,221.11,14,11,372.83,0.995,0,0
txn_004424,merch_0062,card,10.0,17,25,251.59,0.0823,0,0
txn_004425,merch_0119,upi,911.85,8,31,2988.53,0.096,0,0
txn_004426,merch_0035,netbanking,298.64,10,31,260.97,0.0957,0,0
txn_004427,merch_0007,upi,2947.41,18,19,3070.46,0.2054,0,0
txn_004428,merch_0068,upi,1706.84,17,180,1790.96,0.0544,0,1
txn_004429,merch_0089,upi,2764.59,12,25,2190.06,0.3126,0,0
txn_004430,merch_0035,netbanking,192.95,1,181,275.2,0.8374,0,1
txn_004431,merch_0027,upi,2226.59,20,22,1470.93,0.1908,0,0
txn_004432,merch_0117,card,160.06,3,204,297.15,0.0623,0,0
txn_004433,merch_0092,upi,548.49,10,22,497.68,0.1595,0,0
txn_004434,merch_0174,card,1647.0,12,23,1733.62,0.3964,1,0
txn_004435,merch_0075,wallet,3250.86,21,30,2616.78,0.1495,0,0
txn_004436,merch_0100,upi,157.03,20,14,226.03,0.0239,0,0
txn_004437,merch_0157,card,2284.7,15,17,2142.35,0.0745,0,0
txn_004438,merch_0150,wallet,1801.91,19,23,1359.57,0.0093,0,0
txn_004439,merch_0143,card,236.25,13,16,1214.27,0.0162,0,0
txn_004440,merch_0013,card,144.54,18,23,114.65,0.8359,0,0
txn_004441,merch_0070,card,1041.44,11,30,1781.33,0.1536,0,0
txn_004442,merch_0179,card,16663.47,11,40,30502.29,0.376,0,0
txn_004443,merch_0123,upi,231.75,18,11,225.07,0.0957,1,0
txn_004444,merch_0124,netbanking,2991.32,8,30,2255.43,0.4585,0,0
txn_004445,merch_0036,upi,1587.33,18,13,1317.68,0.1299,0,0
txn_004446,merch_0028,upi,598.31,14,32,590.52,0.0929,0,0
txn_004447,merch_0194,netbanking,604.83,16,22,1322.97,0.1151,0,0
txn_004448,merch_0142,upi,112.18,14,22,156.21,0.2199,1,0
txn_004449,merch_0174,upi,10.0,3,18,1525.03,0.116,1,0
txn_004450,merch_0173,card,1096.0,14,19,1817.65,0.1023,0,0
txn_004451,merch_0179,wallet,10300.93,16,23,32738.68,0.1815,0,0
txn_004452,merch_0018,wallet,371.05,6,25,332.45,0.5882,0,0
txn_004453,merch_0105,wallet,3968.13,1,42,1579.0,0.2017,0,0
txn_004454,merch_0020,netbanking,8303.32,3,25,5961.07,0.0982,0,0
txn_004455,merch_0063,upi,10.0,4,29,292.66,0.1147,0,0
txn_004456,merch_0164,upi,858.5,9,9,3513.8,0.1718,0,0
txn_004457,merch_0026,netbanking,94.27,13,25,234.69,0.0828,0,0
txn_004458,merch_0054,upi,385.19,10,28,3871.81,0.2097,0,0
txn_004459,merch_0028,card,477.04,16,28,541.21,0.2091,0,0
txn_004460,merch_0147,card,251.99,15,25,196.51,0.1531,0,0
txn_004461,merch_0024,upi,188.11,10,18,510.54,0.1144,1,0
txn_004462,merch_0069,wallet,443.77,3,20,443.92,0.0963,0,0
txn_004463,merch_0062,card,327.69,15,28,292.58,0.2235,0,0
txn_004464,merch_0163,card,565.02,20,20,413.41,0.3093,0,0
txn_004465,merch_0129,wallet,633.91,16,132,592.17,0.052,0,0
txn_004466,merch_0149,card,1745.29,16,31,1543.13,0.022,0,0
txn_004467,merch_0015,upi,550.59,0,23,571.98,0.0278,1,0
txn_004468,merch_0145,card,1801.39,11,138,2938.6,0.2647,0,1
txn_004469,merch_0196,netbanking,274.71,8,32,432.52,0.1214,0,0
txn_004470,merch_0181,netbanking,182.36,15,21,397.37,0.0697,0,0
txn_004471,merch_0099,netbanking,1433.14,11,39,769.4,0.1077,1,0
txn_004472,merch_0029,card,153.15,10,5,882.78,0.1057,0,0
txn_004473,merch_0044,upi,281.98,16,18,164.01,0.1178,0,0
txn_004474,merch_0018,netbanking,127.18,12,31,348.11,0.2107,0,0
txn_004475,merch_0033,wallet,421.04,17,19,345.41,0.3932,0,0
txn_004476,merch_0140,upi,1885.29,17,12,1632.65,0.0365,0,0
txn_004477,merch_0170,upi,601.75,15,20,393.53,0.3083,1,0
txn_004478,merch_0061,wallet,521.88,20,249,749.82,0.1734,1,1
txn_004479,merch_0117,netbanking,292.11,8,37,265.13,0.111,0,0
txn_004480,merch_0099,wallet,584.87,14,43,935.01,0.304,1,0
txn_004481,merch_0021,wallet,442.41,18,37,934.15,0.02,0,0
txn_004482,merch_0179,card,29288.12,14,24,32075.99,0.0194,0,0
txn_004483,merch_0179,card,39841.08,1,28,26912.97,0.0851,0,0
txn_004484,merch_0110,card,84.29,8,19,120.36,0.3099,0,0
txn_004485,merch_0163,upi,482.79,12,127,430.77,0.0878,0,1
txn_004486,merch_0072,netbanking,698.61,21,20,1174.56,0.0298,1,0
txn_004487,merch_0146,card,139.94,21,11,258.84,0.2141,0,0
txn_004488,merch_0037,card,92.87,12,28,100.51,0.5057,0,0
txn_004489,merch_0069,card,432.28,18,14,526.04,0.1011,0,0
txn_004490,merch_0115,card,2025.19,16,106,1507.6,0.1022,1,1
txn_004491,merch_0078,upi,734.58,22,16,1041.56,0.1089,0,0
txn_004492,merch_0184,upi,1526.85,9,20,918.39,0.2044,0,0
txn_004493,merch_0147,upi,12.28,10,21,248.42,0.0195,0,0
txn_004494,merch_0008,upi,691.21,0,21,670.76,0.1182,0,0
txn_004495,merch_0031,wallet,8657.28,14,21,9297.0,0.0943,0,0
txn_004496,merch_0131,upi,808.63,18,30,1060.61,0.0635,0,0
txn_004497,merch_0049,upi,121.86,8,30,119.11,0.1808,1,0
txn_004498,merch_0081,card,2291.19,4,26,1683.84,0.2048,0,0
txn_004499,merch_0004,card,1092.9,21,25,769.44,0.0268,1,0
txn_004500,merch_0147,upi,199.05,18,30,250.37,0.1885,0,0
txn_004501,merch_0086,netbanking,3693.17,17,24,3333.26,0.8251,1,1
txn_004502,merch_0125,netbanking,6295.37,15,21,14965.2,0.2884,1,0
txn_004503,merch_0074,upi,44.47,17,21,52.56,0.8849,0,0
txn_004504,merch_0164,upi,4166.77,19,18,3046.49,0.1877,0,0
txn_004505,merch_0021,wallet,10.0,4,36,929.45,0.0122,0,0
txn_004506,merch_0185,netbanking,2701.05,12,19,2817.39,0.9561,1,1
txn_004507,merch_0067,card,3316.08,20,24,3861.64,0.0243,0,0
txn_004508,merch_0043,upi,1268.29,11,34,674.91,0.0653,0,0
txn_004509,merch_0033,upi,332.77,8,16,266.81,0.256,0,0
txn_004510,merch_0076,card,1452.18,13,28,1095.44,0.2659,0,0
txn_004511,merch_0041,upi,1177.83,13,19,1254.19,0.3752,1,0
txn_004512,merch_0136,upi,527.56,7,21,443.36,0.2376,0,0
txn_004513,merch_0105,card,2302.86,15,37,1556.67,0.2386,0,0
txn_004514,merch_0094,upi,148.55,8,23,619.9,0.1126,0,0
txn_004515,merch_0134,netbanking,405.6,10,12,331.13,0.1374,0,0
txn_004516,merch_0067,netbanking,6048.49,16,28,3843.67,0.1357,0,0
txn_004517,merch_0146,upi,350.98,17,14,237.08,0.1272,0,0
txn_004518,merch_0158,netbanking,265.28,21,24,244.85,0.1108,0,0
txn_004519,merch_0127,upi,618.42,11,14,477.3,0.234,0,0
txn_004520,merch_0162,netbanking,6655.2,13,29,3868.24,0.2263,0,0
txn_004521,merch_0184,upi,475.63,0,29,851.2,0.0763,0,0
txn_004522,merch_0084,upi,527.19,15,14,432.26,0.0352,1,0
txn_004523,merch_0188,card,10.0,13,22,425.81,0.1104,0,0
txn_004524,merch_0158,card,348.51,18,25,262.35,0.046,0,0
txn_004525,merch_0082,wallet,5477.15,13,35,6012.9,0.1302,1,0
txn_004526,merch_0094,upi,649.54,12,24,642.38,0.0954,0,0
txn_004527,merch_0180,upi,1617.08,17,25,2428.56,0.0784,0,0
txn_004528,merch_0031,card,9913.41,8,21,9901.14,0.1319,0,0
txn_004529,merch_0065,card,6213.62,9,15,5010.85,0.0621,0,0
txn_004530,merch_0186,upi,2722.12,13,25,1647.04,0.1928,1,0
txn_004531,merch_0115,card,2451.3,15,19,1461.37,0.1015,1,0
txn_004532,merch_0137,netbanking,757.98,17,14,802.23,0.16,0,0
txn_004533,merch_0129,netbanking,231.37,9,22,628.96,0.176,0,0
txn_004534,merch_0193,wallet,407.8,16,128,216.25,0.0868,0,0
txn_004535,merch_0059,upi,1921.33,3,24,3476.44,0.093,0,0
txn_004536,merch_0016,card,259.53,12,10,290.58,0.1789,0,0
txn_004537,merch_0095,upi,151.75,8,12,187.85,0.4678,1,0
txn_004538,merch_0143,card,1377.77,16,23,1208.77,0.1951,0,0
txn_004539,merch_0015,card,291.28,11,24,588.57,0.0693,1,0
txn_004540,merch_0045,wallet,160.45,8,17,473.93,0.0219,0,0
txn_004541,merch_0166,card,2920.26,22,19,2728.29,0.0981,0,0
txn_004542,merch_0158,wallet,183.02,19,23,301.33,0.0109,0,0
txn_004543,merch_0106,netbanking,15820.42,12,25,10825.59,0.081,1,0
txn_004544,merch_0087,wallet,1351.57,15,26,1514.13,0.1186,0,0
txn_004545,merch_0128,netbanking,476.74,20,22,1183.19,0.0596,1,0
txn_004546,merch_0138,card,5509.05,21,29,3274.33,0.066,1,0
txn_004547,merch_0118,upi,5063.87,23,20,3936.82,0.018,1,0
txn_004548,merch_0084,upi,1054.56,13,16,378.7,0.3752,1,0
txn_004549,merch_0003,upi,1355.85,15,24,6964.52,0.2179,0,0
txn_004550,merch_0070,card,1801.38,0,23,1606.81,0.393,0,1
txn_004551,merch_0153,card,1773.58,11,38,1363.98,0.2822,0,0
txn_004552,merch_0110,card,110.86,23,14,106.72,0.0882,0,0
txn_004553,merch_0049,wallet,110.82,9,29,145.34,0.1421,1,0
txn_004554,merch_0139,wallet,376.7,13,41,275.99,0.1545,1,0
txn_004555,merch_0094,upi,876.54,21,22,719.12,0.3072,0,0
txn_004556,merch_0091,upi,789.58,13,21,3587.81,0.185,0,0
txn_004557,merch_0064,upi,1433.12,9,32,2484.96,0.1634,0,0
txn_004558,merch_0046,upi,258.09,9,14,643.28,0.2182,0,0
txn_004559,merch_0180,netbanking,2169.34,20,31,2639.95,0.0442,0,0
txn_004560,merch_0105,card,2661.73,16,245,1961.1,0.1565,0,1
txn_004561,merch_0198,card,925.53,14,33,1050.53,0.1546,1,0
txn_004562,merch_0129,netbanking,543.28,12,28,684.56,0.1453,0,0
txn_004563,merch_0105,netbanking,872.03,1,36,1629.49,0.0961,0,0
txn_004564,merch_0023,upi,247.12,3,20,176.01,0.3589,0,0
txn_004565,merch_0003,card,10324.02,2,24,6388.3,0.1562,0,0
txn_004566,merch_0107,upi,1337.59,16,38,1206.63,0.1229,1,0
txn_004567,merch_0018,upi,630.46,10,22,338.38,0.6099,0,0
txn_004568,merch_0153,upi,1085.57,7,34,1365.99,0.0393,0,0
txn_004569,merch_0039,card,547.19,19,14,1426.68,0.1473,0,0
txn_004570,merch_0049,upi,179.72,12,30,136.72,0.0025,1,0
txn_004571,merch_0170,upi,358.43,3,21,381.02,0.0572,1,0
txn_004572,merch_0074,card,38.41,11,26,44.43,0.2287,0,0
txn_004573,merch_0194,netbanking,1400.2,2,16,1533.56,0.3005,0,0
txn_004574,merch_0011,upi,49.79,12,6,588.88,0.0978,0,0
txn_004575,merch_0194,upi,204.07,18,18,1309.86,0.0188,0,0
txn_004576,merch_0026,netbanking,288.48,22,28,269.13,0.0673,0,0
txn_004577,merch_0112,upi,1338.91,15,22,1009.94,0.147,0,0
txn_004578,merch_0181,wallet,613.02,19,29,383.68,0.1309,0,0
txn_004579,merch_0193,card,355.86,23,26,234.02,0.3851,0,0
txn_004580,merch_0048,upi,2050.83,8,31,1442.99,0.3021,0,0
txn_004581,merch_0143,upi,2374.18,13,25,1496.37,0.4604,0,0
txn_004582,merch_0129,upi,707.83,15,18,637.41,0.0751,0,0
txn_004583,merch_0059,upi,3158.17,10,132,3305.96,0.0062,0,1
txn_004584,merch_0181,upi,536.7,21,23,363.9,0.137,0,0
txn_004585,merch_0029,card,1142.02,8,12,866.59,0.2733,0,0
txn_004586,merch_0083,upi,586.55,16,19,533.88,0.9082,0,0
txn_004587,merch_0165,card,795.04,19,29,2001.38,0.1159,1,0
txn_004588,merch_0027,card,398.69,4,27,1503.29,0.1024,0,0
txn_004589,merch_0024,upi,819.85,10,230,628.76,0.4768,1,0
txn_004590,merch_0095,upi,226.12,11,21,191.75,0.0545,1,0
txn_004591,merch_0124,upi,3018.73,15,16,2401.24,0.0795,0,0
txn_004592,merch_0009,upi,2922.11,0,30,1846.09,0.2157,0,0
txn_004593,merch_0187,netbanking,555.39,3,19,980.76,0.0781,0,0
txn_004594,merch_0041,upi,177.67,17,20,1326.94,0.1947,1,0
txn_004595,merch_0039,netbanking,1699.65,12,13,1395.23,0.0492,0,0
txn_004596,merch_0076,upi,1803.48,11,23,1264.05,0.0765,0,0
txn_004597,merch_0104,card,1039.25,4,19,873.68,0.1838,0,0
txn_004598,merch_0117,card,67.72,15,21,265.52,0.093,0,0
txn_004599,merch_0041,card,1496.98,15,23,1294.58,0.0867,1,0
txn_004600,merch_0046,upi,270.67,17,15,668.56,0.0874,0,0
txn_004601,merch_0164,upi,815.62,15,11,3911.32,0.0719,0,0
txn_004602,merch_0021,card,832.96,18,26,739.6,0.1132,0,0
txn_004603,merch_0184,upi,890.5,17,27,785.23,0.1233,0,0
txn_004604,merch_0106,upi,10158.68,14,26,9658.58,0.0614,1,0
txn_004605,merch_0026,card,336.71,8,26,311.88,0.183,0,0
txn_004606,merch_0040,card,1912.45,12,33,2735.6,0.2661,0,0
txn_004607,merch_0079,card,104.39,16,16,90.16,0.0423,0,0
txn_004608,merch_0161,card,2017.01,18,20,2733.67,0.3761,0,0
txn_004609,merch_0159,netbanking,2205.52,8,26,2392.13,0.0833,1,0
txn_004610,merch_0088,card,668.18,9,11,602.16,0.044,0,0
txn_004611,merch_0065,card,8199.47,17,19,5106.17,0.8774,0,0
txn_004612,merch_0011,card,733.62,1,14,627.49,0.095,0,0
txn_004613,merch_0167,netbanking,13496.27,7,28,11646.32,0.0567,0,0
txn_004614,merch_0072,upi,1054.45,12,11,1100.91,0.1203,1,0
txn_004615,merch_0075,upi,3669.97,16,25,2591.21,0.1385,0,0
txn_004616,merch_0089,netbanking,2673.32,10,21,2281.38,0.3847,0,1
txn_004617,merch_0009,card,3852.79,18,22,2001.05,0.1566,0,0
txn_004618,merch_0095,upi,282.3,0,25,185.1,0.1944,1,0
txn_004619,merch_0175,wallet,2906.42,16,28,3129.81,0.0128,0,0
txn_004620,merch_0019,upi,311.82,17,32,199.05,0.2068,0,0
txn_004621,merch_0038,netbanking,294.34,12,29,228.66,0.0081,0,0
txn_004622,merch_0059,netbanking,2869.73,9,171,3512.05,0.1801,0,1
txn_004623,merch_0065,wallet,6972.72,22,16,5261.12,0.2382,0,0
txn_004624,merch_0064,upi,993.34,0,34,2855.93,0.046,0,0
txn_004625,merch_0178,card,998.32,14,21,753.12,0.0891,1,0
txn_004626,merch_0123,upi,405.32,14,23,200.79,0.1881,1,0
txn_004627,merch_0163,upi,592.51,16,12,373.05,0.3976,0,0
txn_004628,merch_0151,upi,2392.45,15,24,1442.9,0.0766,0,0
txn_004629,merch_0154,card,1277.09,11,10,1651.78,0.248,0,0
txn_004630,merch_0129,card,705.83,22,13,532.08,0.0187,0,0
txn_004631,merch_0158,upi,332.14,20,29,287.93,0.1349,0,0
txn_004632,merch_0056,card,357.29,21,27,384.24,0.0707,0,0
txn_004633,merch_0077,netbanking,1037.0,3,27,708.31,0.1786,0,0
txn_004634,merch_0193,netbanking,302.31,18,22,239.29,0.0819,0,0
txn_004635,merch_0028,wallet,671.95,20,17,477.31,0.0222,0,0
txn_004636,merch_0014,upi,94.29,10,32,152.88,0.2628,0,0
txn_004637,merch_0011,wallet,1092.1,16,10,564.42,0.152,0,0
txn_004638,merch_0100,netbanking,251.47,13,10,200.28,0.285,0,0
txn_004639,merch_0155,upi,439.29,11,23,418.16,0.3055,0,0
txn_004640,merch_0083,upi,561.79,7,20,508.55,0.052,0,0
txn_004641,merch_0124,upi,2167.47,17,20,2415.79,0.0999,0,0
txn_004642,merch_0102,upi,407.24,8,23,739.38,0.1067,0,0
txn_004643,merch_0023,card,274.5,19,16,173.29,0.0526,0,0
txn_004644,merch_0148,card,3056.82,13,22,2293.32,0.4528,0,0
txn_004645,merch_0137,netbanking,1018.36,16,18,721.09,0.0402,0,0
txn_004646,merch_0109,card,1588.97,12,23,980.68,0.1013,0,0
txn_004647,merch_0077,upi,841.23,10,33,764.83,0.2234,0,0
txn_004648,merch_0100,netbanking,13.91,17,88,184.07,0.0406,0,1
txn_004649,merch_0145,upi,3422.89,11,20,2844.96,0.0206,0,0
txn_004650,merch_0141,wallet,7103.19,15,22,4868.78,0.021,1,0
txn_004651,merch_0161,upi,5390.84,15,20,3104.3,0.1755,0,0
txn_004652,merch_0127,wallet,766.39,22,15,610.2,0.0472,0,0
txn_004653,merch_0057,upi,804.37,12,30,751.48,0.0697,0,0
txn_004654,merch_0075,upi,2724.41,16,18,2968.4,0.0244,0,0
txn_004655,merch_0149,upi,2110.29,20,25,1797.73,0.0708,0,0
txn_004656,merch_0197,card,10.0,11,14,1435.65,0.1105,1,0
txn_004657,merch_0035,netbanking,273.44,0,30,220.18,0.1216,0,0
txn_004658,merch_0172,upi,1306.33,9,16,901.53,0.3663,0,0
txn_004659,merch_0163,wallet,382.69,12,12,421.41,0.1587,0,0
txn_004660,merch_0021,card,666.56,17,41,804.17,0.0545,0,0
txn_004661,merch_0126,card,381.75,17,34,364.53,0.2779,0,0
txn_004662,merch_0079,netbanking,154.75,17,15,105.25,0.0653,0,0
txn_004663,merch_0188,upi,496.37,1,27,455.4,0.089,0,0
txn_004664,merch_0099,upi,554.01,14,35,706.63,0.136,1,0
txn_004665,merch_0183,wallet,3075.08,3,33,1920.44,0.1604,0,0
txn_004666,merch_0095,wallet,297.72,12,30,184.13,0.246,1,0
txn_004667,merch_0160,wallet,184.73,3,16,333.77,0.212,0,0
txn_004668,merch_0172,wallet,1907.08,11,23,1115.25,0.0146,0,0
txn_004669,merch_0163,upi,409.45,14,17,398.05,0.3945,0,0
txn_004670,merch_0147,netbanking,337.34,2,21,244.84,0.0259,0,0
txn_004671,merch_0017,upi,1965.84,10,25,1662.57,0.0523,0,0
txn_004672,merch_0037,wallet,79.56,19,27,104.03,0.1509,0,0
txn_004673,merch_0194,card,1053.96,16,21,1428.04,0.2185,0,0
txn_004674,merch_0150,card,1535.81,1,18,1360.79,0.0592,0,0
txn_004675,merch_0108,card,358.55,3,28,1333.47,0.0444,0,0
txn_004676,merch_0122,upi,7965.07,12,26,6731.25,0.2681,1,0
txn_004677,merch_0143,upi,10.0,3,21,1324.09,0.0603,0,0
txn_004678,merch_0186,wallet,1950.35,2,22,1821.09,0.059,1,0
txn_004679,merch_0196,netbanking,291.05,8,176,352.97,0.1235,0,1
txn_004680,merch_0195,upi,2271.24,14,32,1805.18,0.0685,0,0
txn_004681,merch_0148,netbanking,10.0,17,20,2357.04,0.1902,0,1
txn_004682,merch_0103,card,122.7,16,25,468.35,0.2345,0,1
txn_004683,merch_0197,upi,874.72,19,16,1279.41,0.0777,1,0
txn_004684,merch_0139,upi,302.99,17,24,280.07,0.1362,1,0
txn_004685,merch_0143,netbanking,1544.02,20,23,1351.01,0.0537,0,0
txn_004686,merch_0080,card,1251.2,14,24,743.77,0.2205,1,0
txn_004687,merch_0086,card,3420.76,4,24,2981.44,0.0718,1,0
txn_004688,merch_0141,card,5208.44,15,36,4857.76,0.0061,1,0
txn_004689,merch_0060,upi,280.35,10,36,694.41,0.405,0,0
txn_004690,merch_0198,card,1028.46,19,27,1344.95,0.1993,1,0
txn_004691,merch_0045,upi,457.8,21,6,424.44,0.3404,0,0
txn_004692,merch_0031,upi,10.0,13,31,9830.24,0.0197,0,0
txn_004693,merch_0014,card,100.28,18,36,158.39,0.1925,0,0
txn_004694,merch_0043,wallet,948.07,9,34,843.67,0.1582,0,0
txn_004695,merch_0144,upi,1658.87,20,135,1472.27,0.0167,0,0
txn_004696,merch_0168,upi,731.8,13,22,805.3,0.229,0,0
txn_004697,merch_0053,card,1851.98,12,19,2544.26,0.1322,0,0
txn_004698,merch_0043,netbanking,72.04,19,25,656.2,0.0418,0,0
txn_004699,merch_0097,netbanking,127.63,1,38,1693.88,0.162,0,0
txn_004700,merch_0004,netbanking,729.83,17,28,726.0,0.0389,1,0
txn_004701,merch_0108,card,2397.64,19,18,1673.67,0.121,0,0
txn_004702,merch_0026,netbanking,280.71,14,31,239.52,0.2336,0,0
txn_004703,merch_0115,upi,2263.71,6,16,1796.38,0.1078,1,0
txn_004704,merch_0086,upi,1857.75,15,25,2804.49,0.1001,1,0
txn_004705,merch_0103,upi,469.18,14,28,477.15,0.1004,0,0
txn_004706,merch_0122,card,4137.04,11,160,5128.27,0.079,1,1
txn_004707,merch_0078,wallet,933.84,18,20,1086.61,0.016,0,0
txn_004708,merch_0042,netbanking,1353.88,20,30,1087.1,0.0027,0,0
txn_004709,merch_0096,upi,1464.63,10,30,1701.48,0.09,1,0
txn_004710,merch_0030,upi,134.27,13,207,587.0,0.1139,1,1
txn_004711,merch_0098,upi,1151.4,9,20,1080.7,0.2433,0,0
txn_004712,merch_0016,upi,213.79,10,11,284.29,0.1119,0,0
txn_004713,merch_0082,card,2768.91,11,33,5780.08,0.0835,1,0
txn_004714,merch_0109,wallet,617.42,8,19,1130.39,0.1696,0,0
txn_004715,merch_0181,wallet,716.39,19,14,378.47,0.0771,0,0
txn_004716,merch_0189,card,299.01,13,20,191.73,0.1106,0,0
txn_004717,merch_0031,netbanking,10.0,15,24,10702.28,0.1212,0,0
txn_004718,merch_0167,card,9830.2,10,25,10596.29,0.1673,0,0
txn_004719,merch_0140,upi,1387.99,18,17,1596.66,0.1865,0,0
txn_004720,merch_0034,card,2622.99,9,30,3079.01,0.4847,1,0
txn_004721,merch_0132,card,208.36,20,34,328.56,0.2225,0,0
txn_004722,merch_0028,netbanking,682.38,15,33,587.29,0.3561,0,0
txn_004723,merch_0069,upi,767.2,17,21,463.58,0.0444,0,0
txn_004724,merch_0152,upi,671.67,13,23,454.84,0.0732,0,0
txn_004725,merch_0094,upi,820.58,13,18,737.55,0.1936,0,0
txn_004726,merch_0021,wallet,1106.82,4,36,918.97,0.1407,0,0
txn_004727,merch_0193,upi,203.24,14,18,253.15,0.0709,0,0
txn_004728,merch_0172,netbanking,488.6,14,19,1147.67,0.0564,0,0
txn_004729,merch_0068,netbanking,619.02,13,19,1884.44,0.2547,0,0
txn_004730,merch_0088,upi,303.24,13,14,633.09,0.1059,0,0
txn_004731,merch_0071,card,6277.09,15,15,6413.59,0.1171,0,0
txn_004732,merch_0128,wallet,288.6,15,20,1174.02,0.117,1,0
txn_004733,merch_0171,card,203.1,18,22,394.79,0.0727,0,0
txn_004734,merch_0086,wallet,2829.07,11,19,2887.68,0.4434,1,0
txn_004735,merch_0095,upi,255.7,16,29,202.53,0.2342,1,0
txn_004736,merch_0074,upi,52.4,19,222,46.04,0.183,0,1
txn_004737,merch_0166,wallet,2112.77,13,25,3047.66,0.1102,0,0
txn_004738,merch_0053,netbanking,2317.8,19,18,2428.31,0.009,0,0
txn_004739,merch_0087,wallet,962.67,14,24,1387.04,0.1102,0,0
txn_004740,merch_0156,card,7380.44,11,27,8894.14,0.1566,0,0
txn_004741,merch_0053,wallet,1104.1,14,17,2171.73,0.1509,0,0
txn_004742,merch_0015,netbanking,649.2,4,18,584.56,0.1594,1,0
txn_004743,merch_0098,netbanking,964.85,15,29,1096.18,0.1103,0,0
txn_004744,merch_0019,card,186.17,16,28,227.9,0.3711,0,0
txn_004745,merch_0045,upi,647.69,20,13,428.57,0.0321,0,0
txn_004746,merch_0194,wallet,696.23,12,23,1189.52,0.0238,0,0
txn_004747,merch_0192,upi,1754.88,17,29,1253.83,0.3011,1,0
txn_004748,merch_0126,card,655.03,9,26,306.51,0.0143,0,0
txn_004749,merch_0057,upi,407.12,16,31,696.81,0.069,0,0
txn_004750,merch_0180,card,335.5,7,29,2239.05,0.2134,0,0
txn_004751,merch_0110,card,56.02,17,15,111.78,0.0372,0,0
txn_004752,merch_0128,upi,1522.82,6,21,1142.94,0.0675,1,0
txn_004753,merch_0080,wallet,1522.02,6,16,846.4,0.067,1,0
txn_004754,merch_0193,upi,457.35,16,22,244.31,0.9147,0,0
txn_004755,merch_0156,card,13136.86,15,23,9700.66,0.1682,0,0
txn_004756,merch_0083,upi,841.32,16,30,577.15,0.2978,0,0
txn_004757,merch_0069,upi,634.54,8,16,487.96,0.0712,0,0
txn_004758,merch_0007,upi,3531.47,1,27,3126.18,0.0859,0,0
txn_004759,merch_0028,card,593.96,10,27,464.39,0.162,0,0
txn_004760,merch_0111,upi,747.88,19,31,1147.37,0.1403,0,0
txn_004761,merch_0178,wallet,1405.76,14,24,752.6,0.3185,1,0
txn_004762,merch_0160,upi,598.13,15,18,308.35,0.1001,0,0
txn_004763,merch_0130,upi,93.33,17,19,189.55,0.2831,0,0
txn_004764,merch_0187,upi,1329.07,18,21,995.68,0.0084,0,0
txn_004765,merch_0162,upi,7999.38,17,26,4417.6,0.0895,0,0
txn_004766,merch_0196,netbanking,434.95,14,28,370.11,0.1487,0,0
txn_004767,merch_0107,netbanking,1259.7,18,31,1313.48,0.2121,1,0
txn_004768,merch_0108,card,2361.69,10,31,1580.2,0.2004,0,0
txn_004769,merch_0019,upi,226.02,12,21,217.06,0.3198,0,0
txn_004770,merch_0072,upi,807.1,13,17,1141.58,0.8702,1,1
txn_004771,merch_0166,card,1837.87,19,15,2963.14,0.1291,0,0
txn_004772,merch_0003,wallet,10.0,13,20,7233.44,0.121,0,0
txn_004773,merch_0018,upi,695.55,12,33,399.56,0.2353,0,0
txn_004774,merch_0101,netbanking,332.23,13,16,698.38,0.1558,0,0
txn_004775,merch_0172,upi,1312.26,8,26,907.84,0.0595,0,0
txn_004776,merch_0170,upi,197.67,3,21,401.09,0.1983,1,0
txn_004777,merch_0140,card,1517.14,16,15,1504.83,0.3202,0,0
txn_004778,merch_0140,upi,1646.43,2,118,1266.27,0.0587,0,0
txn_004779,merch_0187,netbanking,385.35,16,25,1048.94,0.0857,0,0
txn_004780,merch_0184,upi,1143.79,13,30,933.07,0.0984,0,0
txn_004781,merch_0085,card,542.86,18,34,584.95,0.0395,0,0
txn_004782,merch_0051,upi,918.49,21,29,614.89,0.1579,0,0
txn_004783,merch_0110,wallet,171.7,4,20,113.31,0.2768,0,0
txn_004784,merch_0180,upi,3264.13,8,29,2141.5,0.0128,0,0
txn_004785,merch_0108,wallet,1436.21,11,20,1513.96,0.3561,0,0
txn_004786,merch_0085,netbanking,1166.56,19,229,631.07,0.9015,0,0
txn_004787,merch_0042,wallet,930.58,18,30,957.48,0.0403,0,1
txn_004788,merch_0199,card,286.23,18,32,262.25,0.0661,0,0
txn_004789,merch_0199,card,264.17,17,39,308.03,0.204,0,0
txn_004790,merch_0041,upi,583.35,17,18,1199.88,0.1323,1,0
txn_004791,merch_0089,upi,1199.36,12,19,1751.79,0.1869,0,0
txn_004792,merch_0114,upi,582.87,0,41,956.45,0.1536,1,0
txn_004793,merch_0025,upi,683.0,20,148,1077.69,0.0792,0,1
txn_004794,merch_0150,wallet,1257.13,15,18,1475.48,0.0961,0,0
txn_004795,merch_0042,upi,1397.63,10,19,965.36,0.2764,0,0
txn_004796,merch_0076,card,1017.21,18,34,1158.35,0.0832,0,0
txn_004797,merch_0155,card,513.87,8,27,434.05,0.1712,0,0
txn_004798,merch_0136,card,349.06,4,15,459.3,0.1697,0,0
txn_004799,merch_0019,card,446.92,20,20,193.31,0.3212,0,0
txn_004800,merch_0183,upi,3342.76,14,37,1735.74,0.1932,0,0
txn_004801,merch_0038,card,190.5,18,22,220.32,0.2546,0,0
txn_004802,merch_0178,upi,894.75,13,25,852.45,0.069,1,0
txn_004803,merch_0011,wallet,138.7,15,7,591.01,0.0846,0,0
txn_004804,merch_0182,netbanking,270.62,14,19,269.88,0.455,0,0
txn_004805,merch_0010,wallet,440.42,18,22,598.88,0.1175,1,0
txn_004806,merch_0153,upi,1945.49,19,158,1468.88,0.1342,0,0
txn_004807,merch_0041,upi,767.34,22,23,1186.07,0.8942,1,0
txn_004808,merch_0154,upi,2793.73,19,13,1434.68,0.0281,0,0
txn_004809,merch_0010,upi,608.32,19,24,717.68,0.2071,1,0
txn_004810,merch_0037,upi,73.46,4,32,95.15,0.2602,0,0
txn_004811,merch_0097,card,1520.36,11,34,1303.64,0.0556,0,0
txn_004812,merch_0170,upi,520.79,11,31,369.45,0.246,1,0
txn_004813,merch_0018,card,455.01,17,31,321.69,0.2934,0,0
txn_004814,merch_0191,wallet,3329.06,14,11,2617.39,0.1583,0,0
txn_004815,merch_0133,card,2706.88,9,22,1654.48,0.2534,0,0
txn_004816,merch_0173,upi,2144.98,13,18,1550.56,0.1017,0,0
txn_004817,merch_0115,upi,2128.86,19,19,1373.41,0.1732,1,0
txn_004818,merch_0112,card,1077.23,19,23,1070.22,0.3062,0,0
txn_004819,merch_0169,upi,396.45,14,31,463.6,0.0785,0,0
txn_004820,merch_0064,card,2555.82,21,27,2722.85,0.4248,0,0
txn_004821,merch_0098,upi,861.36,20,30,1128.37,0.0264,0,0
txn_004822,merch_0071,netbanking,7295.48,15,11,6759.31,0.2357,0,0
txn_004823,merch_0186,netbanking,1929.18,6,21,2158.38,0.4034,1,0
txn_004824,merch_0051,card,1372.63,16,30,731.54,0.2596,0,0
txn_004825,merch_0117,upi,201.15,2,29,298.3,0.0185,0,0
txn_004826,merch_0174,upi,766.89,23,17,1537.14,0.1,1,0
txn_004827,merch_0119,netbanking,3724.8,18,20,2931.61,0.1109,0,0
txn_004828,merch_0006,card,7564.91,2,33,7548.78,0.0746,0,0
txn_004829,merch_0010,upi,413.44,15,24,674.87,0.1495,1,0
txn_004830,merch_0102,upi,1028.44,1,32,767.12,0.1256,0,0
txn_004831,merch_0060,upi,529.41,20,32,580.15,0.0739,0,1
txn_004832,merch_0067,netbanking,6740.56,15,23,3245.53,0.0281,0,0
txn_004833,merch_0152,upi,315.76,13,34,529.49,0.0861,0,0
txn_004834,merch_0139,card,191.47,14,24,218.63,0.2623,1,0
txn_004835,merch_0153,card,1534.41,11,29,1494.83,0.2982,0,0
txn_004836,merch_0101,card,1196.97,1,26,759.04,0.0412,0,0
txn_004837,merch_0109,netbanking,726.58,17,30,907.45,0.2807,0,0
txn_004838,merch_0139,netbanking,288.56,12,31,268.66,0.4287,1,0
txn_004839,merch_0170,card,150.17,13,19,428.4,0.0146,1,0
txn_004840,merch_0050,upi,2161.31,9,11,1615.73,0.0986,0,1
txn_004841,merch_0116,upi,767.14,16,19,1074.93,0.187,0,0
txn_004842,merch_0164,card,4555.04,2,25,3346.07,0.1211,0,0
txn_004843,merch_0045,card,616.51,1,7,454.21,0.1653,0,0
txn_004844,merch_0052,card,10.0,11,17,505.72,0.2519,1,0
txn_004845,merch_0087,upi,1731.68,12,23,1808.32,0.1815,0,0
txn_004846,merch_0120,card,2065.56,1,23,3217.91,0.0884,0,0
txn_004847,merch_0012,upi,1845.97,15,25,1485.1,0.0155,1,0
txn_004848,merch_0088,netbanking,295.96,15,11,629.91,0.2325,0,0
txn_004849,merch_0124,upi,1465.42,16,30,2375.04,0.2268,0,0
txn_004850,merch_0117,card,432.69,16,33,249.3,0.1121,0,0
txn_004851,merch_0053,upi,3083.46,20,26,2258.61,0.1779,0,0
txn_004852,merch_0184,upi,521.78,10,32,884.87,0.0313,0,0
txn_004853,merch_0115,card,2786.44,13,16,1399.44,0.0121,1,0
txn_004854,merch_0117,upi,10.0,10,25,300.85,0.1714,0,0
txn_004855,merch_0003,netbanking,7430.1,19,31,6620.74,0.1398,0,0
txn_004856,merch_0074,card,27.67,16,24,46.63,0.1731,0,0
txn_004857,merch_0048,card,1886.91,0,24,1840.02,0.1797,0,0
txn_004858,merch_0006,upi,6311.36,6,33,6578.48,0.0521,0,0
txn_004859,merch_0109,card,608.79,21,24,863.17,0.0382,0,0
txn_004860,merch_0121,card,279.49,6,33,344.6,0.2541,0,0
txn_004861,merch_0010,card,381.96,21,22,562.87,0.1246,1,0
txn_004862,merch_0091,card,3629.36,12,19,4017.31,0.2512,0,0
txn_004863,merch_0181,upi,546.58,7,22,399.84,0.1029,0,0
txn_004864,merch_0172,upi,1634.82,10,12,1019.07,0.0805,0,0
txn_004865,merch_0022,upi,1121.73,14,31,1294.12,0.3171,0,0
txn_004866,merch_0027,upi,1942.71,11,21,1596.6,0.9832,0,0
txn_004867,merch_0110,upi,160.26,18,28,110.42,0.2405,0,0
txn_004868,merch_0056,netbanking,336.9,12,32,357.58,0.1367,0,0
txn_004869,merch_0025,netbanking,812.63,16,26,1099.99,0.1528,0,0
txn_004870,merch_0152,upi,831.8,8,25,476.14,0.313,0,0
txn_004871,merch_0053,wallet,2156.67,13,17,2567.76,0.5152,0,0
txn_004872,merch_0028,card,576.73,0,19,523.95,0.0554,0,0
txn_004873,merch_0096,wallet,234.21,22,30,1541.88,0.0797,1,0
txn_004874,merch_0163,card,293.13,16,12,454.46,0.06,0,0
txn_004875,merch_0013,card,186.33,10,20,103.31,0.1109,0,0
txn_004876,merch_0077,upi,949.44,12,20,763.68,0.0463,0,0
txn_004877,merch_0034,upi,2908.16,13,22,2646.36,0.1674,1,0
txn_004878,merch_0029,upi,1360.51,14,16,853.01,0.022,0,0
txn_004879,merch_0091,card,860.58,6,28,3019.65,0.178,0,0
txn_004880,merch_0016,upi,260.7,2,11,316.77,0.0553,0,0
txn_004881,merch_0194,netbanking,2841.22,18,28,1259.46,0.4074,0,0
txn_004882,merch_0157,upi,1881.93,12,20,1795.42,0.0665,0,0
txn_004883,merch_0092,netbanking,456.64,15,22,436.02,0.1401,0,0
txn_004884,merch_0172,upi,1382.03,12,15,960.59,0.3267,0,0
txn_004885,merch_0078,upi,1712.87,10,16,1371.75,0.4,0,0
txn_004886,merch_0109,upi,498.83,22,22,1065.73,0.0405,0,0
txn_004887,merch_0178,upi,949.98,16,22,891.5,0.0589,1,0
txn_004888,merch_0101,upi,1353.8,3,20,601.69,0.0483,0,0
txn_004889,merch_0105,netbanking,1183.88,2,43,1967.4,0.0405,0,0
txn_004890,merch_0046,upi,511.66,17,153,617.68,0.3849,0,0
txn_004891,merch_0180,upi,2360.09,12,176,2658.75,0.9067,0,1
txn_004892,merch_0063,netbanking,368.17,11,19,268.34,0.2094,0,0
txn_004893,merch_0165,upi,604.26,17,29,1792.81,0.402,1,0
txn_004894,merch_0063,wallet,10.0,17,17,294.3,0.3115,0,0
txn_004895,merch_0086,wallet,3551.67,4,15,3172.36,0.0352,1,0
txn_004896,merch_0006,upi,11682.48,10,33,7840.25,0.276,0,0
txn_004897,merch_0021,upi,697.75,2,34,829.69,0.1276,0,0
txn_004898,merch_0080,upi,605.0,10,114,901.56,0.3269,1,1
txn_004899,merch_0168,netbanking,760.75,14,23,761.94,0.5123,0,0
txn_004900,merch_0073,card,11019.65,3,28,6968.66,0.496,1,0
txn_004901,merch_0137,card,568.86,22,19,710.53,0.105,0,0
txn_004902,merch_0184,netbanking,1020.5,13,25,931.49,0.1036,0,0
txn_004903,merch_0134,upi,208.88,11,13,410.61,0.3796,0,0
txn_004904,merch_0124,netbanking,787.09,8,25,2374.4,0.0915,0,0
txn_004905,merch_0049,card,182.12,11,31,144.96,0.1238,1,0
txn_004906,merch_0051,card,1364.11,4,29,660.55,0.3178,0,0
txn_004907,merch_0160,wallet,512.0,15,21,304.8,0.3096,0,0
txn_004908,merch_0000,card,662.45,18,234,2101.74,0.0897,1,0
txn_004909,merch_0180,upi,1789.32,18,177,2419.14,0.0941,0,0
txn_004910,merch_0187,upi,1124.31,3,22,933.65,0.3117,0,0
txn_004911,merch_0161,card,2918.59,2,18,3168.9,0.3148,0,0
txn_004912,merch_0003,upi,1363.35,7,25,6528.68,0.0788,0,1
txn_004913,merch_0144,wallet,335.04,13,37,1639.62,0.0479,0,0
txn_004914,merch_0131,upi,718.23,13,43,1058.18,0.2775,0,0
txn_004915,merch_0170,card,363.95,3,28,353.0,0.1988,1,0
txn_004916,merch_0003,card,1322.51,16,21,7054.25,0.2941,0,0
txn_004917,merch_0000,upi,2378.4,16,35,1836.24,0.128,1,0
txn_004918,merch_0070,wallet,1643.07,9,32,1923.73,0.1709,0,0
txn_004919,merch_0177,netbanking,3338.49,16,18,6371.51,0.2898,0,0
txn_004920,merch_0188,card,439.63,11,31,424.53,0.04,0,0
txn_004921,merch_0034,upi,1212.5,17,19,2996.9,0.1726,1,0
txn_004922,merch_0007,upi,2698.48,3,25,2677.27,0.0723,0,0
txn_004923,merch_0151,upi,562.63,18,26,1822.55,0.0573,0,0
txn_004924,merch_0035,upi,116.08,21,29,217.11,0.3116,0,0
txn_004925,merch_0177,card,4996.6,3,22,6136.65,0.2153,0,0
txn_004926,merch_0122,wallet,4105.45,16,29,6578.83,0.3926,1,0
txn_004927,merch_0042,card,1160.64,14,30,835.73,0.2647,0,0
txn_004928,merch_0026,wallet,272.96,20,29,251.38,0.2594,0,0
txn_004929,merch_0031,card,20936.47,11,19,11523.81,0.3327,0,0
txn_004930,merch_0077,card,660.91,12,21,871.48,0.3572,0,0
txn_004931,merch_0120,netbanking,10.0,18,27,2735.28,0.2548,0,0
txn_004932,merch_0145,card,794.64,23,20,3014.35,0.9318,0,0
txn_004933,merch_0155,netbanking,201.5,16,28,482.91,0.0303,0,0
txn_004934,merch_0156,upi,21693.97,9,24,10268.44,0.1301,0,1
txn_004935,merch_0015,upi,550.73,12,21,611.1,0.3813,1,0
txn_004936,merch_0098,netbanking,1646.41,23,25,1153.32,0.2873,0,0
txn_004937,merch_0046,card,953.59,11,13,553.55,0.1348,0,1
txn_004938,merch_0186,wallet,613.12,17,20,2132.2,0.2474,1,0
txn_004939,merch_0030,wallet,17.06,13,22,496.65,0.1186,1,0
txn_004940,merch_0003,upi,8645.96,10,25,7092.18,0.8593,0,0
txn_004941,merch_0164,card,10.0,16,20,3772.33,0.0773,0,0
txn_004942,merch_0016,upi,477.42,17,13,364.05,0.0795,0,0
txn_004943,merch_0038,card,207.52,12,24,251.2,0.0304,0,0
txn_004944,merch_0047,netbanking,5231.9,17,11,4397.37,0.1356,0,0
txn_004945,merch_0173,upi,1834.84,12,20,1729.27,0.1171,0,0
txn_004946,merch_0175,card,3299.92,0,18,3069.27,0.2153,0,0
txn_004947,merch_0038,card,236.4,14,22,190.35,0.0405,0,0
txn_004948,merch_0131,upi,1356.61,0,32,1042.27,0.0166,0,0
txn_004949,merch_0029,netbanking,792.19,19,17,747.86,0.0564,0,0
txn_004950,merch_0157,card,435.15,17,24,2106.55,0.0018,0,0
txn_004951,merch_0021,wallet,661.36,3,30,859.47,0.007,0,0
txn_004952,merch_0065,upi,10940.59,18,15,5139.6,0.0358,0,0
txn_004953,merch_0107,upi,1493.71,11,38,1199.23,0.6129,1,0
txn_004954,merch_0011,card,1043.4,22,12,621.13,0.2345,0,0
txn_004955,merch_0035,upi,171.82,14,28,284.8,0.0509,0,0
txn_004956,merch_0017,wallet,1094.31,6,27,1384.59,0.2368,0,0
txn_004957,merch_0089,upi,1281.68,15,21,2007.51,0.0639,0,0
txn_004958,merch_0180,netbanking,629.61,16,27,2016.07,0.069,0,0
txn_004959,merch_0198,card,104.59,1,31,1087.8,0.3489,1,0
txn_004960,merch_0000,upi,2141.11,14,35,2261.3,0.3137,1,1
txn_004961,merch_0126,upi,276.54,15,32,294.45,0.3145,0,0
txn_004962,merch_0185,card,3857.86,14,20,2235.16,0.1248,1,0
txn_004963,merch_0089,card,1837.19,20,27,1778.82,0.0754,0,0
txn_004964,merch_0086,upi,365.36,15,29,3478.64,0.2057,1,0
txn_004965,merch_0089,wallet,2306.21,19,164,1733.13,0.1655,0,0
txn_004966,merch_0133,upi,152.13,0,145,1874.11,0.2221,0,0
txn_004967,merch_0069,upi,565.14,19,16,574.43,0.1258,0,0
txn_004968,merch_0043,card,457.8,18,33,665.26,0.1386,0,0
txn_004969,merch_0199,upi,298.2,12,34,314.29,0.0692,0,0
txn_004970,merch_0151,wallet,780.63,14,24,1471.25,0.0883,0,0
txn_004971,merch_0085,upi,827.18,9,22,533.51,0.1514,0,0
txn_004972,merch_0018,upi,375.07,14,18,380.44,0.0491,0,0
txn_004973,merch_0100,upi,161.83,8,15,185.24,0.3072,0,0
txn_004974,merch_0145,card,1129.77,15,22,2384.5,0.1968,0,0
txn_004975,merch_0094,card,1428.43,9,23,736.31,0.0313,0,0
txn_004976,merch_0100,card,98.38,12,8,192.87,0.5523,0,0
txn_004977,merch_0029,upi,883.65,23,12,867.37,0.179,0,0
txn_004978,merch_0169,upi,284.69,10,39,414.31,0.0784,0,0
txn_004979,merch_0032,netbanking,2634.58,11,20,1133.82,0.1001,0,0
txn_004980,merch_0011,upi,681.56,14,8,594.45,0.1847,0,0
txn_004981,merch_0117,netbanking,186.22,19,26,241.31,0.2155,0,0
txn_004982,merch_0093,upi,982.05,17,32,845.54,0.1141,0,0
txn_004983,merch_0154,netbanking,2117.57,11,15,1600.06,0.0503,0,0
txn_004984,merch_0166,upi,3319.33,17,22,3240.63,0.1247,0,0
txn_004985,merch_0136,card,377.67,13,23,396.31,0.2241,0,0
txn_004986,merch_0148,upi,2511.32,2,16,1985.78,0.0473,0,0
txn_004987,merch_0075,upi,2707.91,16,31,2919.96,0.1237,0,0
txn_004988,merch_0028,upi,528.34,23,183,554.12,0.1899,0,1
txn_004989,merch_0160,upi,188.96,16,24,329.75,0.0259,0,0
txn_004990,merch_0189,upi,32.09,16,15,164.58,0.2112,0,0
txn_004991,merch_0116,card,1297.95,16,28,954.03,0.8725,0,0
txn_004992,merch_0014,card,164.35,17,25,142.51,0.0209,0,0
txn_004993,merch_0001,netbanking,1508.3,17,26,858.65,0.021,0,0
txn_004994,merch_0179,card,29351.97,20,36,27797.3,0.0438,0,0
txn_004995,merch_0116,card,957.65,11,28,905.05,0.154,0,0
txn_004996,merch_0171,upi,151.34,18,30,381.9,0.1723,0,0
txn_004997,merch_0181,card,385.79,10,22,390.06,0.0558,0,1
txn_004998,merch_0017,upi,1780.61,17,31,1740.95,0.3908,0,0
txn_004999,merch_0002,netbanking,763.73,19,19,2294.79,0.1208,0,0
txn_005000,merch_0134,upi,507.43,21,20,341.47,0.4212,0,0
txn_005001,merch_0170,upi,238.29,13,18,378.95,0.2691,1,1
txn_005002,merch_0165,card,1635.44,17,25,1556.55,0.2126,1,0
txn_005003,merch_0164,upi,4518.7,20,24,3331.68,0.0768,0,0
txn_005004,merch_0185,wallet,2572.6,12,27,2300.59,0.0908,1,0
txn_005005,merch_0160,netbanking,611.24,12,21,315.31,0.1232,0,0
txn_005006,merch_0107,upi,1635.47,16,43,1307.85,0.3261,1,0
txn_005007,merch_0186,upi,1780.27,20,15,1678.48,0.0233,1,0
txn_005008,merch_0094,card,10.0,12,19,746.12,0.1572,0,0
txn_005009,merch_0121,card,488.13,11,47,343.35,0.1004,0,0
txn_005010,merch_0010,upi,258.64,15,21,578.45,0.2217,1,0
txn_005011,merch_0067,card,5380.03,3,26,3484.81,0.2535,0,0
txn_005012,merch_0122,card,7134.55,14,28,5669.75,0.1397,1,0
txn_005013,merch_0195,upi,1559.28,0,27,1904.64,0.9954,0,0
txn_005014,merch_0112,upi,1530.15,14,26,1102.71,0.0251,0,0
txn_005015,merch_0097,netbanking,1828.79,9,28,1482.31,0.2984,0,0
txn_005016,merch_0092,upi,562.47,16,22,472.0,0.2218,0,0
txn_005017,merch_0021,netbanking,73.73,16,29,787.6,0.1768,0,0
txn_005018,merch_0193,upi,250.89,8,20,266.85,0.2255,0,0
txn_005019,merch_0171,card,182.21,12,30,427.33,0.1744,0,0
txn_005020,merch_0126,netbanking,156.86,11,28,356.22,0.1699,0,0
txn_005021,merch_0133,netbanking,1618.6,14,21,1677.18,0.0759,0,0
txn_005022,merch_0169,upi,689.35,13,33,486.41,0.0675,0,0
txn_005023,merch_0024,upi,678.73,16,23,526.19,0.0591,1,0
txn_005024,merch_0184,netbanking,976.18,18,23,735.99,0.1039,0,0
txn_005025,merch_0084,upi,596.81,12,17,435.72,0.4184,1,0
txn_005026,merch_0054,upi,2087.68,14,20,3459.23,0.4008,0,0
txn_005027,merch_0143,wallet,120.88,13,26,1330.24,0.0122,0,0
txn_005028,merch_0094,upi,10.0,4,24,727.76,0.182,0,0
txn_005029,merch_0141,upi,5982.09,10,19,4636.17,0.2131,1,0
txn_005030,merch_0166,upi,3887.16,9,27,2612.46,0.0881,0,0
txn_005031,merch_0155,card,666.68,11,33,488.37,0.0865,0,0
txn_005032,merch_0178,card,503.59,17,106,786.18,0.3615,1,0
txn_005033,merch_0118,upi,6462.57,10,19,3960.17,0.2665,1,0
txn_005034,merch_0176,upi,2377.71,21,167,1119.15,0.1048,1,1
txn_005035,merch_0008,upi,802.56,15,25,646.52,0.2201,0,0
txn_005036,merch_0185,card,4748.55,22,16,2509.67,0.1544,1,0
txn_005037,merch_0172,upi,1282.82,14,19,901.63,0.9218,0,0
txn_005038,merch_0149,wallet,1441.62,10,21,1635.47,0.2007,0,0
txn_005039,merch_0159,upi,1868.18,17,23,2137.16,0.86,1,1
txn_005040,merch_0196,wallet,166.81,18,31,397.19,0.1463,0,0
txn_005041,merch_0196,upi,321.0,19,25,353.59,0.1443,0,0
txn_005042,merch_0041,netbanking,1199.44,11,19,1145.52,0.004,1,0
txn_005043,merch_0052,upi,425.77,8,26,481.73,0.0231,1,0
txn_005044,merch_0186,upi,1817.57,18,25,1824.73,0.1584,1,0
txn_005045,merch_0073,netbanking,1641.27,11,32,6587.37,0.0939,1,0
txn_005046,merch_0038,netbanking,324.32,22,29,222.68,0.2891,0,0
txn_005047,merch_0121,upi,475.96,14,29,350.19,0.0935,0,0
txn_005048,merch_0014,card,154.28,17,24,129.88,0.0199,0,0
txn_005049,merch_0198,card,403.77,18,248,1268.61,0.047,1,1
txn_005050,merch_0156,netbanking,11526.55,13,29,9002.81,0.0091,0,0
txn_005051,merch_0122,upi,5960.58,17,22,5722.92,0.2359,1,0
txn_005052,merch_0110,card,129.91,13,32,101.34,0.0143,0,0
txn_005053,merch_0130,card,324.79,17,25,159.6,0.1008,0,0
txn_005054,merch_0082,upi,6004.41,18,356,6347.88,0.1592,1,1
txn_005055,merch_0009,wallet,2271.93,0,17,2369.55,0.0241,0,0
txn_005056,merch_0091,upi,2116.29,17,21,3673.98,0.2194,0,0
txn_005057,merch_0028,upi,717.2,14,20,484.27,0.0509,0,0
txn_005058,merch_0034,card,3786.92,10,20,3006.55,0.4843,1,0
txn_005059,merch_0005,card,900.95,19,27,742.03,0.0584,0,0
txn_005060,merch_0139,upi,143.58,18,27,279.32,0.0409,1,0
txn_005061,merch_0110,upi,80.53,15,20,107.16,0.0054,0,0
txn_005062,merch_0037,wallet,39.2,12,27,118.5,0.8142,0,0
txn_005063,merch_0076,upi,877.24,13,32,1276.68,0.0358,0,0
txn_005064,merch_0092,card,667.14,22,23,519.52,0.0309,0,0
txn_005065,merch_0146,netbanking,289.76,9,19,224.64,0.1028,0,0
txn_005066,merch_0066,upi,1095.58,7,18,1112.95,0.3302,0,0
txn_005067,merch_0135,wallet,10734.21,20,15,6387.89,0.0448,0,0
txn_005068,merch_0007,netbanking,3080.7,14,28,3147.76,0.064,0,0
txn_005069,merch_0121,card,298.78,21,29,343.92,0.1404,0,0
txn_005070,merch_0083,card,387.78,7,199,621.3,0.0908,0,0
txn_005071,merch_0174,card,1349.63,2,17,1549.8,0.1932,1,0
txn_005072,merch_0131,card,925.39,22,31,1183.02,0.1015,0,0
txn_005073,merch_0178,netbanking,1136.13,12,25,781.15,0.1275,1,0
txn_005074,merch_0084,upi,514.74,12,17,401.12,0.0079,1,0
txn_005075,merch_0194,upi,1140.39,1,22,1270.25,0.0978,0,0
txn_005076,merch_0044,upi,157.62,9,19,191.43,0.0264,0,0
txn_005077,merch_0135,upi,8792.34,14,17,8067.15,0.2619,0,0
txn_005078,merch_0086,upi,4519.52,12,24,3459.37,0.1021,1,1
txn_005079,merch_0015,netbanking,168.63,19,24,601.55,0.1257,1,0
txn_005080,merch_0076,card,1133.6,10,177,1273.71,0.0139,0,1
txn_005081,merch_0194,card,1409.92,12,20,1356.31,0.1686,0,0
txn_005082,merch_0008,card,785.11,8,41,683.69,0.238,0,0
txn_005083,merch_0059,netbanking,3659.58,17,23,3348.09,0.1726,0,0
txn_005084,merch_0077,card,927.4,10,187,713.88,0.1355,0,1
txn_005085,merch_0076,netbanking,1101.43,14,27,1174.96,0.0505,0,0
txn_005086,merch_0070,upi,1267.82,17,31,1731.99,0.193,0,0
txn_005087,merch_0014,wallet,171.97,17,30,117.64,0.1164,0,0
txn_005088,merch_0070,card,2121.5,21,27,1862.14,0.3579,0,0
txn_005089,merch_0101,upi,918.81,19,16,622.89,0.0868,0,0
txn_005090,merch_0168,card,1096.06,14,24,841.61,0.279,0,0
txn_005091,merch_0021,card,404.59,6,33,724.07,0.0031,0,0
txn_005092,merch_0151,upi,1352.15,17,22,1627.85,0.2807,0,0
txn_005093,merch_0112,card,1591.54,18,21,1026.01,0.2534,0,0
txn_005094,merch_0171,upi,477.87,13,27,351.59,0.0456,0,0
txn_005095,merch_0000,upi,2026.65,20,25,2162.45,0.1635,1,0
txn_005096,merch_0009,wallet,1868.34,8,27,2042.83,0.1281,0,0
txn_005097,merch_0109,card,1493.97,12,27,1097.61,0.114,0,0
txn_005098,merch_0199,netbanking,126.13,13,29,264.65,0.2265,0,0
txn_005099,merch_0183,card,2226.88,20,39,2043.35,0.1235,0,0
txn_005100,merch_0112,upi,1154.28,14,29,1035.35,0.3513,0,0
txn_005101,merch_0049,card,58.22,10,196,119.93,0.5647,1,0
txn_005102,merch_0011,card,1216.19,15,9,621.71,0.2476,0,1
txn_005103,merch_0088,wallet,10.0,13,14,570.37,0.0971,0,0
txn_005104,merch_0187,upi,1065.48,12,16,912.67,0.9214,0,1
txn_005105,merch_0153,netbanking,1802.21,16,33,1610.3,0.1966,0,0
txn_005106,merch_0111,wallet,678.96,11,17,993.54,0.1522,0,0
txn_005107,merch_0077,card,875.9,19,22,749.31,0.0953,0,0
txn_005108,merch_0168,wallet,741.4,10,27,777.05,0.1885,0,0
txn_005109,merch_0163,upi,629.3,18,19,470.48,0.4035,0,0
txn_005110,merch_0120,wallet,8168.71,15,27,2703.06,0.1202,0,0
txn_005111,merch_0022,card,1322.87,16,31,1105.2,0.1924,0,0
txn_005112,merch_0170,upi,494.91,16,26,423.15,0.0498,1,0
txn_005113,merch_0133,wallet,1079.18,9,15,1736.89,0.392,0,0
txn_005114,merch_0196,card,408.04,15,23,427.33,0.0143,0,0
txn_005115,merch_0170,card,304.4,10,18,384.88,0.8166,1,1
txn_005116,merch_0024,card,801.04,15,35,523.24,0.1519,1,0
txn_005117,merch_0017,upi,879.72,7,24,1479.98,0.3663,0,0
txn_005118,merch_0189,card,70.98,9,20,189.34,0.0948,0,0
txn_005119,merch_0140,netbanking,1980.35,14,24,1241.69,0.274,0,1
txn_005120,merch_0042,upi,1067.16,19,23,1016.23,0.1533,0,0
txn_005121,merch_0077,upi,1290.71,18,25,722.32,0.681,0,0
txn_005122,merch_0027,upi,1990.81,16,23,1880.48,0.2425,0,0
txn_005123,merch_0145,upi,3305.36,4,18,2486.98,0.1496,0,0
txn_005124,merch_0058,card,1341.68,21,21,1509.12,0.2482,1,0
txn_005125,merch_0187,netbanking,908.06,18,25,986.48,0.4061,0,0
txn_005126,merch_0062,wallet,452.6,12,29,323.81,0.0873,0,0
txn_005127,merch_0184,card,793.03,10,27,784.37,0.3475,0,0
txn_005128,merch_0091,upi,5410.06,16,19,3868.15,0.1302,0,0
txn_005129,merch_0178,wallet,759.29,13,12,702.94,0.3485,1,0
txn_005130,merch_0055,netbanking,1068.42,16,25,3024.43,0.0141,0,0
txn_005131,merch_0154,card,612.19,10,19,1398.87,0.0953,0,0
txn_005132,merch_0159,card,2270.85,0,21,2492.89,0.2612,1,0
txn_005133,merch_0110,wallet,148.73,7,16,106.01,0.0363,0,0
txn_005134,merch_0136,card,324.09,22,24,475.13,0.1542,0,0
txn_005135,merch_0067,upi,5137.07,15,24,3640.89,0.0816,0,0
txn_005136,merch_0045,card,485.46,9,15,509.16,0.2586,0,0
txn_005137,merch_0066,upi,1346.47,9,23,927.49,0.1813,0,0
txn_005138,merch_0153,upi,1255.55,22,40,1636.61,0.1522,0,0
txn_005139,merch_0135,upi,7498.93,19,21,7328.97,0.0862,0,0
txn_005140,merch_0005,upi,1144.15,16,28,829.42,0.8323,0,0
txn_005141,merch_0023,upi,197.3,16,8,204.88,0.0662,0,0
txn_005142,merch_0175,upi,2457.65,14,20,3329.3,0.194,0,0
txn_005143,merch_0093,card,14.12,14,27,705.15,0.0634,0,0
txn_005144,merch_0172,netbanking,1175.3,9,13,923.49,0.0926,0,0
txn_005145,merch_0012,wallet,878.06,1,26,1354.12,0.8432,1,1
txn_005146,merch_0196,upi,311.0,16,29,433.54,0.2334,0,0
txn_005147,merch_0024,card,253.82,9,21,542.81,0.1696,1,0
txn_005148,merch_0147,wallet,197.57,17,27,250.75,0.1289,0,0
txn_005149,merch_0117,upi,554.91,17,227,240.43,0.209,0,0
txn_005150,merch_0081,card,2001.7,10,32,1648.3,0.1718,0,0
txn_005151,merch_0110,netbanking,82.2,19,23,113.59,0.0323,0,0
txn_005152,merch_0081,upi,1270.7,10,30,1917.42,0.1727,0,0
txn_005153,merch_0065,netbanking,2030.56,14,19,5880.0,0.2664,0,0
txn_005154,merch_0044,netbanking,72.03,13,23,158.21,0.3116,0,0
txn_005155,merch_0113,upi,12776.92,14,21,22720.84,0.2082,0,0
txn_005156,merch_0174,upi,1737.14,12,16,1597.17,0.1103,1,0
txn_005157,merch_0062,upi,365.71,7,23,263.27,0.1168,0,0
txn_005158,merch_0075,upi,3056.46,6,30,3046.6,0.9282,0,0
txn_005159,merch_0113,card,23456.23,17,29,23767.21,0.0764,0,0
txn_005160,merch_0110,card,76.99,16,22,93.37,0.0211,0,0
txn_005161,merch_0182,upi,128.0,15,21,346.54,0.1203,0,0
txn_005162,merch_0146,wallet,128.34,11,17,233.36,0.1489,0,0
txn_005163,merch_0034,upi,1502.17,1,24,3037.52,0.0257,1,0
txn_005164,merch_0052,upi,588.54,19,33,454.24,0.1005,1,0
txn_005165,merch_0025,upi,2384.56,15,20,1339.54,0.3693,0,0
txn_005166,merch_0013,card,68.26,17,25,110.92,0.2029,0,0
txn_005167,merch_0117,upi,223.29,3,24,250.59,0.2011,0,0
txn_005168,merch_0044,upi,206.46,17,17,186.2,0.0374,0,0
txn_005169,merch_0171,upi,360.42,17,30,393.66,0.0527,0,0
txn_005170,merch_0192,netbanking,1658.28,18,29,1311.39,0.0725,1,0
txn_005171,merch_0050,wallet,1276.86,9,97,1662.97,0.127,0,0
txn_005172,merch_0170,upi,244.47,16,25,392.77,0.1097,1,0
txn_005173,merch_0118,upi,4033.63,14,143,3855.52,0.0993,1,0
txn_005174,merch_0150,card,1744.67,16,27,1671.87,0.1284,0,0
txn_005175,merch_0183,card,3135.29,9,34,1667.02,0.2059,0,0
txn_005176,merch_0018,upi,431.21,0,22,344.16,0.1901,0,0
txn_005177,merch_0081,wallet,1455.31,2,38,1604.23,0.1096,0,0
txn_005178,merch_0075,card,4183.47,16,225,2557.9,0.0661,0,1
txn_005179,merch_0182,card,456.09,22,16,266.05,0.0037,0,0
txn_005180,merch_0091,card,3018.61,11,25,3871.99,0.2399,0,0
txn_005181,merch_0187,wallet,931.89,18,29,963.21,0.2639,0,0
txn_005182,merch_0186,netbanking,1489.39,12,15,1856.82,0.094,1,0
txn_005183,merch_0032,upi,1417.06,21,41,1140.07,0.0687,0,0
txn_005184,merch_0146,upi,256.28,11,14,265.28,0.0973,0,0
txn_005185,merch_0027,card,679.91,19,30,1828.46,0.1734,0,0
txn_005186,merch_0122,upi,6923.57,19,41,5848.76,0.1063,1,0
txn_005187,merch_0179,card,49101.77,14,37,30465.85,0.0546,0,0
txn_005188,merch_0125,netbanking,25683.12,7,35,17124.57,0.0767,1,0
txn_005189,merch_0176,netbanking,817.5,12,25,991.85,0.0266,1,0
txn_005190,merch_0036,wallet,844.43,15,28,1440.63,0.1796,0,0
txn_005191,merch_0153,upi,2717.21,2,36,1613.76,0.1172,0,0
txn_005192,merch_0098,netbanking,1870.85,14,21,1257.54,0.2484,0,0
txn_005193,merch_0097,netbanking,1794.89,6,36,1314.64,0.0819,0,0
txn_005194,merch_0126,upi,57.21,16,26,379.15,0.1692,0,0
txn_005195,merch_0167,netbanking,7944.05,10,34,11405.83,0.1616,0,0
txn_005196,merch_0079,upi,57.41,13,15,107.78,0.0294,0,0
txn_005197,merch_0037,netbanking,168.96,19,24,93.38,0.105,0,0
txn_005198,merch_0076,card,470.85,14,32,1245.07,0.0766,0,0
txn_005199,merch_0125,upi,27255.11,12,30,14547.75,0.0097,1,0
txn_005200,merch_0086,card,3161.08,22,23,3373.91,0.0481,1,0
txn_005201,merch_0053,card,1431.45,18,24,2447.47,0.1285,0,0
txn_005202,merch_0149,upi,2101.16,22,30,1417.4,0.0927,0,0
txn_005203,merch_0015,upi,691.63,12,18,500.35,0.3462,1,0
txn_005204,merch_0027,upi,783.12,4,33,1647.38,0.1403,0,0
txn_005205,merch_0162,card,4342.1,15,16,4592.25,0.047,0,0
txn_005206,merch_0187,netbanking,1692.58,9,26,1057.26,0.1918,0,0
txn_005207,merch_0172,wallet,866.82,16,108,1032.36,0.1191,0,0
txn_005208,merch_0045,card,848.71,18,12,510.75,0.1057,0,0
txn_005209,merch_0071,netbanking,4467.38,12,16,7433.33,0.0369,0,0
txn_005210,merch_0182,upi,55.66,15,17,303.79,0.0557,0,0
txn_005211,merch_0084,netbanking,426.27,13,19,413.46,0.1999,1,0
txn_005212,merch_0025,upi,431.81,10,22,1364.65,0.1409,0,0
txn_005213,merch_0084,upi,445.0,22,8,463.51,0.1183,1,0
txn_005214,merch_0152,card,485.83,16,20,535.7,0.0917,0,1
txn_005215,merch_0064,upi,1620.42,18,25,2904.26,0.1271,0,0
txn_005216,merch_0133,card,3586.31,15,20,1981.86,0.0434,0,0
txn_005217,merch_0150,netbanking,1477.97,9,19,1608.4,0.035,0,0
txn_005218,merch_0114,upi,1319.32,17,30,891.32,0.0587,1,0
txn_005219,merch_0063,upi,404.35,22,21,239.46,0.0335,0,0
txn_005220,merch_0086,netbanking,5432.16,11,22,3671.18,0.2678,1,0
txn_005221,merch_0170,netbanking,141.31,21,21,376.38,0.135,1,0
txn_005222,merch_0106,upi,3657.75,14,27,12070.21,0.1703,1,0
txn_005223,merch_0150,upi,2872.24,11,160,1504.84,0.0174,0,1
txn_005224,merch_0095,card,233.98,16,235,182.96,0.0412,1,0
txn_005225,merch_0157,card,2074.19,12,15,1769.87,0.0726,0,0
txn_005226,merch_0076,upi,1152.15,1,29,1160.74,0.1871,0,0
txn_005227,merch_0145,upi,2495.71,21,26,2567.4,0.0716,0,0
txn_005228,merch_0086,wallet,4337.28,22,18,3705.56,0.0308,1,0
txn_005229,merch_0148,card,544.47,15,23,2113.36,0.0647,0,0
txn_005230,merch_0056,wallet,468.31,16,18,439.07,0.0802,0,0
txn_005231,merch_0102,netbanking,1124.53,19,33,663.26,0.0739,0,0
txn_005232,merch_0150,wallet,2080.88,10,28,1286.58,0.1254,0,0
txn_005233,merch_0090,upi,1182.65,1,18,1202.15,0.2578,1,0
txn_005234,merch_0044,netbanking,185.74,15,15,210.35,0.0714,0,0
txn_005235,merch_0171,upi,649.71,19,24,364.18,0.3113,0,0
txn_005236,merch_0087,card,1917.98,15,20,1767.88,0.1452,0,0
txn_005237,merch_0114,card,1781.78,11,36,755.46,0.2021,1,0
txn_005238,merch_0046,upi,72.73,10,123,567.58,0.1242,0,0
txn_005239,merch_0167,netbanking,14772.07,20,34,11417.02,0.006,0,0
txn_005240,merch_0178,netbanking,510.6,21,22,729.03,0.1682,1,0
txn_005241,merch_0169,upi,431.63,10,23,380.22,0.2263,0,0
txn_005242,merch_0134,card,548.67,16,14,333.2,0.3201,0,0
txn_005243,merch_0049,upi,72.99,18,34,141.44,0.3168,1,0
txn_005244,merch_0175,upi,4980.07,3,33,2987.6,0.1423,0,0
txn_005245,merch_0083,netbanking,906.33,14,25,597.14,0.1303,0,0
txn_005246,merch_0090,upi,1633.49,11,20,1199.01,0.1454,1,0
txn_005247,merch_0133,wallet,1117.06,14,19,1730.18,0.1554,0,0
txn_005248,merch_0090,upi,1107.58,19,19,1126.98,0.2263,1,0
txn_005249,merch_0136,card,372.2,7,158,387.95,0.0382,0,1
txn_005250,merch_0108,card,745.7,6,25,1586.62,0.2738,0,0
txn_005251,merch_0056,upi,555.77,12,38,442.3,0.3281,0,0
txn_005252,merch_0030,upi,416.42,13,31,490.75,0.2096,1,0
txn_005253,merch_0020,netbanking,5918.99,13,23,5740.88,0.3839,0,0
txn_005254,merch_0089,netbanking,1952.49,13,12,1879.03,0.2451,0,0
txn_005255,merch_0039,upi,1259.81,4,15,1571.68,0.0659,0,0
txn_005256,merch_0111,card,1270.83,18,24,971.03,0.0542,0,0
txn_005257,merch_0044,upi,123.23,17,20,196.61,0.1355,0,0
txn_005258,merch_0076,upi,1715.69,20,25,1077.41,0.3214,0,0
txn_005259,merch_0176,card,745.22,13,26,1167.43,0.0141,1,0
txn_005260,merch_0086,upi,3254.76,3,17,3037.35,0.1936,1,0
txn_005261,merch_0147,netbanking,69.89,9,18,247.6,0.8806,0,0
txn_005262,merch_0100,card,321.52,12,10,171.95,0.2167,0,0
txn_005263,merch_0116,wallet,1631.08,8,28,1051.97,0.2239,0,0
txn_005264,merch_0091,card,4657.88,13,24,3678.3,0.2404,0,0
txn_005265,merch_0144,wallet,1650.73,16,24,1607.39,0.1611,0,0
txn_005266,merch_0027,card,1694.52,9,24,1928.04,0.2144,0,0
txn_005267,merch_0168,card,291.36,15,18,847.76,0.1298,0,0
txn_005268,merch_0193,wallet,78.0,13,18,218.54,0.1555,0,0
txn_005269,merch_0024,card,792.66,10,29,608.89,0.0347,1,0
txn_005270,merch_0057,upi,692.34,18,22,763.05,0.2334,0,0
txn_005271,merch_0040,card,1374.64,9,34,2340.68,0.0808,0,0
txn_005272,merch_0133,wallet,701.26,4,21,1727.0,0.0647,0,0
txn_005273,merch_0074,netbanking,56.99,10,22,51.95,0.1714,0,0
txn_005274,merch_0037,card,135.54,13,32,106.47,0.0205,0,0
txn_005275,merch_0133,card,588.31,17,17,1737.15,0.1451,0,0
txn_005276,merch_0172,wallet,1049.03,13,24,1086.24,0.1218,0,0
txn_005277,merch_0074,upi,53.22,4,28,48.52,0.2833,0,1
txn_005278,merch_0141,card,3448.79,8,32,4738.38,0.3129,1,0
txn_005279,merch_0065,upi,8644.16,15,20,5498.91,0.0576,0,0
txn_005280,merch_0167,card,9124.46,3,26,12054.59,0.0474,0,0
txn_005281,merch_0002,card,855.43,14,15,2565.63,0.1802,0,0
txn_005282,merch_0116,upi,966.86,11,28,1016.19,0.1557,0,0
txn_005283,merch_0098,upi,1773.5,15,29,939.62,0.2365,0,0
txn_005284,merch_0151,card,1451.04,18,16,1525.31,0.0086,0,0
txn_005285,merch_0018,upi,195.5,14,18,333.53,0.3683,0,0
txn_005286,merch_0145,upi,3422.24,21,31,2699.46,0.3481,0,0
txn_005287,merch_0191,netbanking,3501.04,18,19,3416.29,0.0646,0,0
txn_005288,merch_0115,upi,1572.78,14,18,1423.58,0.1739,1,0
txn_005289,merch_0124,card,2835.03,4,35,1918.15,0.0921,0,0
txn_005290,merch_0087,wallet,1281.16,14,242,1447.06,0.1906,0,0
txn_005291,merch_0034,upi,2221.72,13,28,2895.13,0.2418,1,0
txn_005292,merch_0189,upi,250.64,21,17,154.97,0.1588,0,0
txn_005293,merch_0000,card,1365.52,9,36,2024.08,0.2259,1,0
txn_005294,merch_0152,netbanking,772.42,9,24,452.02,0.183,0,0
txn_005295,merch_0172,wallet,1398.31,13,18,962.2,0.0856,0,0
txn_005296,merch_0176,wallet,406.12,21,25,998.95,0.0812,1,0
txn_005297,merch_0125,netbanking,25062.53,12,33,16312.29,0.2512,1,0
txn_005298,merch_0088,upi,630.32,2,117,560.06,0.9462,0,1
txn_005299,merch_0143,upi,2464.7,21,16,1210.6,0.3235,0,0
txn_005300,merch_0146,upi,262.45,14,10,238.23,0.1343,0,0
txn_005301,merch_0150,upi,1338.21,17,15,1696.03,0.0492,0,0
txn_005302,merch_0024,card,487.36,15,29,607.26,0.8442,1,0
txn_005303,merch_0015,card,40.43,22,21,620.38,0.0723,1,0
txn_005304,merch_0181,upi,539.03,20,20,438.16,0.1092,0,0
txn_005305,merch_0072,netbanking,776.39,3,22,1065.87,0.1445,1,0
txn_005306,merch_0128,upi,1944.56,7,113,1257.02,0.0627,1,1
txn_005307,merch_0041,upi,2390.03,10,19,1511.34,0.0545,1,0
txn_005308,merch_0146,card,188.42,10,11,276.39,0.9768,0,0
txn_005309,merch_0161,upi,1766.74,9,11,3003.07,0.1424,0,1
txn_005310,merch_0079,upi,141.14,19,18,110.73,0.2294,0,0
txn_005311,merch_0103,upi,335.47,15,21,449.07,0.0828,0,0
txn_005312,merch_0182,upi,504.52,11,22,285.87,0.2354,0,0
txn_005313,merch_0145,netbanking,2120.15,21,23,2483.48,0.3286,0,0
txn_005314,merch_0033,wallet,519.66,18,136,328.28,0.0676,0,0
txn_005315,merch_0088,upi,481.12,18,5,651.4,0.1328,0,1
txn_005316,merch_0124,upi,2645.0,11,21,2536.08,0.161,0,0
txn_005317,merch_0044,card,285.03,9,16,160.83,0.1193,0,0
txn_005318,merch_0133,wallet,2385.23,12,20,2015.34,0.171,0,0
txn_005319,merch_0020,upi,9094.66,12,28,6590.46,0.0481,0,0
txn_005320,merch_0121,upi,193.01,1,28,353.79,0.1073,0,0
txn_005321,merch_0069,netbanking,392.68,13,17,513.63,0.0458,0,0
txn_005322,merch_0095,card,194.24,12,23,186.87,0.128,1,0
txn_005323,merch_0104,upi,608.69,17,24,1018.77,0.1091,0,0
txn_005324,merch_0047,card,5999.24,11,14,3664.33,0.1087,0,0
txn_005325,merch_0038,upi,156.01,2,20,201.35,0.2022,0,0
txn_005326,merch_0030,card,313.15,18,39,560.36,0.1513,1,0
txn_005327,merch_0009,card,2978.65,10,25,1967.79,0.1212,0,0
txn_005328,merch_0029,netbanking,331.87,15,11,669.76,0.1908,0,0
txn_005329,merch_0017,card,1096.25,14,18,1743.56,0.2103,0,0
txn_005330,merch_0187,upi,1258.98,7,31,951.98,0.0058,0,0
txn_005331,merch_0087,upi,2298.94,19,19,1867.4,0.0265,0,0
txn_005332,merch_0124,netbanking,2426.89,12,35,2092.65,0.0538,0,0
txn_005333,merch_0072,upi,424.13,10,12,1068.03,0.146,1,0
txn_005334,merch_0014,upi,167.72,13,36,124.32,0.1801,0,0
txn_005335,merch_0003,upi,5135.65,10,19,6887.4,0.1152,0,0
txn_005336,merch_0190,netbanking,1010.35,17,19,596.5,0.1813,0,0
txn_005337,merch_0167,card,8966.95,16,31,11263.92,0.0323,0,0
txn_005338,merch_0008,upi,959.9,16,37,535.98,0.0793,0,0
txn_005339,merch_0108,upi,1240.14,18,25,1582.98,0.0494,0,0
txn_005340,merch_0136,netbanking,320.38,14,16,430.69,0.6045,0,0
txn_005341,merch_0153,card,167.84,11,37,1396.95,0.1318,0,0
txn_005342,merch_0131,card,802.01,16,39,1035.14,0.1856,0,0
txn_005343,merch_0015,wallet,595.99,10,25,485.18,0.2845,1,0
txn_005344,merch_0142,wallet,168.38,18,15,173.3,0.0735,1,0
txn_005345,merch_0098,upi,1403.0,3,28,1183.05,0.2216,0,0
txn_005346,merch_0120,wallet,4722.58,8,23,2804.22,0.2009,0,0
txn_005347,merch_0051,upi,702.64,19,36,588.64,0.3179,0,0
txn_005348,merch_0068,upi,1737.87,19,22,1851.46,0.1894,0,0
txn_005349,merch_0004,wallet,1184.25,10,32,869.13,0.2531,1,0
txn_005350,merch_0019,upi,223.68,16,32,175.82,0.0986,0,0
txn_005351,merch_0078,upi,863.06,21,19,1142.21,0.2468,0,0
txn_005352,merch_0145,upi,2287.0,19,33,2438.93,0.0494,0,0
txn_005353,merch_0110,card,18.83,14,12,121.84,0.2927,0,0
txn_005354,merch_0001,upi,510.45,11,23,930.03,0.2657,0,0
txn_005355,merch_0092,card,10.0,11,33,454.45,0.3194,0,0
txn_005356,merch_0012,wallet,1733.56,19,32,1524.03,0.8425,1,1
txn_005357,merch_0003,card,10263.99,3,33,7323.09,0.1807,0,0
txn_005358,merch_0169,upi,286.04,15,32,464.24,0.3657,0,0
txn_005359,merch_0108,wallet,945.22,22,21,1641.14,0.0485,0,0
txn_005360,merch_0073,upi,9442.46,14,28,7372.44,0.045,1,0
txn_005361,merch_0188,upi,297.6,23,16,337.78,0.2975,0,0
txn_005362,merch_0094,upi,790.45,17,27,610.26,0.1734,0,0
txn_005363,merch_0104,card,1190.01,12,161,1003.21,0.1997,0,1
txn_005364,merch_0007,upi,1995.39,2,21,2446.78,0.1345,0,0
txn_005365,merch_0066,upi,618.91,12,18,1041.94,0.1458,0,0
txn_005366,merch_0190,upi,475.19,14,22,585.14,0.0678,0,0
txn_005367,merch_0109,upi,401.23,22,29,1141.46,0.0826,0,0
txn_005368,merch_0008,card,767.08,13,23,572.86,0.0622,0,0
txn_005369,merch_0116,netbanking,1314.38,14,21,1008.3,0.1973,0,0
txn_005370,merch_0010,netbanking,653.87,6,25,680.49,0.2161,1,0
txn_005371,merch_0098,upi,1769.44,8,23,1155.72,0.3581,0,0
txn_005372,merch_0041,upi,1184.27,0,24,1274.93,0.3425,1,0
txn_005373,merch_0140,wallet,1723.18,10,19,1526.37,0.167,0,0
txn_005374,merch_0163,upi,517.63,15,13,468.57,0.053,0,0
txn_005375,merch_0119,netbanking,1439.72,20,19,2415.59,0.1762,0,0
txn_005376,merch_0140,upi,1968.85,23,15,1328.6,0.4138,0,0
txn_005377,merch_0011,wallet,673.82,14,13,617.53,0.1166,0,0
txn_005378,merch_0036,upi,2198.87,15,21,1330.14,0.0764,0,0
txn_005379,merch_0073,upi,4033.95,9,35,6775.47,0.1313,1,0
txn_005380,merch_0072,card,1093.03,0,17,1028.12,0.2634,1,0
txn_005381,merch_0051,card,501.1,6,20,750.87,0.019,0,0
txn_005382,merch_0198,upi,613.7,19,23,1125.52,0.0447,1,0
txn_005383,merch_0129,card,911.48,3,14,555.61,0.1699,0,0
txn_005384,merch_0055,netbanking,3730.93,16,36,3403.88,0.1436,0,0
txn_005385,merch_0059,upi,1915.86,21,26,3929.89,0.1773,0,0
txn_005386,merch_0022,upi,992.87,1,17,1260.36,0.037,0,0
txn_005387,merch_0102,card,1088.95,13,19,692.0,0.4131,0,0
txn_005388,merch_0039,upi,875.01,11,82,1585.58,0.0791,0,0
txn_005389,merch_0063,card,113.62,18,23,275.95,0.0223,0,0
txn_005390,merch_0084,upi,381.06,17,15,370.53,0.1046,1,0
txn_005391,merch_0150,upi,1859.85,12,27,1567.64,0.2087,0,0
txn_005392,merch_0156,upi,7836.16,20,21,11542.74,0.1685,0,0
txn_005393,merch_0178,card,936.78,19,21,791.77,0.2649,1,0
txn_005394,merch_0196,upi,384.3,20,23,405.83,0.8066,0,0
txn_005395,merch_0088,upi,631.7,17,16,519.89,0.0793,0,0
txn_005396,merch_0030,upi,10.0,15,37,470.47,0.0919,1,0
txn_005397,merch_0177,wallet,6319.24,12,33,6515.43,0.0422,0,0
txn_005398,merch_0019,upi,177.2,16,20,195.37,0.1466,0,0
txn_005399,merch_0182,card,362.97,12,18,299.66,0.2898,0,0
txn_005400,merch_0129,upi,454.55,15,18,564.71,0.2228,0,0
txn_005401,merch_0152,upi,418.87,7,24,478.46,0.0193,0,0
txn_005402,merch_0012,card,1872.33,21,31,1289.74,0.3425,1,0
txn_005403,merch_0121,card,542.23,15,187,324.93,0.1253,0,0
txn_005404,merch_0102,wallet,216.12,20,30,714.69,0.187,0,0
txn_005405,merch_0105,wallet,2257.24,19,29,1755.83,0.0231,0,0
txn_005406,merch_0118,netbanking,6248.45,10,18,4803.16,0.3751,1,0
txn_005407,merch_0069,card,698.4,11,23,479.92,0.0819,0,0
txn_005408,merch_0194,card,2105.44,14,23,1421.57,0.136,0,0
txn_005409,merch_0185,upi,1791.94,23,14,2430.66,0.1441,1,0
txn_005410,merch_0098,wallet,1709.23,12,36,1039.79,0.0421,0,0
txn_005411,merch_0081,card,1028.2,15,29,1788.81,0.1938,0,0
txn_005412,merch_0074,card,48.13,14,32,48.17,0.0804,0,0
txn_005413,merch_0117,upi,201.48,17,25,259.49,0.1639,0,0
txn_005414,merch_0083,upi,456.05,15,21,585.85,0.3332,0,0
txn_005415,merch_0191,wallet,157.38,15,18,3381.28,0.1078,0,0
txn_005416,merch_0068,upi,371.83,20,16,1817.36,0.2568,0,0
txn_005417,merch_0058,upi,2735.49,14,25,1844.72,0.2379,1,0
txn_005418,merch_0187,upi,105.44,9,26,1118.47,0.0458,0,0
txn_005419,merch_0125,netbanking,16867.3,17,23,15965.06,0.136,1,1
txn_005420,merch_0110,upi,54.27,13,21,99.47,0.0532,0,0
txn_005421,merch_0061,netbanking,587.77,12,34,841.27,0.1851,1,1
txn_005422,merch_0143,upi,1910.26,3,25,1391.05,0.1455,0,0
txn_005423,merch_0127,wallet,587.35,9,11,478.09,0.1344,0,0
txn_005424,merch_0104,card,854.67,17,27,952.8,0.0875,0,0
txn_005425,merch_0067,upi,5972.44,18,29,4182.99,0.0215,0,0
txn_005426,merch_0014,card,125.99,18,23,151.99,0.8903,0,0
txn_005427,merch_0182,upi,491.2,8,16,320.46,0.8248,0,0
txn_005428,merch_0034,upi,1657.74,15,21,3099.66,0.1413,1,0
txn_005429,merch_0182,netbanking,121.66,1,24,339.5,0.1018,0,0
txn_005430,merch_0013,upi,104.84,13,21,104.11,0.0982,0,0
txn_005431,merch_0176,upi,1115.9,19,132,1096.05,0.198,1,0
txn_005432,merch_0101,upi,323.75,21,25,693.82,0.0371,0,1
txn_005433,merch_0099,upi,716.01,20,29,845.62,0.0063,1,0
txn_005434,merch_0006,netbanking,12430.8,8,42,8048.97,0.3807,0,0
txn_005435,merch_0029,upi,606.44,8,10,741.76,0.0577,0,0
txn_005436,merch_0048,wallet,453.92,7,36,1614.7,0.0548,0,0
txn_005437,merch_0143,wallet,10.0,4,24,1265.66,0.1169,0,0
txn_005438,merch_0110,upi,198.66,17,12,114.23,0.0202,0,0
txn_005439,merch_0178,upi,1312.56,12,27,771.97,0.0702,1,0
txn_005440,merch_0071,netbanking,5494.2,18,162,7045.33,0.0483,0,0
txn_005441,merch_0079,upi,133.28,8,15,87.67,0.0104,0,0
txn_005442,merch_0082,upi,7126.19,17,36,6856.71,0.1027,1,0
txn_005443,merch_0041,upi,2138.64,2,31,1360.18,0.0275,1,0
txn_005444,merch_0016,card,158.53,12,12,348.89,0.1518,0,0
txn_005445,merch_0190,netbanking,298.71,3,30,593.61,0.0956,0,0
txn_005446,merch_0172,upi,1427.49,15,14,1106.34,0.262,0,0
txn_005447,merch_0006,upi,1677.41,15,41,8107.32,0.0453,0,0
txn_005448,merch_0154,wallet,1610.82,19,15,1529.4,0.0908,0,0
txn_005449,merch_0009,netbanking,2061.27,15,20,1847.56,0.0116,0,0
txn_005450,merch_0033,card,423.51,16,15,308.86,0.207,0,0
txn_005451,merch_0035,netbanking,265.01,3,26,264.58,0.0636,0,0
txn_005452,merch_0152,upi,461.41,18,24,499.38,0.1747,0,0
txn_005453,merch_0005,netbanking,699.87,20,24,926.8,0.118,0,0
txn_005454,merch_0151,upi,1054.62,19,19,1870.46,0.0574,0,0
txn_005455,merch_0145,upi,2638.36,18,134,2904.96,0.1649,0,1
txn_005456,merch_0133,card,2959.42,12,14,2018.49,0.0458,0,0
txn_005457,merch_0028,upi,476.35,14,28,474.15,0.0774,0,0
txn_005458,merch_0125,wallet,24597.38,12,24,14706.21,0.0822,1,0
txn_005459,merch_0152,upi,615.06,11,23,460.2,0.1713,0,0
txn_005460,merch_0182,wallet,376.14,14,14,289.33,0.106,0,0
txn_005461,merch_0080,wallet,779.55,11,21,899.99,0.4359,1,0
txn_005462,merch_0173,upi,1271.53,9,213,1645.46,0.1557,0,0
txn_005463,merch_0151,netbanking,2688.51,0,19,1663.21,0.1289,0,0
txn_005464,merch_0074,upi,59.42,18,18,43.71,0.0481,0,0
txn_005465,merch_0025,wallet,1174.42,1,27,1127.67,0.169,0,0
txn_005466,merch_0126,card,608.82,19,199,324.99,0.0969,0,1
txn_005467,merch_0114,netbanking,1197.15,8,28,755.07,0.2058,1,0
txn_005468,merch_0125,card,5692.08,15,23,13640.5,0.0665,1,0
txn_005469,merch_0027,upi,1405.28,19,25,1885.8,0.1254,0,0
txn_005470,merch_0130,upi,242.87,18,189,167.38,0.1845,0,1
txn_005471,merch_0074,upi,70.32,14,130,54.05,0.497,0,1
txn_005472,merch_0165,netbanking,3776.73,16,27,1532.04,0.0036,1,0
txn_005473,merch_0188,card,402.6,11,20,447.05,0.2165,0,0
txn_005474,merch_0077,card,1010.26,18,32,801.04,0.0424,0,0
txn_005475,merch_0178,upi,581.4,19,15,827.73,0.1543,1,0
txn_005476,merch_0089,card,1478.27,12,39,2237.58,0.458,0,0
txn_005477,merch_0175,upi,1348.58,18,14,3071.59,0.0634,0,0
txn_005478,merch_0020,netbanking,7360.15,13,24,5477.95,0.101,0,0
txn_005479,merch_0053,wallet,3185.65,15,22,2562.56,0.2023,0,0
txn_005480,merch_0183,upi,2669.69,4,29,2175.65,0.1915,0,0
txn_005481,merch_0102,upi,760.47,21,18,731.21,0.1672,0,0
txn_005482,merch_0058,upi,2779.4,14,32,1448.8,0.0206,1,0
txn_005483,merch_0071,card,16756.5,15,20,7613.77,0.8851,0,0
txn_005484,merch_0178,card,503.36,2,14,805.37,0.106,1,0
txn_005485,merch_0019,netbanking,10.0,9,34,190.89,0.1714,0,0
txn_005486,merch_0111,upi,1196.9,12,30,1219.5,0.244,0,0
txn_005487,merch_0058,netbanking,2647.08,8,17,1467.68,0.3604,1,0
txn_005488,merch_0070,card,877.51,15,30,1521.76,0.1278,0,0
txn_005489,merch_0136,upi,559.04,3,13,441.23,0.2783,0,0
txn_005490,merch_0108,card,1289.13,9,27,1389.35,0.171,0,0
txn_005491,merch_0128,upi,1484.62,16,18,1203.34,0.3886,1,0
txn_005492,merch_0156,card,7193.45,16,28,9489.06,0.1439,0,0
txn_005493,merch_0190,wallet,319.24,16,21,696.15,0.994,0,0
txn_005494,merch_0199,upi,183.33,19,46,259.42,0.0929,0,0
txn_005495,merch_0055,netbanking,4645.36,13,32,3696.95,0.0508,0,0
txn_005496,merch_0195,card,1169.66,11,36,1864.54,0.2095,0,0
txn_005497,merch_0034,upi,3266.7,18,17,2764.1,0.1107,1,0
txn_005498,merch_0122,card,5977.9,18,27,6433.43,0.0584,1,0
txn_005499,merch_0130,card,53.25,13,18,161.31,0.0267,0,0
txn_005500,merch_0103,upi,432.3,11,30,407.01,0.2252,0,0
txn_005501,merch_0006,upi,8187.55,10,32,6372.77,0.1743,0,0
txn_005502,merch_0026,upi,423.88,19,34,281.24,0.2563,0,0
txn_005503,merch_0000,upi,2956.48,20,36,2179.19,0.2349,1,0
txn_005504,merch_0198,upi,502.74,12,15,1219.36,0.9602,1,0
txn_005505,merch_0171,upi,477.61,19,27,418.39,0.2236,0,0
txn_005506,merch_0086,upi,591.59,14,14,3682.17,0.1973,1,0
txn_005507,merch_0040,wallet,3465.31,16,32,2613.37,0.0256,0,0
txn_005508,merch_0122,upi,8658.85,20,25,6781.89,0.1117,1,0
txn_005509,merch_0074,netbanking,10.0,14,17,46.73,0.2175,0,0
txn_005510,merch_0041,card,1135.65,13,20,1404.91,0.3258,1,0
txn_005511,merch_0116,card,660.0,8,28,908.75,0.2951,0,0
txn_005512,merch_0160,upi,274.55,14,9,360.77,0.2647,0,0
txn_005513,merch_0177,wallet,4754.89,10,24,5934.61,0.2456,0,0
txn_005514,merch_0062,card,283.41,11,35,258.26,0.1745,0,0
txn_005515,merch_0164,netbanking,5192.72,9,22,3116.6,0.8922,0,0
txn_005516,merch_0186,upi,1607.68,6,18,1939.86,0.0917,1,0
txn_005517,merch_0126,upi,174.4,16,22,343.05,0.2297,0,0
txn_005518,merch_0175,card,2770.24,21,25,3139.5,0.0804,0,0
txn_005519,merch_0132,upi,269.07,19,21,301.55,0.2021,0,0
txn_005520,merch_0047,card,3711.96,15,138,4325.96,0.3121,0,1
txn_005521,merch_0002,upi,1825.94,19,27,2076.85,0.0252,0,0
txn_005522,merch_0115,card,1819.36,11,21,1395.92,0.0659,1,0
txn_005523,merch_0174,wallet,2526.81,10,14,1403.7,0.1249,1,0
txn_005524,merch_0189,card,51.48,1,21,156.8,0.2346,0,0
txn_005525,merch_0098,netbanking,1324.17,15,23,1188.09,0.1404,0,0
txn_005526,merch_0115,card,2222.11,17,17,1509.99,0.12,1,0
txn_005527,merch_0013,card,92.93,9,22,113.85,0.0584,0,0
txn_005528,merch_0190,wallet,1053.58,0,36,692.74,0.1601,0,0
txn_005529,merch_0111,wallet,1038.48,16,27,1077.34,0.387,0,0
txn_005530,merch_0060,netbanking,263.26,1,25,623.27,0.2217,0,0
txn_005531,merch_0158,upi,135.79,4,29,258.64,0.9457,0,0
txn_005532,merch_0094,card,1007.28,13,23,725.22,0.0918,0,0
txn_005533,merch_0016,upi,433.09,2,12,328.14,0.1962,0,0
txn_005534,merch_0123,upi,383.77,7,20,198.03,0.0755,1,0
txn_005535,merch_0023,card,241.32,17,24,205.41,0.1084,0,0
txn_005536,merch_0115,netbanking,1507.66,6,21,1792.8,0.1183,1,0
txn_005537,merch_0150,wallet,1870.34,8,21,1618.1,0.0793,0,0
txn_005538,merch_0081,upi,1748.53,14,28,1656.62,0.1135,0,0
txn_005539,merch_0049,upi,112.56,21,27,136.47,0.0401,1,0
txn_005540,merch_0078,netbanking,1009.33,18,23,1184.38,0.286,0,0
txn_005541,merch_0078,upi,550.09,4,17,1231.72,0.3112,0,0
txn_005542,merch_0069,card,299.75,11,14,541.1,0.1103,0,0
txn_005543,merch_0026,upi,272.82,9,30,303.5,0.1076,0,0
txn_005544,merch_0014,upi,22.54,14,28,120.18,0.097,0,0
txn_005545,merch_0049,wallet,101.79,16,21,118.91,0.2898,1,0
txn_005546,merch_0035,upi,329.8,18,29,259.51,0.8851,0,0
txn_005547,merch_0007,upi,4193.98,18,23,2922.48,0.8002,0,0
txn_005548,merch_0078,upi,1017.9,0,19,1283.35,0.2693,0,0
txn_005549,merch_0130,wallet,114.41,20,13,157.76,0.1502,0,0
txn_005550,merch_0189,netbanking,106.25,0,229,186.32,0.3094,0,1
txn_005551,merch_0046,upi,452.09,21,17,623.74,0.2436,0,0
txn_005552,merch_0104,upi,1343.96,11,23,834.51,0.1099,0,0
txn_005553,merch_0097,card,2527.93,10,29,1673.17,0.193,0,0
txn_005554,merch_0095,upi,59.81,18,28,191.09,0.099,1,0
txn_005555,merch_0188,card,218.13,8,27,440.13,0.0588,0,0
txn_005556,merch_0159,upi,888.64,18,29,2351.82,0.1375,1,0
txn_005557,merch_0115,upi,1555.44,17,19,1637.56,0.3331,1,0
txn_005558,merch_0012,card,1093.94,16,30,1605.5,0.075,1,0
txn_005559,merch_0000,upi,2222.39,4,37,1888.11,0.143,1,0
txn_005560,merch_0033,netbanking,405.71,14,15,341.26,0.1518,0,0
txn_005561,merch_0189,upi,233.16,2,23,170.14,0.1007,0,0
txn_005562,merch_0078,upi,580.25,14,14,1114.85,0.1361,0,0
txn_005563,merch_0077,wallet,755.82,23,17,821.19,0.0891,0,0
txn_005564,merch_0120,upi,258.57,22,22,2693.02,0.1847,0,0
txn_005565,merch_0092,card,949.43,21,27,536.5,0.036,0,0
txn_005566,merch_0097,upi,1276.3,3,35,1637.09,0.0768,0,0
txn_005567,merch_0081,card,447.62,20,240,1547.25,0.1372,0,1
txn_005568,merch_0198,card,816.56,9,22,1347.62,0.0931,1,0
txn_005569,merch_0158,upi,283.27,9,23,251.81,0.3023,0,0
txn_005570,merch_0191,netbanking,4303.02,13,29,3117.86,0.0699,0,0
txn_005571,merch_0152,card,716.41,14,29,422.87,0.0783,0,0
txn_005572,merch_0037,upi,106.66,16,31,90.06,0.0711,0,0
txn_005573,merch_0013,card,96.96,19,15,103.63,0.0567,0,0
txn_005574,merch_0135,card,8747.16,21,21,6013.39,0.1454,0,0
txn_005575,merch_0090,upi,1687.84,7,20,1149.92,0.0186,1,0
txn_005576,merch_0053,upi,2369.37,22,22,2300.01,0.0299,0,0
txn_005577,merch_0129,upi,778.64,14,17,633.66,0.0496,0,0
txn_005578,merch_0100,upi,131.82,18,11,185.68,0.9601,0,0
txn_005579,merch_0088,netbanking,572.9,18,18,564.59,0.1631,0,0
txn_005580,merch_0055,card,10.0,14,43,3234.97,0.9525,0,0
txn_005581,merch_0093,wallet,1295.22,9,30,701.83,0.01,0,0
txn_005582,merch_0092,upi,337.18,11,21,456.48,0.1758,0,0
txn_005583,merch_0083,upi,989.59,15,31,586.69,0.0264,0,0
txn_005584,merch_0084,netbanking,261.32,20,132,378.04,0.2282,1,0
txn_005585,merch_0188,card,463.57,3,25,392.75,0.0753,0,0
txn_005586,merch_0021,card,860.69,15,33,776.27,0.3048,0,0
txn_005587,merch_0034,upi,2219.35,14,18,2557.36,0.3131,1,0
txn_005588,merch_0015,upi,659.93,15,33,510.51,0.1434,1,0
txn_005589,merch_0049,upi,207.64,14,34,149.42,0.1589,1,0
txn_005590,merch_0121,wallet,583.64,9,27,368.82,0.2411,0,0
txn_005591,merch_0127,upi,700.35,19,20,636.29,0.1892,0,0
txn_005592,merch_0112,wallet,732.89,13,25,1081.65,0.0158,0,0
txn_005593,merch_0170,card,103.06,2,26,353.6,0.1654,1,0
txn_005594,merch_0016,upi,502.52,7,14,338.96,0.3488,0,0
txn_005595,merch_0079,card,61.24,13,14,96.6,0.3079,0,0
txn_005596,merch_0185,netbanking,3480.0,10,22,2475.67,0.0195,1,0
txn_005597,merch_0129,wallet,629.0,14,24,661.18,0.2505,0,0
txn_005598,merch_0131,upi,1967.73,4,29,1022.5,0.0019,0,0
txn_005599,merch_0084,upi,535.56,14,18,436.36,0.0997,1,0
txn_005600,merch_0166,upi,2911.58,14,18,3276.45,0.0446,0,0
txn_005601,merch_0093,upi,1563.36,11,30,667.79,0.2343,0,0
txn_005602,merch_0133,card,2659.1,15,24,1879.82,0.1196,0,0
txn_005603,merch_0080,netbanking,1058.37,12,20,920.65,0.2799,1,0
txn_005604,merch_0068,upi,1235.31,18,30,1710.31,0.067,0,0
txn_005605,merch_0068,netbanking,924.51,3,30,1620.25,0.3262,0,0
txn_005606,merch_0147,card,194.08,18,27,233.35,0.1654,0,0
txn_005607,merch_0191,upi,533.22,18,13,2903.47,0.2819,0,0
txn_005608,merch_0015,upi,490.4,11,26,579.66,0.3446,1,0
txn_005609,merch_0050,card,2092.69,11,12,1445.63,0.0835,0,0
txn_005610,merch_0104,netbanking,1281.98,10,210,829.22,0.378,0,1
txn_005611,merch_0164,card,2892.65,13,20,2977.09,0.1223,0,0
txn_005612,merch_0196,upi,767.17,16,35,343.76,0.0682,0,0
txn_005613,merch_0169,upi,657.46,7,23,394.69,0.1468,0,0
txn_005614,merch_0184,upi,829.14,0,21,863.37,0.2332,0,0
txn_005615,merch_0065,card,8401.41,10,20,6327.33,0.1543,0,0
txn_005616,merch_0008,netbanking,454.29,14,27,570.99,0.1395,0,0
txn_005617,merch_0106,upi,11540.25,17,24,9372.48,0.0793,1,0
txn_005618,merch_0099,netbanking,681.88,21,37,836.33,0.1987,1,0
txn_005619,merch_0085,card,247.79,20,24,543.12,0.0668,0,0
txn_005620,merch_0063,card,343.21,13,23,264.27,0.0685,0,0
txn_005621,merch_0021,wallet,833.75,14,33,837.49,0.2092,0,0
txn_005622,merch_0161,upi,2933.0,18,26,2413.44,0.1793,0,0
txn_005623,merch_0182,wallet,299.22,7,14,345.62,0.1032,0,0
txn_005624,merch_0156,upi,7263.93,11,23,9368.26,0.411,0,0
txn_005625,merch_0165,upi,3129.53,16,35,2012.8,0.119,1,0
txn_005626,merch_0109,netbanking,1099.25,19,29,967.74,0.3301,0,0
txn_005627,merch_0096,wallet,1343.1,3,29,1404.19,0.0414,1,0
txn_005628,merch_0017,card,938.64,8,19,1410.32,0.321,0,0
txn_005629,merch_0070,card,2430.74,15,34,1697.44,0.0106,0,0
txn_005630,merch_0192,card,2080.21,13,30,1359.11,0.0969,1,0
txn_005631,merch_0126,netbanking,334.32,14,31,375.92,0.3502,0,0
txn_005632,merch_0096,upi,499.42,19,33,1424.4,0.1324,1,0
txn_005633,merch_0000,netbanking,3062.9,21,28,2123.87,0.036,1,0
txn_005634,merch_0131,card,975.72,20,39,1078.44,0.0327,0,0
txn_005635,merch_0003,card,4911.33,18,183,7580.67,0.2009,0,1
txn_005636,merch_0124,upi,2154.15,20,25,2224.66,0.2638,0,0
txn_005637,merch_0081,card,2022.58,20,29,1850.6,0.4019,0,0
txn_005638,merch_0026,wallet,252.02,16,24,270.39,0.2322,0,0
txn_005639,merch_0170,card,10.0,14,19,340.39,0.1081,1,0
txn_005640,merch_0058,wallet,1866.02,20,160,1651.18,0.0661,1,1
txn_005641,merch_0031,upi,14873.69,16,30,9433.85,0.0601,0,0
txn_005642,merch_0160,card,168.58,18,14,308.27,0.2586,0,0
txn_005643,merch_0027,netbanking,2877.57,3,13,1929.81,0.0433,0,0
txn_005644,merch_0105,card,2593.04,13,36,1808.36,0.1494,0,0
txn_005645,merch_0104,card,1084.3,19,15,985.08,0.259,0,0
txn_005646,merch_0182,card,148.5,20,17,328.48,0.1706,0,0
txn_005647,merch_0187,netbanking,1144.28,9,25,854.46,0.1099,0,0
txn_005648,merch_0069,netbanking,604.13,13,18,564.19,0.1472,0,0
txn_005649,merch_0061,upi,849.63,16,30,949.59,0.0334,1,0
txn_005650,merch_0033,netbanking,439.26,1,20,286.82,0.1054,0,0
txn_005651,merch_0086,upi,2850.56,8,26,3022.37,0.2784,1,0
txn_005652,merch_0113,upi,19327.86,22,28,18273.91,0.3265,0,0
txn_005653,merch_0105,netbanking,1162.27,15,176,1563.16,0.0794,0,0
txn_005654,merch_0055,upi,2478.95,16,41,3045.54,0.0914,0,0
txn_005655,merch_0112,netbanking,1123.55,2,28,1003.23,0.4237,0,0
txn_005656,merch_0012,upi,1324.27,19,25,1385.09,0.2344,1,0
txn_005657,merch_0183,upi,1744.27,17,38,2204.45,0.0405,0,0
txn_005658,merch_0017,card,2065.01,20,16,1625.44,0.045,0,0
txn_005659,merch_0181,upi,630.28,12,22,401.54,0.4201,0,0
txn_005660,merch_0112,netbanking,706.42,11,34,1085.75,0.0658,0,0
txn_005661,merch_0170,upi,665.6,18,13,346.03,0.2679,1,0
txn_005662,merch_0038,upi,310.69,7,17,213.91,0.0952,0,0
txn_005663,merch_0188,upi,200.14,16,23,368.64,0.1988,0,0
txn_005664,merch_0169,upi,388.53,2,20,491.59,0.0212,0,0
txn_005665,merch_0078,netbanking,1335.41,4,21,1105.83,0.2159,0,0
txn_005666,merch_0145,upi,1168.98,19,31,2949.28,0.019,0,0
txn_005667,merch_0150,card,1411.18,15,21,1476.56,0.6255,0,0
txn_005668,merch_0181,wallet,475.37,0,21,412.9,0.0775,0,0
txn_005669,merch_0029,card,458.84,20,8,850.35,0.113,0,0
txn_005670,merch_0097,netbanking,566.43,22,32,1428.68,0.268,0,0
txn_005671,merch_0057,upi,827.39,9,22,765.93,0.2116,0,0
txn_005672,merch_0195,upi,3763.15,20,31,1740.71,0.1487,0,0
txn_005673,merch_0066,wallet,605.1,0,14,967.6,0.192,0,0
txn_005674,merch_0070,card,1330.36,4,23,1850.36,0.1972,0,0
txn_005675,merch_0145,card,2604.41,20,17,2390.56,0.163,0,0
txn_005676,merch_0105,card,3238.1,9,30,1679.42,0.1494,0,0
txn_005677,merch_0006,upi,1078.56,11,30,8022.69,0.1284,0,0
txn_005678,merch_0039,upi,1852.66,14,12,1543.9,0.0854,0,0
txn_005679,merch_0069,netbanking,375.0,17,19,535.03,0.2404,0,0
txn_005680,merch_0192,card,1140.1,9,32,1350.14,0.2178,1,0
txn_005681,merch_0067,card,1612.51,11,34,4009.98,0.1362,0,0
txn_005682,merch_0048,wallet,1501.7,11,33,1449.62,0.1693,0,0
txn_005683,merch_0051,upi,286.59,4,28,642.21,0.1411,0,0
txn_005684,merch_0113,upi,17585.74,3,30,18499.43,0.085,0,0
txn_005685,merch_0106,netbanking,883.06,11,16,9312.39,0.071,1,0
txn_005686,merch_0028,netbanking,187.57,16,25,548.27,0.1093,0,0
txn_005687,merch_0148,card,2402.98,7,22,1788.15,0.281,0,0
txn_005688,merch_0077,upi,1266.3,0,25,807.33,0.036,0,0
txn_005689,merch_0008,upi,1571.84,13,32,595.99,0.2462,0,0
txn_005690,merch_0174,card,2242.09,16,17,1324.75,0.1672,1,0
txn_005691,merch_0075,upi,2170.2,16,22,2751.23,0.0156,0,0
txn_005692,merch_0041,netbanking,111.04,19,25,1306.32,0.3613,1,0
txn_005693,merch_0178,wallet,989.62,14,14,766.29,0.0439,1,0
txn_005694,merch_0183,netbanking,621.65,19,40,1962.55,0.1777,0,0
txn_005695,merch_0178,upi,512.05,21,15,798.91,0.0355,1,0
txn_005696,merch_0197,netbanking,1978.12,12,18,1263.25,0.1208,1,0
txn_005697,merch_0127,upi,613.07,11,11,622.39,0.2402,0,0
txn_005698,merch_0019,upi,111.76,12,33,184.47,0.1661,0,0
txn_005699,merch_0154,upi,287.67,1,13,1484.13,0.0728,0,0
txn_005700,merch_0165,upi,1977.34,2,14,1828.6,0.2019,1,0
txn_005701,merch_0071,wallet,8060.39,16,17,6413.41,0.2026,0,0
txn_005702,merch_0064,upi,5457.78,17,37,2602.36,0.0533,0,0
txn_005703,merch_0181,upi,10.0,9,22,333.99,0.3618,0,0
txn_005704,merch_0112,wallet,1222.4,12,31,1336.31,0.5072,0,0
txn_005705,merch_0023,upi,257.07,2,16,215.32,0.155,0,0
txn_005706,merch_0127,netbanking,474.04,18,17,620.66,0.1546,0,0
txn_005707,merch_0174,upi,296.1,19,15,1317.65,0.0047,1,0
txn_005708,merch_0198,upi,565.27,15,36,1025.47,0.1122,1,0
txn_005709,merch_0082,wallet,6556.2,17,32,6561.32,0.0111,1,0
txn_005710,merch_0062,upi,208.99,4,30,249.14,0.0803,0,0
txn_005711,merch_0184,card,935.57,10,21,781.18,0.1997,0,0
txn_005712,merch_0182,upi,498.74,1,23,346.38,0.248,0,0
txn_005713,merch_0059,upi,3097.71,17,19,3384.46,0.0682,0,0
txn_005714,merch_0098,upi,1700.88,20,21,1262.07,0.1396,0,0
txn_005715,merch_0061,upi,838.11,7,36,777.18,0.3466,1,0
txn_005716,merch_0029,upi,915.69,18,8,746.13,0.0878,0,0
txn_005717,merch_0021,netbanking,784.33,16,39,712.37,0.2541,0,0
txn_005718,merch_0125,card,17632.31,18,22,15609.45,0.2013,1,0
txn_005719,merch_0156,upi,12105.26,3,24,9801.51,0.2667,0,0
txn_005720,merch_0168,upi,1032.83,10,25,817.89,0.2355,0,0
txn_005721,merch_0041,wallet,1349.03,17,16,1466.11,0.0525,1,0
txn_005722,merch_0097,wallet,10.0,10,217,1523.1,0.0774,0,1
txn_005723,merch_0192,card,1847.87,3,26,1488.17,0.0774,1,0
txn_005724,merch_0030,wallet,10.0,0,30,528.25,0.4211,1,0
txn_005725,merch_0157,upi,1274.52,11,34,2080.44,0.1408,0,0
txn_005726,merch_0111,upi,122.21,13,35,1094.96,0.0666,0,0
txn_005727,merch_0145,card,4478.53,18,28,3109.84,0.2193,0,0
txn_005728,merch_0121,card,418.46,21,36,396.51,0.1477,0,0
txn_005729,merch_0016,card,274.54,7,7,299.11,0.0825,0,0
txn_005730,merch_0037,upi,154.95,20,21,105.18,0.1858,0,0
txn_005731,merch_0141,wallet,6917.88,12,28,5855.68,0.1328,1,0
txn_005732,merch_0109,netbanking,1051.17,17,26,1110.9,0.0437,0,0
txn_005733,merch_0183,upi,2319.77,19,39,1943.19,0.9835,0,0
txn_005734,merch_0021,card,666.6,20,36,789.64,0.3026,0,0
txn_005735,merch_0194,upi,537.32,20,25,1232.75,0.04,0,0
txn_005736,merch_0055,upi,5213.48,19,35,3045.32,0.0711,0,0
txn_005737,merch_0118,upi,4209.53,13,14,3859.87,0.1253,1,0
txn_005738,merch_0146,upi,65.41,2,16,285.81,0.0857,0,0
txn_005739,merch_0056,upi,472.58,18,30,420.13,0.0056,0,0
txn_005740,merch_0171,netbanking,419.56,17,30,389.08,0.1652,0,0
txn_005741,merch_0034,upi,4984.86,16,21,2760.11,0.1381,1,0
txn_005742,merch_0113,card,22804.23,10,20,19845.98,0.0565,0,0
txn_005743,merch_0124,upi,689.59,0,24,2465.51,0.0803,0,0
txn_005744,merch_0128,upi,10.0,19,25,1240.82,0.1179,1,0
txn_005745,merch_0051,wallet,1211.66,18,25,643.48,0.3182,0,0
txn_005746,merch_0084,card,400.67,15,12,452.84,0.2706,1,0
txn_005747,merch_0197,wallet,674.51,1,29,1417.79,0.0967,1,0
txn_005748,merch_0164,wallet,2239.19,15,18,3450.53,0.823,0,0
txn_005749,merch_0064,upi,5109.25,2,24,3072.09,0.0682,0,0
txn_005750,merch_0178,upi,965.53,22,27,855.27,0.0929,1,0
txn_005751,merch_0128,netbanking,2045.96,13,12,1068.91,0.0995,1,0
txn_005752,merch_0020,wallet,6991.2,13,29,7083.55,0.029,0,0
txn_005753,merch_0180,card,1259.37,18,21,2174.96,0.0299,0,0
txn_005754,merch_0015,netbanking,936.35,13,21,639.11,0.2375,1,0
txn_005755,merch_0122,netbanking,4921.99,18,28,6626.8,0.2299,1,0
txn_005756,merch_0060,upi,869.85,12,28,528.09,0.2031,0,0
txn_005757,merch_0053,card,3057.2,13,28,2367.64,0.3267,0,0
txn_005758,merch_0167,netbanking,10708.53,21,27,12170.52,0.0943,0,0
txn_005759,merch_0025,card,627.08,13,23,1277.18,0.9626,0,0
txn_005760,merch_0079,upi,73.96,19,15,104.48,0.1676,0,0
txn_005761,merch_0064,upi,4055.85,4,12,3283.36,0.1514,0,0
txn_005762,merch_0099,upi,1043.27,2,37,845.64,0.1593,1,0
txn_005763,merch_0073,upi,10304.13,13,26,6619.6,0.4883,1,0
txn_005764,merch_0191,wallet,4988.8,7,21,3028.11,0.0264,0,0
txn_005765,merch_0170,upi,191.31,7,24,360.16,0.1859,1,0
txn_005766,merch_0016,upi,549.94,13,115,292.77,0.2077,0,0
txn_005767,merch_0120,upi,1275.23,14,18,2590.41,0.044,0,0
txn_005768,merch_0186,card,2555.67,15,19,1680.25,0.0512,1,0
txn_005769,merch_0022,card,2145.17,14,30,1071.02,0.0884,0,0
txn_005770,merch_0134,upi,405.81,12,15,337.56,0.2172,0,0
txn_005771,merch_0171,upi,83.12,18,26,443.93,0.2627,0,0
txn_005772,merch_0180,upi,1908.94,2,19,2230.02,0.136,0,0
txn_005773,merch_0070,card,2836.83,16,32,1788.95,0.1087,0,0
txn_005774,merch_0107,upi,1258.91,14,36,1553.48,0.0368,1,0
txn_005775,merch_0078,wallet,1743.53,8,18,1254.31,0.0604,0,0
txn_005776,merch_0161,card,1237.3,9,17,2916.59,0.2879,0,0
txn_005777,merch_0045,upi,380.46,8,18,469.53,0.2155,0,0
txn_005778,merch_0195,card,1543.79,14,37,1686.7,0.0891,0,0
txn_005779,merch_0077,upi,1539.26,3,22,693.79,0.0298,0,0
txn_005780,merch_0015,card,493.8,13,141,638.51,0.1679,1,1
txn_005781,merch_0070,upi,699.54,16,25,1680.83,0.2544,0,0
txn_005782,merch_0095,card,372.18,18,25,214.15,0.4331,1,0
txn_005783,merch_0146,netbanking,272.24,11,14,230.64,0.243,0,0
txn_005784,merch_0001,wallet,1221.47,19,27,819.88,0.0173,0,0
txn_005785,merch_0009,upi,606.6,12,28,2189.25,0.0007,0,0
txn_005786,merch_0177,upi,6999.89,9,20,6935.78,0.1006,0,0
txn_005787,merch_0124,card,2242.41,13,32,2325.63,0.1086,0,0
txn_005788,merch_0080,wallet,466.53,12,26,903.89,0.9619,1,1
txn_005789,merch_0139,wallet,318.11,15,33,258.52,0.0611,1,0
txn_005790,merch_0069,upi,32.24,1,22,543.03,0.104,0,0
txn_005791,merch_0149,upi,1038.48,16,35,1493.09,0.0377,0,0
txn_005792,merch_0031,card,16363.23,16,19,9788.97,0.0706,0,0
txn_005793,merch_0104,upi,623.98,16,25,979.64,0.0205,0,0
txn_005794,merch_0083,upi,447.1,15,26,642.04,0.0737,0,0
txn_005795,merch_0128,upi,1302.38,20,14,1081.16,0.1311,1,0
txn_005796,merch_0181,card,333.1,15,22,335.24,0.0091,0,0
txn_005797,merch_0057,wallet,1002.59,14,155,794.49,0.2136,0,0
txn_005798,merch_0197,wallet,1449.74,15,14,1154.38,0.2396,1,0
txn_005799,merch_0145,upi,1315.41,6,32,2526.03,0.0396,0,0
txn_005800,merch_0133,card,1290.27,9,23,1760.02,0.1856,0,0
txn_005801,merch_0044,netbanking,101.02,2,23,186.53,0.1172,0,0
txn_005802,merch_0096,upi,1180.16,22,33,1424.25,0.2036,1,0
txn_005803,merch_0022,card,1233.4,18,20,1075.35,0.2298,0,0
txn_005804,merch_0022,upi,1310.12,2,24,1014.62,0.2107,0,0
txn_005805,merch_0153,upi,10.0,15,31,1564.99,0.3783,0,0
txn_005806,merch_0134,upi,501.52,11,17,324.09,0.2518,0,0
txn_005807,merch_0078,upi,1188.73,8,144,1249.54,0.1277,0,1
txn_005808,merch_0043,card,319.21,19,31,718.17,0.0172,0,0
txn_005809,merch_0026,upi,408.48,7,23,249.35,0.3093,0,0
txn_005810,merch_0025,upi,69.32,20,31,1195.21,0.0257,0,0
txn_005811,merch_0096,upi,257.55,15,224,1450.7,0.1704,1,0
txn_005812,merch_0035,netbanking,430.09,13,39,248.33,0.043,0,0
txn_005813,merch_0108,card,1582.59,18,18,1578.99,0.1333,0,0
txn_005814,merch_0054,card,2353.42,8,19,3269.83,0.0473,0,0
txn_005815,merch_0191,card,3247.86,14,23,2773.41,0.327,0,1
txn_005816,merch_0184,upi,780.81,16,34,733.09,0.0871,0,0
txn_005817,merch_0068,upi,1716.46,7,21,1930.03,0.2164,0,0
txn_005818,merch_0060,netbanking,770.78,0,30,630.76,0.1657,0,0
txn_005819,merch_0129,upi,555.49,12,14,656.94,0.0278,0,0
txn_005820,merch_0054,upi,4464.77,20,27,3514.42,0.0962,0,0
txn_005821,merch_0121,card,349.22,9,33,411.92,0.1031,0,0
txn_005822,merch_0096,upi,883.67,13,30,1625.08,0.0698,1,0
txn_005823,merch_0079,upi,56.91,0,13,98.13,0.1814,0,0
txn_005824,merch_0086,card,4894.44,15,23,3388.71,0.2412,1,0
txn_005825,merch_0037,upi,127.47,10,30,92.75,0.1074,0,0
txn_005826,merch_0118,card,5959.62,11,16,4079.38,0.0978,1,0
txn_005827,merch_0077,card,767.5,13,24,775.02,0.2585,0,0
txn_005828,merch_0156,card,11050.4,13,17,10723.58,0.0826,0,0
txn_005829,merch_0153,card,1329.93,12,33,1325.98,0.114,0,0
txn_005830,merch_0034,upi,4333.28,20,124,3376.83,0.203,1,0
txn_005831,merch_0078,upi,1089.35,20,26,1346.62,0.0878,0,0
txn_005832,merch_0066,upi,452.94,21,24,1029.98,0.3977,0,0
txn_005833,merch_0086,upi,3923.73,20,30,3756.56,0.0984,1,0
txn_005834,merch_0156,wallet,9777.41,15,32,10328.92,0.0377,0,0
txn_005835,merch_0033,netbanking,344.95,14,19,349.54,0.0157,0,0
txn_005836,merch_0096,upi,2154.38,13,41,1682.7,0.4928,1,0
txn_005837,merch_0168,upi,622.09,7,31,747.64,0.0634,0,0
txn_005838,merch_0168,upi,743.27,11,26,793.76,0.3285,0,0
txn_005839,merch_0150,upi,1230.71,13,18,1375.78,0.2097,0,0
txn_005840,merch_0070,upi,2369.37,13,32,1804.59,0.091,0,0
txn_005841,merch_0002,card,2398.41,22,24,2576.47,0.1861,0,0
txn_005842,merch_0057,netbanking,812.34,17,27,798.5,0.1736,0,0
txn_005843,merch_0031,netbanking,4171.94,13,19,10263.17,0.0952,0,0
txn_005844,merch_0030,upi,742.85,12,27,517.05,0.0492,1,0
txn_005845,merch_0081,upi,2070.49,2,40,1927.9,0.1521,0,0
txn_005846,merch_0042,card,506.56,10,32,819.37,0.1441,0,0
txn_005847,merch_0134,netbanking,622.14,16,17,322.78,0.1703,0,0
txn_005848,merch_0104,netbanking,1033.59,12,26,930.43,0.1435,0,0
txn_005849,merch_0000,wallet,1587.14,13,26,2143.08,0.0382,1,0
txn_005850,merch_0060,card,616.18,9,27,701.79,0.1588,0,0
txn_005851,merch_0013,card,95.56,14,18,110.08,0.8727,0,0
txn_005852,merch_0179,upi,49845.12,14,35,26672.25,0.1202,0,0
txn_005853,merch_0005,card,1142.27,0,26,918.27,0.0607,0,0
txn_005854,merch_0102,upi,901.94,18,35,713.91,0.0777,0,0
txn_005855,merch_0009,upi,3701.62,4,28,1868.89,0.0283,0,0
txn_005856,merch_0070,card,1145.5,19,24,1703.22,0.0715,0,0
txn_005857,merch_0089,upi,2512.9,10,18,2045.81,0.0397,0,0
txn_005858,merch_0157,upi,2533.3,4,26,1779.12,0.0166,0,1
txn_005859,merch_0148,upi,1810.96,10,20,1831.16,0.4257,0,0
txn_005860,merch_0125,upi,13680.94,10,22,13562.94,0.1202,1,0
txn_005861,merch_0187,upi,1466.41,0,29,1102.34,0.2072,0,0
txn_005862,merch_0096,upi,2269.47,13,27,1565.02,0.1004,1,0
txn_005863,merch_0073,upi,3741.54,16,33,7677.72,0.4108,1,0
txn_005864,merch_0114,upi,1813.57,14,35,991.37,0.1094,1,0
txn_005865,merch_0190,wallet,1017.59,18,22,697.95,0.1653,0,0
txn_005866,merch_0169,upi,396.64,18,22,398.19,0.8805,0,0
txn_005867,merch_0050,upi,1148.91,9,14,1579.04,0.0264,0,0
txn_005868,merch_0191,card,4940.08,15,25,3061.0,0.0476,0,0
txn_005869,merch_0055,netbanking,4314.01,0,31,3555.19,0.2019,0,0
txn_005870,merch_0040,card,3337.79,13,39,3031.23,0.1615,0,0
txn_005871,merch_0031,upi,13063.17,12,33,9471.82,0.1288,0,0
txn_005872,merch_0014,card,190.39,17,29,153.39,0.0235,0,0
txn_005873,merch_0061,card,1169.98,7,42,764.97,0.2441,1,0
txn_005874,merch_0154,card,1161.12,15,14,1732.78,0.087,0,0
txn_005875,merch_0027,card,1282.33,23,26,1821.8,0.1536,0,0
txn_005876,merch_0063,netbanking,315.95,14,28,224.09,0.3694,0,0
txn_005877,merch_0186,netbanking,4324.23,19,13,1999.34,0.1513,1,0
txn_005878,merch_0185,card,2365.17,16,18,2917.52,0.0827,1,0
txn_005879,merch_0129,upi,679.76,14,22,587.21,0.2375,0,0
txn_005880,merch_0126,card,478.73,3,32,295.71,0.0862,0,0
txn_005881,merch_0035,netbanking,218.62,13,28,290.55,0.0081,0,0
txn_005882,merch_0113,upi,26208.47,17,29,20549.4,0.0721,0,0
txn_005883,merch_0198,wallet,1185.2,18,24,1185.79,0.1464,1,0
txn_005884,merch_0012,upi,2418.55,16,27,1671.62,0.8841,1,0
txn_005885,merch_0014,card,97.95,16,199,141.91,0.1334,0,1
txn_005886,merch_0088,netbanking,1334.61,12,15,611.42,0.8709,0,0
txn_005887,merch_0187,upi,848.63,9,24,1068.15,0.0191,0,0
txn_005888,merch_0021,card,1068.08,22,22,899.97,0.0036,0,0
txn_005889,merch_0190,upi,643.34,7,25,699.53,0.3179,0,0
txn_005890,merch_0073,upi,4569.68,9,39,6254.79,0.1772,1,0
txn_005891,merch_0024,upi,817.15,10,24,644.98,0.3125,1,0
txn_005892,merch_0100,upi,170.84,3,5,203.38,0.0631,0,0
txn_005893,merch_0175,upi,3461.26,1,29,2989.1,0.4224,0,0
txn_005894,merch_0170,wallet,220.14,22,16,415.09,0.1969,1,0
txn_005895,merch_0116,wallet,938.39,9,27,990.91,0.011,0,0
txn_005896,merch_0165,upi,1553.09,19,39,1883.81,0.0552,1,0
txn_005897,merch_0040,card,3180.99,17,40,2514.17,0.0962,0,0
txn_005898,merch_0172,upi,1099.53,17,14,1077.96,0.1361,0,0
txn_005899,merch_0087,upi,1538.71,17,27,1594.29,0.4894,0,0
txn_005900,merch_0167,upi,9010.77,17,24,9676.19,0.1796,0,0
txn_005901,merch_0109,wallet,1124.88,20,24,1125.94,0.0531,0,0
txn_005902,merch_0119,wallet,3016.24,15,18,2908.99,0.0916,0,0
txn_005903,merch_0096,upi,1671.47,18,38,1336.51,0.2618,1,0
txn_005904,merch_0144,upi,3263.45,15,32,1302.25,0.1327,0,0
txn_005905,merch_0056,upi,478.9,0,33,386.06,0.0434,0,0
txn_005906,merch_0129,card,1025.43,12,26,649.7,0.0817,0,0
txn_005907,merch_0095,card,184.05,12,32,176.66,0.2277,1,0
txn_005908,merch_0120,upi,2759.9,15,30,3250.58,0.0729,0,0
txn_005909,merch_0061,netbanking,704.98,16,35,987.95,0.1134,1,0
txn_005910,merch_0136,upi,475.77,20,20,475.28,0.1708,0,0
txn_005911,merch_0067,wallet,2997.49,12,25,3117.99,0.9163,0,0
txn_005912,merch_0080,card,660.35,0,13,959.8,0.0972,1,0
txn_005913,merch_0016,upi,29.49,18,18,334.17,0.071,0,0
txn_005914,merch_0116,netbanking,1692.24,8,37,1080.71,0.1522,0,0
txn_005915,merch_0049,netbanking,109.56,17,21,116.29,0.9029,1,0
txn_005916,merch_0111,upi,1642.15,9,21,1097.17,0.9152,0,0
txn_005917,merch_0093,upi,701.67,16,40,746.48,0.3407,0,0
txn_005918,merch_0167,wallet,13589.13,20,27,10812.98,0.0042,0,0
txn_005919,merch_0185,upi,2691.41,16,26,2344.11,0.0778,1,0
txn_005920,merch_0084,upi,513.16,14,15,421.01,0.1054,1,0
txn_005921,merch_0148,card,998.26,21,21,1788.3,0.1771,0,0
txn_005922,merch_0145,netbanking,3969.11,17,25,2399.91,0.1361,0,0
txn_005923,merch_0182,netbanking,247.34,21,19,277.26,0.1827,0,0
txn_005924,merch_0156,wallet,13409.01,15,27,11221.35,0.1932,0,0
txn_005925,merch_0151,card,770.22,23,19,1713.56,0.0224,0,0
txn_005926,merch_0073,upi,5350.9,17,25,8017.44,0.1505,1,0
txn_005927,merch_0108,card,1719.46,3,25,1444.03,0.1205,0,0
txn_005928,merch_0144,netbanking,1351.26,20,37,1430.48,0.1662,0,0
txn_005929,merch_0017,upi,1829.36,17,27,1694.9,0.1769,0,0
txn_005930,merch_0041,upi,1476.35,16,19,1309.46,0.1467,1,0
txn_005931,merch_0100,upi,406.81,0,12,193.5,0.0937,0,0
txn_005932,merch_0044,card,240.48,19,24,184.11,0.1906,0,0
txn_005933,merch_0081,wallet,1292.06,0,29,1488.78,0.1941,0,0
txn_005934,merch_0016,card,264.05,0,13,296.26,0.507,0,0
txn_005935,merch_0072,wallet,1517.25,18,16,1083.05,0.2014,1,0
txn_005936,merch_0013,upi,48.9,19,19,113.99,0.1166,0,0
txn_005937,merch_0176,wallet,1459.8,12,32,1144.03,0.0706,1,0
txn_005938,merch_0156,netbanking,6530.48,14,31,9363.3,0.0494,0,0
txn_005939,merch_0131,upi,1844.3,10,31,1167.66,0.122,0,0
txn_005940,merch_0081,wallet,1292.46,14,36,1895.95,0.1664,0,0
txn_005941,merch_0147,upi,287.27,8,28,249.2,0.0323,0,0
txn_005942,merch_0119,wallet,2762.37,17,31,2750.17,0.1767,0,0
txn_005943,merch_0119,wallet,510.43,13,20,3028.65,0.0286,0,0
txn_005944,merch_0046,netbanking,836.06,12,7,664.08,0.0457,0,0
txn_005945,merch_0106,card,7720.14,17,25,10267.6,0.1916,1,0
txn_005946,merch_0107,upi,1713.42,20,38,1464.34,0.2278,1,0
txn_005947,merch_0008,card,330.34,15,31,587.22,0.1093,0,0
txn_005948,merch_0078,upi,1319.0,17,20,1354.55,0.1558,0,0
txn_005949,merch_0154,netbanking,1587.92,10,11,1479.09,0.2398,0,0
txn_005950,merch_0014,netbanking,112.59,12,28,150.62,0.1648,0,0
txn_005951,merch_0018,wallet,597.3,20,20,344.64,0.3592,0,0
txn_005952,merch_0089,upi,2051.13,6,23,2284.2,0.2096,0,1
txn_005953,merch_0179,netbanking,22908.55,11,25,25974.87,0.2226,0,0
txn_005954,merch_0025,wallet,1420.68,20,21,1335.07,0.0434,0,0
txn_005955,merch_0153,netbanking,476.46,16,35,1409.41,0.3674,0,0
txn_005956,merch_0153,upi,3087.27,8,247,1239.77,0.2235,0,1
txn_005957,merch_0173,upi,995.1,15,20,1568.1,0.115,0,0
txn_005958,merch_0091,upi,4393.98,16,25,3193.7,0.0042,0,0
txn_005959,merch_0176,card,1151.68,12,205,1132.34,0.0263,1,0
txn_005960,merch_0081,card,2750.82,9,34,1562.08,0.3027,0,0
txn_005961,merch_0180,wallet,2549.72,13,27,2025.54,0.1116,0,0
txn_005962,merch_0130,upi,107.12,17,25,193.77,0.3779,0,0
txn_005963,merch_0193,upi,15.62,20,20,271.41,0.0557,0,0
txn_005964,merch_0041,card,237.85,17,20,1163.28,0.3249,1,0
txn_005965,merch_0018,netbanking,329.43,18,22,343.55,0.1419,0,0
txn_005966,merch_0016,wallet,538.53,19,12,337.98,0.2891,0,0
txn_005967,merch_0160,netbanking,17.88,9,144,322.24,0.0235,0,1
txn_005968,merch_0075,upi,5707.56,1,200,2747.88,0.0829,0,1
txn_005969,merch_0176,card,1786.26,7,21,1145.91,0.1784,1,0
txn_005970,merch_0183,netbanking,717.06,11,34,1777.19,0.2193,0,0
txn_005971,merch_0062,card,108.59,15,237,303.69,0.0773,0,1
txn_005972,merch_0130,upi,72.71,9,25,149.56,0.2074,0,0
txn_005973,merch_0106,upi,11718.06,12,26,9991.4,0.139,1,0
txn_005974,merch_0048,upi,1621.39,17,31,1465.29,0.101,0,0
txn_005975,merch_0054,card,3597.91,7,19,3548.35,0.2875,0,0
txn_005976,merch_0153,upi,1111.93,10,25,1528.58,0.0869,0,0
txn_005977,merch_0098,upi,1190.67,22,27,1190.74,0.1744,0,0
txn_005978,merch_0199,upi,350.14,14,28,248.6,0.222,0,0
txn_005979,merch_0051,card,638.02,19,26,741.86,0.1386,0,0
txn_005980,merch_0099,upi,559.81,10,190,724.36,0.0762,1,1
txn_005981,merch_0116,card,1485.29,3,37,962.44,0.0405,0,0
txn_005982,merch_0117,upi,239.68,16,23,269.8,0.1396,0,0
txn_005983,merch_0006,upi,9372.62,2,40,8327.29,0.0391,0,0
txn_005984,merch_0045,card,439.31,18,24,527.96,0.2008,0,0
txn_005985,merch_0045,upi,711.9,12,15,459.28,0.1523,0,0
txn_005986,merch_0099,upi,1325.88,10,37,903.29,0.5015,1,0
txn_005987,merch_0143,upi,2317.09,11,22,1390.53,0.3523,0,0
txn_005988,merch_0151,wallet,1325.02,22,29,1787.43,0.0832,0,0
txn_005989,merch_0188,card,273.08,12,19,415.2,0.0521,0,0
txn_005990,merch_0053,upi,2907.24,21,22,2419.89,0.157,0,0
txn_005991,merch_0061,upi,855.56,20,41,861.72,0.1683,1,0
txn_005992,merch_0128,wallet,1210.68,12,22,1359.45,0.0825,1,0
txn_005993,merch_0048,card,1224.8,17,40,1629.3,0.2546,0,0
txn_005994,merch_0024,upi,987.6,19,27,605.86,0.2478,1,0
txn_005995,merch_0009,card,3071.8,14,25,2336.48,0.0305,0,0
txn_005996,merch_0117,netbanking,253.6,19,25,282.37,0.1165,0,0
txn_005997,merch_0143,netbanking,857.79,10,30,1372.63,0.0414,0,0
txn_005998,merch_0185,card,1579.17,15,134,2605.19,0.0393,1,1
txn_005999,merch_0199,upi,289.67,9,27,295.66,0.2339,0,0
txn_006000,merch_0156,upi,11593.21,19,22,9031.02,0.1367,0,0
txn_006001,merch_0091,wallet,2119.41,13,25,3650.15,0.0282,0,0
txn_006002,merch_0133,card,842.24,7,23,1863.23,0.0718,0,0
txn_006003,merch_0143,upi,1431.67,13,24,1218.85,0.2342,0,0
txn_006004,merch_0147,wallet,327.41,13,26,252.68,0.3382,0,0
txn_006005,merch_0079,wallet,103.92,13,13,100.91,0.0802,0,0
txn_006006,merch_0070,wallet,1560.75,15,32,1670.18,0.1473,0,0
txn_006007,merch_0077,netbanking,318.13,4,22,775.75,0.0676,0,0
txn_006008,merch_0042,wallet,614.5,11,19,989.62,0.1603,0,0
txn_006009,merch_0153,upi,2036.04,19,29,1316.36,0.0748,0,0
txn_006010,merch_0089,netbanking,1250.73,18,26,2106.7,0.2219,0,0
txn_006011,merch_0077,netbanking,1468.63,13,19,732.1,0.2258,0,0
txn_006012,merch_0198,upi,1232.15,22,29,1251.73,0.2871,1,0
txn_006013,merch_0160,upi,34.44,14,19,368.26,0.0615,0,0
txn_006014,merch_0025,wallet,1535.61,9,27,1067.66,0.0529,0,0
txn_006015,merch_0120,upi,3517.05,3,19,3017.31,0.0217,0,0
txn_006016,merch_0044,netbanking,141.89,17,24,177.77,0.1741,0,0
txn_006017,merch_0062,upi,448.39,13,19,273.61,0.2337,0,0
txn_006018,merch_0194,upi,943.62,4,22,1298.47,0.2835,0,0
txn_006019,merch_0179,card,37348.15,1,32,29338.06,0.1789,0,0
txn_006020,merch_0067,upi,3586.05,18,28,3233.6,0.0375,0,0
txn_006021,merch_0153,card,1259.62,14,32,1535.3,0.1706,0,0
txn_006022,merch_0001,card,1529.01,21,18,913.69,0.0008,0,0
txn_006023,merch_0141,upi,8321.82,11,34,4726.46,0.0237,1,0
txn_006024,merch_0107,upi,853.32,16,33,1356.01,0.0544,1,0
txn_006025,merch_0029,upi,933.14,21,10,789.94,0.2021,0,0
txn_006026,merch_0048,upi,2832.04,18,47,1579.92,0.2037,0,0
txn_006027,merch_0139,netbanking,389.2,11,33,280.39,0.066,1,0
txn_006028,merch_0043,upi,403.0,21,42,809.29,0.2942,0,0
txn_006029,merch_0160,upi,648.4,9,14,356.97,0.2037,0,0
txn_006030,merch_0012,card,2174.81,8,29,1269.64,0.2792,1,0
txn_006031,merch_0077,upi,350.4,21,27,766.38,0.1258,0,0
txn_006032,merch_0125,upi,16581.27,13,31,16791.13,0.9201,1,1
txn_006033,merch_0097,upi,1801.42,10,35,1575.81,0.0405,0,0
txn_006034,merch_0025,netbanking,647.47,19,37,1152.36,0.9388,0,0
txn_006035,merch_0148,wallet,2788.54,16,23,2273.82,0.2688,0,0
txn_006036,merch_0155,netbanking,1001.31,11,18,447.13,0.0495,0,0
txn_006037,merch_0047,upi,6852.48,8,17,4384.76,0.2973,0,0
txn_006038,merch_0167,upi,11411.27,8,30,10719.55,0.2554,0,0
txn_006039,merch_0065,card,4888.28,13,12,6063.08,0.0549,0,0
txn_006040,merch_0086,card,3689.03,14,24,3399.95,0.1532,1,0
txn_006041,merch_0078,wallet,842.69,3,22,1147.66,0.3414,0,0
txn_006042,merch_0022,upi,1000.67,20,21,1244.07,0.0403,0,0
txn_006043,merch_0080,upi,79.16,2,26,718.56,0.1628,1,0
txn_006044,merch_0047,card,4839.3,14,13,4291.39,0.2353,0,0
txn_006045,merch_0123,netbanking,165.13,18,21,232.43,0.0795,1,0
txn_006046,merch_0129,netbanking,736.21,1,14,546.67,0.0357,0,0
txn_006047,merch_0083,card,623.19,15,19,656.56,0.339,0,0
txn_006048,merch_0019,wallet,103.87,15,25,181.32,0.2392,0,0
txn_006049,merch_0186,card,2144.24,7,16,1930.1,0.0977,1,0
txn_006050,merch_0045,wallet,298.15,19,18,433.52,0.0862,0,0
txn_006051,merch_0130,wallet,335.16,14,16,154.81,0.1752,0,0
txn_006052,merch_0182,netbanking,174.55,22,22,326.63,0.0179,0,0
txn_006053,merch_0011,upi,455.82,4,4,684.79,0.1735,0,0
txn_006054,merch_0039,upi,778.17,14,19,1529.94,0.0079,0,0
txn_006055,merch_0065,card,2866.39,2,13,4759.78,0.0237,0,0
txn_006056,merch_0099,card,839.72,16,277,913.93,0.1769,1,1
txn_006057,merch_0077,netbanking,272.35,21,24,662.93,0.2876,0,0
txn_006058,merch_0015,upi,518.76,8,27,549.86,0.3767,1,0
txn_006059,merch_0082,upi,7559.69,3,29,5831.21,0.2357,1,1
txn_006060,merch_0161,netbanking,2119.11,12,22,3164.11,0.859,0,0
txn_006061,merch_0043,upi,10.0,11,32,781.67,0.0666,0,0
txn_006062,merch_0133,upi,3107.77,19,18,1917.55,0.0604,0,0
txn_006063,merch_0191,upi,3514.86,8,27,3013.3,0.0832,0,0
txn_006064,merch_0099,card,940.13,20,52,803.85,0.1769,1,0
txn_006065,merch_0021,upi,733.25,10,29,829.83,0.0774,0,0
txn_006066,merch_0017,netbanking,2007.92,15,36,1630.42,0.0126,0,0
txn_006067,merch_0011,upi,968.9,21,11,686.76,0.025,0,0
txn_006068,merch_0179,wallet,42911.95,0,23,26429.56,0.0025,0,0
txn_006069,merch_0122,card,6578.5,17,143,6442.9,0.1645,1,1
txn_006070,merch_0116,upi,450.8,3,37,1156.18,0.0615,0,0
txn_006071,merch_0050,upi,1858.09,8,22,1788.42,0.1215,0,0
txn_006072,merch_0070,upi,1832.79,10,27,1916.16,0.2859,0,0
txn_006073,merch_0047,card,2712.46,3,18,4433.39,0.0646,0,0
txn_006074,merch_0018,upi,236.07,16,23,325.46,0.1426,0,0
txn_006075,merch_0005,upi,1010.89,9,22,921.84,0.38,0,0
txn_006076,merch_0083,card,567.01,22,22,649.82,0.457,0,0
txn_006077,merch_0154,upi,1268.21,9,20,1501.49,0.0155,0,0
txn_006078,merch_0052,upi,961.46,19,14,514.66,0.1328,1,0
txn_006079,merch_0106,netbanking,13176.9,14,22,11895.08,0.1365,1,0
txn_006080,merch_0100,wallet,249.66,10,17,176.05,0.0777,0,0
txn_006081,merch_0047,upi,6534.94,22,18,3729.1,0.1283,0,0
txn_006082,merch_0134,upi,408.21,13,16,415.57,0.394,0,0
txn_006083,merch_0186,wallet,1200.36,4,158,1963.01,0.2051,1,0
txn_006084,merch_0068,upi,1431.56,14,14,1485.22,0.271,0,0
txn_006085,merch_0010,wallet,858.58,20,26,715.83,0.0425,1,0
txn_006086,merch_0142,upi,215.6,22,21,178.59,0.0676,1,0
txn_006087,merch_0191,netbanking,3818.41,16,21,3346.35,0.0479,0,0
txn_006088,merch_0130,upi,57.47,23,21,185.6,0.1976,0,0
txn_006089,merch_0121,wallet,466.13,13,28,366.69,0.2439,0,0
txn_006090,merch_0068,upi,1648.96,17,19,1883.03,0.2479,0,0
txn_006091,merch_0022,card,1426.05,4,28,1119.88,0.0623,0,0
txn_006092,merch_0180,upi,1267.58,12,26,2224.86,0.2822,0,0
txn_006093,merch_0036,upi,3002.37,17,27,1288.96,0.3032,0,0
txn_006094,merch_0008,netbanking,696.91,15,27,606.16,0.059,0,0
txn_006095,merch_0014,card,120.52,17,32,127.33,0.0027,0,0
txn_006096,merch_0130,wallet,234.82,10,19,162.38,0.035,0,0
txn_006097,merch_0092,upi,707.99,9,21,499.24,0.0698,0,0
txn_006098,merch_0197,netbanking,1790.63,16,20,1291.14,0.838,1,0
txn_006099,merch_0016,upi,170.42,19,28,351.37,0.1687,0,0
txn_006100,merch_0153,wallet,2212.61,9,28,1439.98,0.2121,0,0
txn_006101,merch_0148,wallet,1691.54,16,18,1829.47,0.1322,0,0
txn_006102,merch_0071,upi,6890.55,14,24,7448.41,0.1897,0,0
txn_006103,merch_0148,wallet,10.0,19,26,1784.36,0.4649,0,0
txn_006104,merch_0120,netbanking,2128.78,18,15,3209.5,0.0349,0,0
txn_006105,merch_0010,upi,481.23,13,15,693.18,0.2614,1,0
txn_006106,merch_0165,card,2176.92,2,27,2049.65,0.272,1,0
txn_006107,merch_0071,upi,5198.26,14,16,6420.46,0.2465,0,0
txn_006108,merch_0105,netbanking,275.5,19,39,1770.85,0.1469,0,0
txn_006109,merch_0124,upi,2533.2,16,27,2013.48,0.2308,0,0
txn_006110,merch_0034,upi,2641.74,14,24,2874.17,0.0323,1,0
txn_006111,merch_0118,upi,3170.92,10,18,3989.32,0.0755,1,0
txn_006112,merch_0013,card,113.92,17,20,122.08,0.2653,0,0
txn_006113,merch_0013,netbanking,38.78,9,16,97.86,0.1329,0,1
txn_006114,merch_0009,wallet,2680.67,0,24,1929.47,0.1483,0,0
txn_006115,merch_0139,upi,231.84,11,20,232.66,0.0853,1,0
txn_006116,merch_0037,upi,94.9,20,25,111.88,0.3576,0,0
txn_006117,merch_0107,netbanking,1781.42,12,31,1405.09,0.1814,1,0
txn_006118,merch_0118,card,3475.32,10,20,3850.05,0.2025,1,0
txn_006119,merch_0033,upi,346.23,2,25,317.97,0.4165,0,0
txn_006120,merch_0168,upi,773.34,16,27,901.82,0.0871,0,0
txn_006121,merch_0009,card,5097.57,10,146,2072.76,0.1873,0,1
txn_006122,merch_0121,upi,427.02,19,38,380.59,0.1756,0,0
txn_006123,merch_0144,netbanking,474.66,13,32,1512.33,0.1131,0,0
txn_006124,merch_0144,card,3068.8,11,24,1434.07,0.1628,0,0
txn_006125,merch_0194,netbanking,2033.63,16,21,1148.49,0.0526,0,1
txn_006126,merch_0189,card,182.56,8,24,161.31,0.1266,0,0
txn_006127,merch_0114,upi,643.55,16,31,987.37,0.0865,1,0
txn_006128,merch_0000,netbanking,1132.78,17,39,1903.54,0.3245,1,0
txn_006129,merch_0011,card,783.99,10,15,588.94,0.9059,0,0
txn_006130,merch_0102,upi,466.53,16,20,751.7,0.083,0,0
txn_006131,merch_0003,card,4318.78,10,26,7646.33,0.0878,0,0
txn_006132,merch_0169,upi,573.94,7,26,417.56,0.0516,0,0
txn_006133,merch_0140,netbanking,2147.19,17,12,1321.11,0.2113,0,0
txn_006134,merch_0097,card,1199.59,9,39,1680.96,0.0338,0,0
txn_006135,merch_0105,card,2529.01,11,25,1927.0,0.1103,0,0
txn_006136,merch_0084,upi,465.54,15,19,440.9,0.8863,1,0
txn_006137,merch_0120,upi,3378.27,17,17,2882.03,0.157,0,0
txn_006138,merch_0131,wallet,708.3,19,34,1164.08,0.4601,0,0
txn_006139,merch_0081,netbanking,1491.31,19,23,1752.96,0.0132,0,0
txn_006140,merch_0196,upi,234.97,15,258,347.45,0.0956,0,0
txn_006141,merch_0018,upi,166.41,11,26,403.96,0.232,0,0
txn_006142,merch_0129,upi,714.12,13,24,584.31,0.1204,0,1
txn_006143,merch_0011,card,436.07,11,6,675.04,0.1503,0,0
txn_006144,merch_0080,netbanking,486.45,15,14,921.3,0.1431,1,0
txn_006145,merch_0073,netbanking,4254.3,10,21,6255.98,0.9426,1,0
txn_006146,merch_0097,card,545.06,11,27,1579.03,0.9138,0,0
txn_006147,merch_0005,netbanking,169.19,8,28,779.02,0.1604,0,0
txn_006148,merch_0135,upi,7319.76,22,28,6745.54,0.0434,0,0
txn_006149,merch_0124,upi,10.0,20,32,2373.02,0.0147,0,0
txn_006150,merch_0050,card,1897.3,15,13,1839.94,0.2927,0,0
txn_006151,merch_0010,wallet,774.57,13,16,686.14,0.1173,1,0
txn_006152,merch_0190,netbanking,609.14,17,32,601.64,0.3135,0,0
txn_006153,merch_0184,card,862.33,21,148,890.99,0.103,0,0
txn_006154,merch_0126,card,287.93,12,17,316.81,0.0928,0,0
txn_006155,merch_0139,wallet,273.21,17,24,245.84,0.3317,1,0
txn_006156,merch_0072,upi,1133.27,12,20,931.69,0.0761,1,0
txn_006157,merch_0001,upi,1510.47,12,248,1022.14,0.0342,0,0
txn_006158,merch_0007,wallet,4397.2,13,22,2875.69,0.0326,0,0
txn_006159,merch_0138,netbanking,5245.41,22,22,3227.88,0.2469,1,0
txn_006160,merch_0123,upi,112.22,10,26,187.01,0.0806,1,0
txn_006161,merch_0052,card,701.81,17,35,432.6,0.2986,1,0
txn_006162,merch_0009,upi,2574.14,16,22,2301.91,0.2445,0,0
txn_006163,merch_0111,upi,807.16,4,22,1183.07,0.0682,0,0
txn_006164,merch_0007,wallet,1804.31,20,27,2483.22,0.0212,0,0
txn_006165,merch_0035,upi,222.14,10,27,264.19,0.1243,0,0
txn_006166,merch_0105,netbanking,796.03,4,211,1601.93,0.0402,0,1
txn_006167,merch_0013,upi,54.49,8,17,94.32,0.0728,0,0
txn_006168,merch_0181,card,470.91,19,20,397.04,0.1109,0,0
txn_006169,merch_0085,upi,610.11,20,26,681.71,0.2336,0,0
txn_006170,merch_0148,netbanking,2080.3,11,19,2107.2,0.3331,0,0
txn_006171,merch_0049,card,186.95,17,36,129.39,0.2495,1,0
txn_006172,merch_0166,card,2753.06,13,21,2748.61,0.0576,0,0
txn_006173,merch_0019,upi,281.5,12,31,188.19,0.0641,0,0
txn_006174,merch_0086,upi,2390.33,15,26,3055.67,0.0539,1,0
txn_006175,merch_0134,upi,263.73,17,13,332.09,0.1749,0,0
txn_006176,merch_0136,upi,430.61,21,23,372.7,0.9386,0,0
txn_006177,merch_0128,card,2802.07,20,15,1331.25,0.0486,1,0
txn_006178,merch_0153,card,2307.98,17,40,1368.84,0.0314,0,0
txn_006179,merch_0165,card,2719.0,10,24,1613.94,0.054,1,0
txn_006180,merch_0037,card,55.56,4,27,107.68,0.0558,0,0
txn_006181,merch_0188,upi,428.94,21,23,448.69,0.2466,0,0
txn_006182,merch_0043,upi,1090.12,15,38,807.29,0.8388,0,0
txn_006183,merch_0085,upi,1207.69,19,27,545.05,0.1779,0,0
txn_006184,merch_0043,netbanking,95.53,16,29,744.4,0.1458,0,0
txn_006185,merch_0073,card,8931.07,4,36,7868.73,0.3136,1,0
txn_006186,merch_0118,upi,6002.75,1,113,3739.04,0.0907,1,1
txn_006187,merch_0189,upi,223.13,11,18,169.34,0.1254,0,0
txn_006188,merch_0121,netbanking,205.73,19,44,355.85,0.0446,0,0
txn_006189,merch_0133,netbanking,2158.36,14,18,1908.35,0.2003,0,0
txn_006190,merch_0144,card,1882.39,3,31,1524.32,0.2557,0,0
txn_006191,merch_0050,upi,1723.31,17,15,1614.86,0.3044,0,0
txn_006192,merch_0037,upi,80.02,4,24,93.85,0.1457,0,0
txn_006193,merch_0151,wallet,1168.15,17,28,1620.52,0.037,0,0
txn_006194,merch_0050,netbanking,1888.32,9,19,1554.35,0.3767,0,0
txn_006195,merch_0009,upi,1473.07,10,24,2373.74,0.2933,0,0
txn_006196,merch_0119,netbanking,1669.93,22,137,2900.49,0.072,0,1
txn_006197,merch_0199,netbanking,266.23,16,41,308.78,0.046,0,0
txn_006198,merch_0148,upi,2218.28,21,15,2180.53,0.0994,0,0
txn_006199,merch_0069,upi,793.84,12,23,438.44,0.248,0,0
txn_006200,merch_0084,upi,134.37,18,12,412.4,0.0835,1,0
txn_006201,merch_0056,upi,216.88,17,28,434.0,0.1995,0,0
txn_006202,merch_0125,card,12636.9,8,16,15609.1,0.2294,1,0
txn_006203,merch_0038,upi,10.0,7,40,240.06,0.031,0,0
txn_006204,merch_0032,netbanking,1320.56,20,24,1228.54,0.0204,0,0
txn_006205,merch_0186,wallet,10.0,14,22,1788.4,0.0549,1,0
txn_006206,merch_0017,upi,1955.71,20,27,1830.81,0.0891,0,0
txn_006207,merch_0183,card,2975.85,18,28,1733.86,0.0315,0,1
txn_006208,merch_0056,netbanking,437.44,15,30,451.07,0.0199,0,0
txn_006209,merch_0095,netbanking,46.85,13,33,171.95,0.2233,1,0
txn_006210,merch_0047,netbanking,4128.84,11,23,4155.91,0.2431,0,0
txn_006211,merch_0041,upi,850.57,19,18,1461.49,0.1879,1,0
txn_006212,merch_0026,card,107.79,19,35,301.28,0.3398,0,0
txn_006213,merch_0073,card,8565.87,15,35,7035.4,0.1182,1,0
txn_006214,merch_0109,wallet,1299.92,19,36,903.44,0.0663,0,0
txn_006215,merch_0179,upi,46306.84,7,39,31234.81,0.0721,0,0
txn_006216,merch_0169,wallet,396.09,9,32,463.1,0.156,0,0
txn_006217,merch_0031,upi,11009.77,17,20,9389.36,0.1859,0,0
txn_006218,merch_0025,wallet,2188.78,16,28,1212.39,0.2218,0,0
txn_006219,merch_0024,card,1190.51,10,26,535.98,0.0337,1,0
txn_006220,merch_0074,card,63.8,17,24,53.18,0.1148,0,0
txn_006221,merch_0022,card,1051.04,2,21,1297.55,0.0634,0,0
txn_006222,merch_0056,upi,401.62,18,28,446.56,0.9981,0,0
txn_006223,merch_0179,upi,26245.03,7,33,24828.12,0.2397,0,0
txn_006224,merch_0125,upi,19911.59,8,19,15926.23,0.4555,1,0
txn_006225,merch_0086,upi,2292.17,10,21,3060.13,0.02,1,0
txn_006226,merch_0030,upi,625.1,10,38,572.36,0.0675,1,0
txn_006227,merch_0063,netbanking,311.38,17,19,291.63,0.0752,0,0
txn_006228,merch_0198,card,1429.39,16,22,1269.79,0.2023,1,0
txn_006229,merch_0032,upi,657.99,21,19,1212.01,0.0981,0,0
txn_006230,merch_0001,netbanking,1039.42,1,25,900.75,0.1105,0,0
txn_006231,merch_0017,card,2491.29,11,24,1658.5,0.2159,0,0
txn_006232,merch_0174,wallet,1175.78,12,187,1516.95,0.0917,1,0
txn_006233,merch_0160,card,390.6,20,15,374.21,0.082,0,0
txn_006234,merch_0083,upi,59.77,14,19,599.93,0.1413,0,0
txn_006235,merch_0034,card,3246.45,17,21,3127.88,0.0106,1,0
txn_006236,merch_0178,card,875.03,3,14,829.59,0.2665,1,0
txn_006237,merch_0113,upi,21825.61,0,28,23365.71,0.302,0,0
txn_006238,merch_0145,upi,3523.05,20,23,2826.07,0.3633,0,0
txn_006239,merch_0109,upi,894.84,14,262,885.22,0.0869,0,0
txn_006240,merch_0087,upi,2215.23,7,25,1846.12,0.0833,0,0
txn_006241,merch_0071,upi,4007.32,15,25,7060.6,0.1772,0,0
txn_006242,merch_0124,card,4085.1,15,18,2405.85,0.132,0,0
txn_006243,merch_0029,upi,862.44,12,10,814.26,0.0538,0,0
txn_006244,merch_0171,card,398.76,18,29,403.55,0.1806,0,0
txn_006245,merch_0052,card,80.28,13,29,552.62,0.0308,1,0
txn_006246,merch_0137,upi,450.81,0,26,797.16,0.022,0,0
txn_006247,merch_0086,upi,3716.35,16,24,3024.52,0.1433,1,0
txn_006248,merch_0179,upi,18863.63,22,32,32954.14,0.0311,0,0
txn_006249,merch_0176,upi,1729.42,17,24,1280.91,0.0937,1,0
txn_006250,merch_0138,upi,3357.6,13,29,2727.1,0.1206,1,0
txn_006251,merch_0193,upi,69.29,11,24,281.75,0.1159,0,0
txn_006252,merch_0185,card,3691.3,12,19,2674.21,0.0663,1,0
txn_006253,merch_0163,card,373.49,17,16,370.92,0.0399,0,0
txn_006254,merch_0160,upi,331.66,20,14,389.34,0.2446,0,0
txn_006255,merch_0174,upi,2334.74,15,122,1345.93,0.2244,1,1
txn_006256,merch_0012,card,403.59,13,178,1526.53,0.1697,1,0
txn_006257,merch_0039,netbanking,711.28,4,18,1529.31,0.0401,0,0
txn_006258,merch_0088,netbanking,686.81,15,19,638.1,0.0405,0,0
txn_006259,merch_0067,card,219.24,17,37,3114.76,0.1055,0,0
txn_006260,merch_0041,upi,968.7,14,24,1316.77,0.0614,1,0
txn_006261,merch_0146,upi,350.42,1,92,217.89,0.1599,0,0
txn_006262,merch_0093,netbanking,696.69,2,277,686.74,0.0938,0,0
txn_006263,merch_0018,upi,141.27,11,23,417.31,0.1053,0,0
txn_006264,merch_0185,wallet,2858.55,0,17,2881.16,0.1284,1,0
txn_006265,merch_0022,card,1029.35,8,22,1246.0,0.0708,0,0
txn_006266,merch_0053,card,1784.4,13,25,2557.83,0.0131,0,0
txn_006267,merch_0064,upi,8938.69,13,27,2747.17,0.1306,0,1
txn_006268,merch_0139,card,308.67,10,19,275.02,0.1832,1,0
txn_006269,merch_0023,card,180.26,15,22,209.41,0.0174,0,0
txn_006270,merch_0033,upi,440.28,15,21,329.83,0.1233,0,0
txn_006271,merch_0052,upi,404.12,16,27,426.23,0.14,1,0
txn_006272,merch_0135,wallet,5755.73,19,23,6724.77,0.0853,0,0
txn_006273,merch_0017,card,1749.97,20,26,1382.47,0.1123,0,0
txn_006274,merch_0056,upi,472.76,9,27,358.59,0.2455,0,0
txn_006275,merch_0111,upi,1426.23,14,26,989.47,0.0304,0,0
txn_006276,merch_0004,card,1283.74,17,37,849.29,0.2342,1,0
txn_006277,merch_0153,card,2242.57,7,26,1562.09,0.1209,0,0
txn_006278,merch_0157,card,2870.66,13,22,1708.98,0.175,0,0
txn_006279,merch_0181,card,544.13,14,19,339.68,0.1762,0,0
txn_006280,merch_0012,upi,2368.87,16,34,1634.83,0.2196,1,0
txn_006281,merch_0082,card,8274.86,16,39,5744.21,0.124,1,0
txn_006282,merch_0028,upi,217.18,16,17,525.11,0.8459,0,0
txn_006283,merch_0002,wallet,2829.19,13,20,2108.49,0.0995,0,0
txn_006284,merch_0089,card,2886.79,16,25,2051.61,0.108,0,0
txn_006285,merch_0103,upi,275.76,12,163,369.28,0.2364,0,1
txn_006286,merch_0122,upi,4919.46,3,167,6368.36,0.0453,1,1
txn_006287,merch_0185,netbanking,2495.74,15,19,2262.08,0.1119,1,0
txn_006288,merch_0075,upi,3224.8,0,28,2878.78,0.0857,0,0
txn_006289,merch_0129,upi,476.41,3,22,585.06,0.1172,0,0
txn_006290,merch_0107,card,1378.0,23,40,1522.9,0.2301,1,0
txn_006291,merch_0155,upi,578.56,9,26,455.55,0.1494,0,0
txn_006292,merch_0081,netbanking,10.0,16,21,1466.66,0.1899,0,0
txn_006293,merch_0076,upi,1253.97,17,28,1233.24,0.8795,0,0
txn_006294,merch_0001,netbanking,758.05,13,41,991.67,0.1588,0,0
txn_006295,merch_0126,upi,58.07,18,30,317.77,0.1147,0,0
txn_006296,merch_0134,upi,439.62,13,13,375.68,0.1785,0,0
txn_006297,merch_0025,wallet,1427.72,11,19,1110.57,0.2407,0,0
txn_006298,merch_0087,card,1709.48,14,28,1590.56,0.0808,0,0
txn_006299,merch_0015,upi,687.61,8,30,502.52,0.5101,1,0
txn_006300,merch_0150,upi,1740.38,19,27,1380.6,0.2325,0,0
txn_006301,merch_0167,card,7350.27,11,30,11132.06,0.0707,0,0
txn_006302,merch_0187,card,1366.32,20,25,1081.31,0.2126,0,0
txn_006303,merch_0072,wallet,1397.12,11,16,991.08,0.0608,1,0
txn_006304,merch_0031,wallet,4535.52,12,27,11612.47,0.06,0,0
txn_006305,merch_0014,card,176.09,15,20,129.46,0.1364,0,0
txn_006306,merch_0140,upi,1311.15,10,10,1289.58,0.0332,0,0
txn_006307,merch_0004,card,1024.17,14,252,919.28,0.1521,1,0
txn_006308,merch_0073,card,7535.59,16,27,7491.37,0.1444,1,0
txn_006309,merch_0051,upi,619.97,10,29,728.05,0.2376,0,0
txn_006310,merch_0076,upi,1481.24,9,26,1324.87,0.0998,0,0
txn_006311,merch_0168,upi,704.84,18,27,939.33,0.4361,0,0
txn_006312,merch_0180,upi,3697.41,21,17,2172.96,0.0811,0,0
txn_006313,merch_0109,upi,1484.99,15,27,1017.37,0.2505,0,0
txn_006314,merch_0177,card,4734.78,18,24,6658.93,0.0339,0,0
txn_006315,merch_0142,netbanking,144.28,14,25,142.43,0.0859,1,0
txn_006316,merch_0105,card,1433.55,17,36,1677.67,0.0106,0,0
txn_006317,merch_0126,upi,394.75,10,24,314.69,0.0204,0,0
txn_006318,merch_0006,upi,12224.96,1,33,6918.16,0.9439,0,0
txn_006319,merch_0039,card,384.16,20,14,1479.77,0.2183,0,0
txn_006320,merch_0155,upi,152.49,2,27,478.26,0.1056,0,0
txn_006321,merch_0159,card,2342.92,12,34,2567.33,0.0553,1,0
txn_006322,merch_0098,wallet,1194.46,1,19,1107.48,0.0583,0,0
txn_006323,merch_0142,upi,74.58,4,17,181.11,0.8051,1,1
txn_006324,merch_0084,upi,458.14,13,11,418.21,0.2129,1,0
txn_006325,merch_0197,card,767.41,9,22,1359.75,0.1939,1,0
txn_006326,merch_0064,wallet,2149.78,18,27,2731.51,0.2815,0,0
txn_006327,merch_0131,netbanking,1938.81,1,30,1033.06,0.3528,0,0
txn_006328,merch_0010,wallet,521.16,15,16,688.37,0.3116,1,0
txn_006329,merch_0107,upi,1189.71,15,23,1496.81,0.2681,1,0
txn_006330,merch_0025,wallet,1326.82,19,33,1384.63,0.1213,0,0
txn_006331,merch_0188,upi,637.69,17,26,432.89,0.238,0,0
txn_006332,merch_0164,upi,3409.96,11,20,3242.52,0.0197,0,0
txn_006333,merch_0150,netbanking,1030.75,9,26,1514.42,0.0944,0,0
txn_006334,merch_0084,wallet,551.82,12,22,454.9,0.3957,1,0
txn_006335,merch_0167,upi,14347.96,12,40,11082.13,0.2567,0,0
txn_006336,merch_0150,upi,2404.77,7,17,1684.94,0.09,0,0
txn_006337,merch_0122,upi,5814.27,12,27,6218.53,0.0583,1,0
txn_006338,merch_0143,upi,1744.73,12,19,1393.54,0.1563,0,0
txn_006339,merch_0188,upi,571.16,18,19,455.96,0.0322,0,0
txn_006340,merch_0067,wallet,4024.39,19,20,3694.31,0.0463,0,0
txn_006341,merch_0103,card,653.75,16,34,477.41,0.1481,0,0
txn_006342,merch_0079,netbanking,126.93,18,18,86.2,0.0997,0,0
txn_006343,merch_0158,netbanking,450.24,7,22,266.49,0.1369,0,0
txn_006344,merch_0052,card,747.23,10,17,455.91,0.0666,1,0
txn_006345,merch_0105,netbanking,10.0,9,36,1725.12,0.1772,0,0
txn_006346,merch_0152,card,413.99,17,24,424.97,0.2838,0,0
txn_006347,merch_0043,upi,121.69,20,28,710.04,0.9654,0,0
txn_006348,merch_0139,card,185.59,9,20,255.61,0.084,1,0
txn_006349,merch_0089,card,1799.26,16,25,2165.07,0.0241,0,0
txn_006350,merch_0100,netbanking,298.63,18,11,225.35,0.1657,0,0
txn_006351,merch_0096,wallet,1199.86,13,40,1438.63,0.0537,1,0
txn_006352,merch_0008,upi,1033.32,8,30,679.63,0.2436,0,0
txn_006353,merch_0011,netbanking,383.51,11,13,537.66,0.1143,0,0
txn_006354,merch_0068,upi,1499.29,4,10,1892.46,0.1752,0,0
txn_006355,merch_0181,netbanking,195.53,19,22,403.2,0.1159,0,0
txn_006356,merch_0181,upi,621.06,13,14,432.72,0.2636,0,0
txn_006357,merch_0027,upi,2890.75,10,20,1594.89,0.1781,0,0
txn_006358,merch_0055,upi,3096.89,14,27,3225.02,0.1565,0,0
txn_006359,merch_0098,card,378.06,10,23,970.01,0.1335,0,0
txn_006360,merch_0196,upi,352.22,15,19,331.73,0.284,0,0
txn_006361,merch_0109,wallet,1092.83,15,24,1101.14,0.2243,0,0
txn_006362,merch_0076,upi,906.72,13,41,1143.24,0.0297,0,0
txn_006363,merch_0102,wallet,1633.33,16,17,694.73,0.1221,0,0
txn_006364,merch_0105,card,3475.39,13,25,1797.22,0.3613,0,0
txn_006365,merch_0108,upi,432.15,14,20,1570.26,0.2099,0,0
txn_006366,merch_0111,upi,608.69,15,21,917.81,0.1266,0,0
txn_006367,merch_0057,netbanking,919.96,14,23,773.53,0.0089,0,0
txn_006368,merch_0077,card,341.16,20,24,791.3,0.2248,0,0
txn_006369,merch_0074,card,50.08,17,29,52.26,0.2703,0,0
txn_006370,merch_0041,upi,1353.68,19,29,1207.45,0.0599,1,0
txn_006371,merch_0165,card,1766.5,17,28,1772.79,0.0443,1,0
txn_006372,merch_0067,wallet,5717.79,21,20,3628.13,0.0865,0,1
txn_006373,merch_0180,upi,4622.21,13,16,2565.69,0.2017,0,0
txn_006374,merch_0032,upi,1242.12,18,35,1034.5,0.2541,0,0
txn_006375,merch_0070,upi,1053.99,10,26,1479.35,0.1445,0,0
txn_006376,merch_0055,netbanking,3631.38,20,197,3454.59,0.0852,0,0
txn_006377,merch_0104,netbanking,678.57,16,23,947.57,0.1938,0,0
txn_006378,merch_0199,upi,449.38,1,36,285.1,0.0715,0,0
txn_006379,merch_0100,upi,278.83,14,13,200.04,0.1131,0,0
txn_006380,merch_0050,upi,1856.52,18,17,1478.69,0.1645,0,0
txn_006381,merch_0073,upi,8735.0,17,26,7252.45,0.0581,1,0
txn_006382,merch_0170,upi,369.65,12,25,324.64,0.3994,1,0
txn_006383,merch_0120,wallet,4734.58,20,29,2890.15,0.249,0,0
txn_006384,merch_0142,card,107.93,18,22,158.82,0.0531,1,0
txn_006385,merch_0165,upi,2603.46,0,31,2044.0,0.158,1,0
txn_006386,merch_0142,wallet,302.69,8,15,150.73,0.0354,1,0
txn_006387,merch_0004,card,567.45,14,34,709.21,0.0671,1,0
txn_006388,merch_0082,card,7323.61,15,31,6964.72,0.3303,1,0
txn_006389,merch_0181,upi,458.09,22,14,352.97,0.0989,0,0
txn_006390,merch_0050,upi,981.01,7,21,1639.51,0.3148,0,0
txn_006391,merch_0009,wallet,828.11,12,23,1923.0,0.2327,0,0
txn_006392,merch_0139,card,157.48,16,26,253.34,0.206,1,1
txn_006393,merch_0003,upi,6672.12,18,29,6985.88,0.1851,0,0
txn_006394,merch_0094,card,857.02,12,25,718.27,0.5581,0,0
txn_006395,merch_0145,wallet,2437.51,19,24,2695.51,0.0939,0,0
txn_006396,merch_0079,upi,177.91,11,5,87.68,0.0696,0,0
txn_006397,merch_0035,card,338.56,7,22,260.77,0.241,0,0
txn_006398,merch_0024,wallet,704.55,22,21,633.03,0.0493,1,0
txn_006399,merch_0097,upi,1228.5,11,32,1511.52,0.1607,0,0
txn_006400,merch_0163,card,425.13,9,17,378.91,0.4116,0,0
txn_006401,merch_0100,card,324.89,11,14,195.44,0.235,0,0
txn_006402,merch_0194,card,1953.02,10,22,1366.24,0.3126,0,0
txn_006403,merch_0008,upi,891.03,3,36,547.07,0.0125,0,0
txn_006404,merch_0060,upi,521.65,1,38,629.68,0.0154,0,1
txn_006405,merch_0052,card,338.29,19,20,429.67,0.9158,1,0
txn_006406,merch_0145,upi,1393.64,15,23,2531.46,0.2069,0,0
txn_006407,merch_0170,upi,480.19,4,24,365.02,0.1583,1,0
txn_006408,merch_0162,upi,668.09,19,29,4799.72,0.5399,0,0
txn_006409,merch_0062,upi,288.13,15,22,318.97,0.0792,0,0
txn_006410,merch_0120,wallet,2195.27,18,23,2648.64,0.131,0,0
txn_006411,merch_0104,upi,989.39,7,25,913.96,0.1723,0,0
txn_006412,merch_0003,wallet,10133.3,18,15,5988.82,0.1568,0,0
txn_006413,merch_0092,upi,844.14,20,20,542.78,0.0904,0,0
txn_006414,merch_0168,card,1053.2,8,30,854.64,0.1393,0,0
txn_006415,merch_0172,upi,751.93,1,18,917.0,0.2256,0,0
txn_006416,merch_0177,netbanking,6211.59,13,17,7026.83,0.0743,0,0
txn_006417,merch_0027,netbanking,1073.9,14,25,1643.72,0.0869,0,0
txn_006418,merch_0169,upi,334.12,10,22,413.94,0.1023,0,0
txn_006419,merch_0079,wallet,120.2,18,17,94.84,0.113,0,0
txn_006420,merch_0075,upi,1482.63,12,22,2928.02,0.0988,0,0
txn_006421,merch_0115,card,1268.25,11,19,1354.35,0.225,1,0
txn_006422,merch_0068,wallet,975.99,16,23,1769.4,0.083,0,0
txn_006423,merch_0097,wallet,1915.39,17,29,1701.57,0.9762,0,0
txn_006424,merch_0000,wallet,1757.22,16,44,2178.74,0.0987,1,0
txn_006425,merch_0166,upi,815.39,18,159,3215.36,0.1131,0,1
txn_006426,merch_0095,upi,314.75,15,32,204.96,0.1299,1,0
txn_006427,merch_0016,upi,482.98,14,10,311.28,0.11,0,0
txn_006428,merch_0111,card,270.0,17,35,963.64,0.9085,0,0
txn_006429,merch_0090,netbanking,1741.33,0,18,1163.5,0.0801,1,0
txn_006430,merch_0087,upi,2388.38,7,24,1467.3,0.1445,0,0
txn_006431,merch_0162,card,3945.45,0,21,4867.88,0.1189,0,0
txn_006432,merch_0173,upi,1741.5,10,14,1612.28,0.087,0,1
txn_006433,merch_0169,upi,390.4,16,30,485.4,0.017,0,0
txn_006434,merch_0166,card,3439.34,19,16,2755.9,0.1871,0,0
txn_006435,merch_0089,card,2672.93,16,38,1813.28,0.1535,0,0
txn_006436,merch_0048,netbanking,916.69,17,24,1840.44,0.0417,0,0
txn_006437,merch_0189,upi,107.63,11,24,194.04,0.1139,0,0
txn_006438,merch_0037,netbanking,108.04,12,24,106.18,0.2025,0,0
txn_006439,merch_0150,upi,1731.48,15,14,1313.78,0.0783,0,0
txn_006440,merch_0149,upi,1787.06,12,23,1489.26,0.051,0,0
txn_006441,merch_0131,card,1077.23,22,36,1032.63,0.5887,0,0
txn_006442,merch_0176,netbanking,568.23,13,21,1246.94,0.0703,1,0
txn_006443,merch_0058,upi,2555.89,19,20,1504.76,0.1072,1,0
txn_006444,merch_0067,upi,1184.62,8,201,3681.95,0.4648,0,1
txn_006445,merch_0198,card,850.89,12,18,1331.86,0.0694,1,0
txn_006446,merch_0129,upi,603.28,13,18,621.48,0.1625,0,0
txn_006447,merch_0048,netbanking,1957.55,20,31,1717.44,0.2802,0,0
txn_006448,merch_0125,netbanking,13240.32,13,18,16709.36,0.3103,1,0
txn_006449,merch_0158,upi,337.62,14,26,277.78,0.0989,0,0
txn_006450,merch_0110,card,163.02,12,24,109.2,0.007,0,0
txn_006451,merch_0167,netbanking,7869.57,10,29,9469.72,0.0101,0,0
txn_006452,merch_0047,upi,4746.31,8,20,3895.38,0.0836,0,0
txn_006453,merch_0050,card,1763.84,14,16,1463.55,0.1505,0,0
txn_006454,merch_0042,upi,771.64,12,127,952.2,0.4079,0,0
txn_006455,merch_0097,card,297.44,12,355,1284.94,0.0262,0,1
txn_006456,merch_0182,upi,357.45,16,25,289.94,0.209,0,0
txn_006457,merch_0176,netbanking,1400.95,14,24,965.27,0.0787,1,0
txn_006458,merch_0123,upi,328.93,14,23,182.25,0.0949,1,0
txn_006459,merch_0079,upi,87.63,14,12,106.88,0.8054,0,0
txn_006460,merch_0184,netbanking,626.04,20,28,958.54,0.1317,0,0
txn_006461,merch_0110,upi,70.66,2,19,111.8,0.411,0,0
txn_006462,merch_0142,upi,10.0,11,19,143.54,0.2499,1,0
txn_006463,merch_0026,upi,219.07,14,25,265.35,0.172,0,0
txn_006464,merch_0195,upi,4274.28,1,23,1602.52,0.157,0,1
txn_006465,merch_0191,wallet,5211.14,17,26,2648.91,0.0648,0,0
txn_006466,merch_0157,netbanking,854.28,11,29,2176.39,0.8987,0,0
txn_006467,merch_0163,upi,295.16,11,15,414.78,0.0755,0,0
txn_006468,merch_0194,card,1008.4,15,28,1207.74,0.1347,0,0
txn_006469,merch_0112,card,1694.24,9,30,1265.73,0.0086,0,0
txn_006470,merch_0085,wallet,1248.22,8,15,541.35,0.1056,0,0
txn_006471,merch_0113,upi,21653.92,10,26,19220.41,0.0651,0,0
txn_006472,merch_0123,card,234.24,15,32,210.14,0.0151,1,0
txn_006473,merch_0048,card,1979.44,10,36,1619.76,0.1822,0,0
txn_006474,merch_0075,card,2916.62,1,32,3288.54,0.156,0,0
txn_006475,merch_0054,card,4324.18,20,21,3888.58,0.2309,0,0
txn_006476,merch_0055,upi,3446.04,10,231,3033.35,0.064,0,0
txn_006477,merch_0195,netbanking,2178.92,2,23,1728.08,0.3608,0,0
txn_006478,merch_0094,card,10.0,20,21,731.63,0.4123,0,0
txn_006479,merch_0043,wallet,573.7,18,230,787.03,0.0664,0,0
txn_006480,merch_0158,upi,144.58,18,21,248.47,0.3145,0,0
txn_006481,merch_0185,card,3587.94,11,16,2495.23,0.3842,1,0
txn_006482,merch_0086,wallet,2333.6,12,28,3452.92,0.5154,1,0
txn_006483,merch_0180,card,333.11,21,26,2336.67,0.1128,0,0
txn_006484,merch_0083,netbanking,75.18,7,21,513.5,0.1622,0,0
txn_006485,merch_0150,netbanking,1843.76,16,24,1502.8,0.0463,0,0
txn_006486,merch_0155,upi,260.47,18,29,459.03,0.1953,0,0
txn_006487,merch_0015,card,529.28,18,21,611.27,0.1985,1,0
txn_006488,merch_0164,upi,6223.19,19,21,3079.17,0.2333,0,0
txn_006489,merch_0148,card,2443.13,18,22,1744.42,0.239,0,0
txn_006490,merch_0144,upi,1040.64,18,31,1642.11,0.0542,0,0
txn_006491,merch_0036,netbanking,456.59,8,20,1286.94,0.141,0,0
txn_006492,merch_0076,card,1430.23,1,30,1046.28,0.0985,0,0
txn_006493,merch_0146,upi,235.11,14,11,227.75,0.0509,0,0
txn_006494,merch_0157,upi,2567.47,18,18,2160.67,0.3518,0,0
txn_006495,merch_0044,wallet,10.0,19,25,167.66,0.1247,0,0
txn_006496,merch_0145,upi,3924.8,8,27,2650.94,0.1204,0,0
txn_006497,merch_0061,upi,292.57,18,36,906.73,0.2693,1,0
txn_006498,merch_0163,upi,301.95,22,13,370.21,0.2371,0,0
txn_006499,merch_0099,wallet,1389.21,12,30,863.61,0.1203,1,0
txn_006500,merch_0051,wallet,10.0,4,30,733.67,0.254,0,0
txn_006501,merch_0018,card,354.47,21,27,339.08,0.0242,0,0
txn_006502,merch_0108,wallet,1326.98,11,12,1312.83,0.0682,0,0
txn_006503,merch_0043,upi,752.66,17,26,741.61,0.1806,0,0
txn_006504,merch_0006,wallet,8636.03,12,29,7730.55,0.2105,0,0
txn_006505,merch_0171,upi,414.79,12,13,450.75,0.0864,0,0
txn_006506,merch_0116,upi,466.51,13,32,905.68,0.1232,0,0
txn_006507,merch_0067,upi,3853.3,7,17,3696.54,0.0722,0,0
txn_006508,merch_0033,card,305.51,14,161,285.76,0.0432,0,0
txn_006509,merch_0193,netbanking,238.48,17,22,239.75,0.1158,0,0
txn_006510,merch_0068,upi,3089.65,12,33,1707.1,0.1019,0,0
txn_006511,merch_0054,wallet,6364.96,1,20,4045.64,0.4606,0,0
txn_006512,merch_0009,upi,3804.34,0,25,1812.57,0.1079,0,0
txn_006513,merch_0041,upi,1561.41,16,21,1213.81,0.2169,1,0
txn_006514,merch_0040,card,4348.8,12,40,2753.06,0.1988,0,0
txn_006515,merch_0196,card,266.73,0,18,372.96,0.1546,0,0
txn_006516,merch_0121,netbanking,325.01,8,32,336.19,0.1075,0,0
txn_006517,merch_0137,card,591.25,11,21,647.87,0.0566,0,0
txn_006518,merch_0009,card,1641.12,11,19,2364.57,0.0551,0,0
txn_006519,merch_0101,upi,678.25,13,27,634.75,0.1842,0,0
txn_006520,merch_0187,card,1106.84,4,32,977.9,0.1014,0,0
txn_006521,merch_0127,wallet,639.69,0,20,480.64,0.3784,0,0
txn_006522,merch_0178,upi,1416.83,13,18,855.38,0.093,1,0
txn_006523,merch_0148,wallet,460.07,9,8,2354.42,0.0757,0,0
txn_006524,merch_0135,card,4047.43,17,15,8054.66,0.0745,0,0
txn_006525,merch_0192,upi,10.0,11,30,1337.57,0.3111,1,0
txn_006526,merch_0091,wallet,2152.29,17,32,3991.6,0.3016,0,0
txn_006527,merch_0112,card,1015.14,18,26,1146.17,0.1111,0,0
txn_006528,merch_0077,upi,489.18,14,23,740.1,0.1309,0,0
txn_006529,merch_0084,upi,147.8,14,16,456.99,0.0635,1,0
txn_006530,merch_0029,upi,810.32,12,14,840.41,0.1259,0,0
txn_006531,merch_0048,netbanking,1416.19,18,37,1643.83,0.3909,0,1
txn_006532,merch_0008,card,364.74,16,34,614.45,0.2781,0,0
txn_006533,merch_0144,wallet,1633.38,23,30,1708.47,0.1033,0,0
txn_006534,merch_0068,upi,1308.59,15,26,1646.05,0.3202,0,0
txn_006535,merch_0057,upi,1168.33,19,14,838.8,0.0745,0,0
txn_006536,merch_0184,upi,786.53,11,19,900.7,0.4825,0,0
txn_006537,merch_0061,card,758.08,14,43,774.13,0.0657,1,0
txn_006538,merch_0051,wallet,798.58,10,26,620.16,0.0257,0,0
txn_006539,merch_0188,card,10.0,8,28,341.88,0.0473,0,0
txn_006540,merch_0039,upi,2120.0,13,17,1195.18,0.2952,0,0
txn_006541,merch_0165,netbanking,2456.82,21,27,1856.02,0.0674,1,0
txn_006542,merch_0170,netbanking,222.49,21,31,329.27,0.0708,1,0
txn_006543,merch_0062,upi,100.96,4,26,259.0,0.3374,0,0
txn_006544,merch_0146,netbanking,143.4,20,14,229.49,0.1283,0,0
txn_006545,merch_0049,upi,48.92,11,32,134.32,0.0747,1,0
txn_006546,merch_0160,upi,13.14,14,20,312.8,0.219,0,0
txn_006547,merch_0140,upi,781.27,18,18,1395.81,0.1362,0,0
txn_006548,merch_0077,card,10.0,8,24,732.3,0.0719,0,0
txn_006549,merch_0096,upi,1262.94,20,40,1515.86,0.2756,1,0
txn_006550,merch_0189,upi,164.45,16,21,200.99,0.0678,0,0
txn_006551,merch_0042,upi,1641.62,11,25,1089.04,0.0336,0,0
txn_006552,merch_0176,netbanking,1724.49,3,17,971.01,0.27,1,0
txn_006553,merch_0035,wallet,192.5,8,26,223.8,0.0169,0,0
txn_006554,merch_0121,netbanking,338.43,19,36,319.04,0.0424,0,0
txn_006555,merch_0107,upi,1849.13,18,37,1306.63,0.0509,1,0
txn_006556,merch_0009,upi,1685.26,8,19,2324.41,0.3981,0,0
txn_006557,merch_0094,upi,755.08,15,20,746.65,0.05,0,0
txn_006558,merch_0005,upi,623.96,17,25,791.95,0.2266,0,0
txn_006559,merch_0056,card,406.16,18,20,430.72,0.0968,0,0
txn_006560,merch_0128,card,1297.72,13,17,1413.53,0.2885,1,0
txn_006561,merch_0070,card,1508.35,17,22,1536.66,0.2594,0,0
txn_006562,merch_0185,card,4135.09,18,17,2942.74,0.1766,1,0
txn_006563,merch_0020,upi,4163.84,1,27,6883.51,0.1126,0,0
txn_006564,merch_0091,upi,3692.01,4,30,3101.15,0.099,0,0
txn_006565,merch_0126,card,622.46,4,26,363.59,0.2252,0,0
txn_006566,merch_0079,upi,113.38,13,23,88.93,0.0669,0,0
txn_006567,merch_0055,upi,1810.32,17,34,2879.74,0.9793,0,0
txn_006568,merch_0115,upi,1809.16,11,17,1699.76,0.2517,1,0
txn_006569,merch_0147,upi,513.3,10,24,251.5,0.436,0,0
txn_006570,merch_0181,upi,398.28,20,19,380.34,0.0901,0,0
txn_006571,merch_0024,netbanking,805.42,8,25,489.16,0.1081,1,0
txn_006572,merch_0155,netbanking,466.49,19,28,478.96,0.1586,0,0
txn_006573,merch_0004,upi,916.18,18,28,761.75,0.1165,1,0
txn_006574,merch_0119,upi,2579.78,13,16,2739.05,0.0925,0,0
txn_006575,merch_0020,netbanking,3772.08,17,29,6018.59,0.0449,0,0
txn_006576,merch_0017,upi,1787.55,12,33,1657.65,0.0895,0,0
txn_006577,merch_0174,upi,584.5,8,17,1418.57,0.301,1,0
txn_006578,merch_0197,upi,1086.29,16,15,1179.7,0.0696,1,0
txn_006579,merch_0056,upi,671.82,7,29,430.92,0.268,0,0
txn_006580,merch_0092,netbanking,452.49,19,21,477.77,0.2116,0,0
txn_006581,merch_0018,netbanking,215.98,13,25,348.64,0.0967,0,0
txn_006582,merch_0127,upi,602.69,11,11,577.15,0.3713,0,0
txn_006583,merch_0096,upi,1105.37,13,28,1464.66,0.0723,1,0
txn_006584,merch_0192,upi,1496.29,15,34,1360.58,0.0556,1,0
txn_006585,merch_0130,upi,53.61,15,23,164.23,0.2462,0,0
txn_006586,merch_0169,wallet,574.65,20,34,407.44,0.0201,0,0
txn_006587,merch_0020,card,6683.95,17,18,6253.39,0.1084,0,0
txn_006588,merch_0039,card,785.22,11,13,1520.21,0.1515,0,0
txn_006589,merch_0066,netbanking,1207.97,2,19,1147.97,0.0674,0,0
txn_006590,merch_0152,netbanking,829.44,13,26,444.1,0.1902,0,0
txn_006591,merch_0126,netbanking,205.38,9,30,378.05,0.1203,0,0
txn_006592,merch_0054,upi,5243.88,9,25,3527.14,0.0355,0,0
txn_006593,merch_0179,upi,34414.68,11,27,28428.13,0.0879,0,0
txn_006594,merch_0171,card,486.57,17,25,362.64,0.0354,0,0
txn_006595,merch_0108,upi,2040.27,8,25,1542.19,0.2184,0,0
txn_006596,merch_0097,wallet,1325.31,4,228,1504.95,0.0508,0,0
txn_006597,merch_0183,card,2096.61,16,36,2061.63,0.1632,0,0
txn_006598,merch_0182,wallet,318.37,16,22,312.5,0.1107,0,0
txn_006599,merch_0111,upi,725.87,16,28,1215.71,0.0491,0,0
txn_006600,merch_0197,netbanking,1660.2,11,19,1425.67,0.1067,1,0
txn_006601,merch_0114,upi,682.43,18,28,992.16,0.2653,1,0
txn_006602,merch_0116,wallet,1851.42,4,29,1059.94,0.1273,0,0
txn_006603,merch_0086,upi,2671.54,9,24,3073.77,0.2127,1,1
txn_006604,merch_0080,card,328.77,12,17,850.6,0.167,1,0
txn_006605,merch_0065,netbanking,8349.54,18,19,5527.34,0.0669,0,0
txn_006606,merch_0018,upi,245.61,7,30,360.79,0.0958,0,0
txn_006607,merch_0134,card,200.85,20,15,353.03,0.0698,0,0
txn_006608,merch_0117,wallet,322.45,10,35,294.97,0.4336,0,0
txn_006609,merch_0190,upi,1079.99,14,25,688.16,0.2925,0,0
txn_006610,merch_0041,card,1806.44,16,27,1405.15,0.1734,1,0
txn_006611,merch_0041,upi,990.76,1,33,1405.61,0.0615,1,1
txn_006612,merch_0058,netbanking,1752.49,16,28,1570.2,0.269,1,0
txn_006613,merch_0019,card,173.66,21,34,197.66,0.2006,0,0
txn_006614,merch_0072,upi,1694.29,14,11,940.99,0.0473,1,0
txn_006615,merch_0016,upi,257.19,15,16,332.96,0.178,0,0
txn_006616,merch_0026,card,289.38,16,27,245.82,0.1451,0,0
txn_006617,merch_0174,upi,1659.11,12,23,1718.92,0.3196,1,0
txn_006618,merch_0001,upi,410.61,10,25,905.47,0.1484,0,0
txn_006619,merch_0062,card,258.35,16,26,250.84,0.0072,0,0
txn_006620,merch_0061,upi,817.29,17,42,746.44,0.1306,1,0
txn_006621,merch_0099,upi,1383.9,16,177,871.34,0.1386,1,0
txn_006622,merch_0018,card,401.15,15,31,381.18,0.0477,0,1
txn_006623,merch_0016,upi,266.37,13,17,351.62,0.0683,0,0
txn_006624,merch_0068,upi,1595.31,13,28,1819.11,0.3744,0,0
txn_006625,merch_0166,upi,2876.69,17,19,2502.48,0.0098,0,0
txn_006626,merch_0116,card,1034.89,12,34,946.82,0.318,0,0
txn_006627,merch_0198,card,1788.42,15,26,1114.55,0.0777,1,0
txn_006628,merch_0080,card,1223.35,14,23,731.69,0.1555,1,0
txn_006629,merch_0038,upi,93.65,21,29,201.27,0.2348,0,0
txn_006630,merch_0035,upi,342.03,19,34,259.6,0.2813,0,0
txn_006631,merch_0167,upi,14070.92,16,30,10542.65,0.1428,0,0
txn_006632,merch_0172,upi,982.63,7,11,1107.86,0.4275,0,0
txn_006633,merch_0131,wallet,322.13,14,27,1092.05,0.3937,0,0
txn_006634,merch_0152,upi,522.77,2,24,490.05,0.2378,0,0
txn_006635,merch_0196,upi,332.98,18,24,420.89,0.1368,0,0
txn_006636,merch_0157,upi,2541.62,17,22,1681.07,0.0611,0,0
txn_006637,merch_0195,card,2333.32,11,39,1934.61,0.0104,0,0
txn_006638,merch_0028,card,796.46,11,25,508.41,0.1671,0,0
txn_006639,merch_0195,card,769.67,20,39,1929.09,0.1856,0,0
txn_006640,merch_0050,netbanking,2885.44,19,14,1706.17,0.1175,0,0
txn_006641,merch_0151,card,2208.49,14,25,1748.09,0.2164,0,0
txn_006642,merch_0013,upi,139.13,2,16,95.42,0.1227,0,0
txn_006643,merch_0068,upi,2976.06,20,28,1916.52,0.1427,0,0
txn_006644,merch_0145,card,3115.94,7,19,2744.36,0.8517,0,0
txn_006645,merch_0169,card,617.26,1,28,391.71,0.4887,0,0
txn_006646,merch_0056,card,424.68,19,35,432.66,0.023,0,0
txn_006647,merch_0011,card,933.49,22,13,696.12,0.1606,0,0
txn_006648,merch_0016,card,506.05,13,11,367.16,0.0545,0,0
txn_006649,merch_0029,wallet,1219.33,17,8,774.24,0.1795,0,0
txn_006650,merch_0087,card,871.0,20,36,1580.05,0.3267,0,0
txn_006651,merch_0098,netbanking,900.67,9,27,1131.0,0.1656,0,0
txn_006652,merch_0022,upi,1651.81,16,25,1116.72,0.0616,0,0
txn_006653,merch_0128,card,1603.7,16,22,1196.19,0.0144,1,0
txn_006654,merch_0078,wallet,1204.94,9,24,1238.62,0.0157,0,0
txn_006655,merch_0031,upi,12737.83,4,24,11110.05,0.017,0,0
txn_006656,merch_0008,netbanking,300.51,8,29,690.5,0.0458,0,1
txn_006657,merch_0014,card,172.06,10,31,123.08,0.367,0,0
txn_006658,merch_0155,upi,547.28,20,226,414.24,0.0855,0,1
txn_006659,merch_0151,card,1713.98,14,8,1504.49,0.0647,0,0
txn_006660,merch_0187,upi,915.41,17,28,1033.92,0.1263,0,0
txn_006661,merch_0162,wallet,4972.69,0,15,4011.54,0.0521,0,0
txn_006662,merch_0026,netbanking,237.28,1,32,284.86,0.102,0,0
txn_006663,merch_0108,upi,1297.16,19,18,1594.77,0.1022,0,0
txn_006664,merch_0075,upi,5617.03,19,27,3256.59,0.0266,0,0
txn_006665,merch_0147,card,36.69,16,24,249.63,0.0734,0,0
txn_006666,merch_0064,upi,251.79,14,31,2658.59,0.2489,0,0
txn_006667,merch_0176,upi,1597.33,13,25,1051.13,0.2272,1,0
txn_006668,merch_0108,card,753.33,14,24,1351.12,0.0818,0,0
txn_006669,merch_0128,upi,10.0,15,24,1302.85,0.2213,1,0
txn_006670,merch_0009,upi,3047.38,21,23,2220.74,0.2484,0,0
txn_006671,merch_0046,netbanking,1034.59,8,17,537.07,0.0857,0,0
txn_006672,merch_0122,wallet,2619.67,4,150,5310.21,0.2464,1,1
txn_006673,merch_0058,netbanking,10.0,13,26,1551.06,0.1666,1,0
txn_006674,merch_0095,netbanking,95.85,18,20,172.75,0.2094,1,0
txn_006675,merch_0189,upi,108.25,18,18,180.81,0.2385,0,0
txn_006676,merch_0102,upi,1464.85,19,24,626.65,0.0572,0,0
txn_006677,merch_0123,upi,154.53,21,19,223.89,0.046,1,0
txn_006678,merch_0085,netbanking,842.76,19,31,594.48,0.06,0,0
txn_006679,merch_0145,wallet,3514.57,14,13,2881.14,0.0569,0,0
txn_006680,merch_0111,card,1582.18,19,18,1087.72,0.2605,0,0
txn_006681,merch_0173,wallet,1273.0,14,20,1626.98,0.0643,0,0
txn_006682,merch_0159,card,2402.83,21,28,2459.91,0.1791,1,0
txn_006683,merch_0026,upi,244.97,2,27,240.52,0.0347,0,0
txn_006684,merch_0017,upi,1870.28,7,24,1543.56,0.2806,0,0
txn_006685,merch_0166,upi,4106.96,4,119,3126.07,0.238,0,0
txn_006686,merch_0176,upi,2461.46,9,24,1069.18,0.0621,1,0
txn_006687,merch_0081,card,1330.09,18,279,1559.13,0.0429,0,0
txn_006688,merch_0171,upi,438.14,4,24,420.05,0.864,0,0
txn_006689,merch_0071,card,9826.24,15,100,6895.31,0.2527,0,0
txn_006690,merch_0053,card,2720.6,13,126,2307.67,0.4193,0,1
txn_006691,merch_0161,upi,5657.63,11,22,3207.83,0.1995,0,0
txn_006692,merch_0070,card,1635.24,9,23,1514.35,0.6265,0,0
txn_006693,merch_0163,card,321.23,13,18,423.91,0.3948,0,0
txn_006694,merch_0145,upi,4160.51,4,30,2407.64,0.2605,0,0
txn_006695,merch_0037,netbanking,115.21,15,21,109.03,0.2833,0,0
txn_006696,merch_0186,card,2498.75,16,13,1759.31,0.21,1,0
txn_006697,merch_0136,card,417.02,15,18,467.86,0.0592,0,0
txn_006698,merch_0199,wallet,357.87,20,31,259.0,0.0737,0,0
txn_006699,merch_0178,netbanking,491.52,14,16,774.55,0.2893,1,0
txn_006700,merch_0034,wallet,2392.02,23,25,2956.53,0.036,1,0
txn_006701,merch_0081,upi,10.0,18,31,1738.87,0.1185,0,0
txn_006702,merch_0132,upi,213.73,2,29,288.04,0.2309,0,0
txn_006703,merch_0141,upi,8160.23,18,32,4721.56,0.0156,1,0
txn_006704,merch_0157,upi,1987.05,12,20,2014.97,0.2922,0,0
txn_006705,merch_0003,wallet,4193.85,15,27,6701.29,0.0215,0,0
txn_006706,merch_0166,card,4311.78,17,27,2550.61,0.058,0,0
txn_006707,merch_0191,upi,3298.55,11,19,3098.5,0.0642,0,0
txn_006708,merch_0152,upi,786.46,18,17,480.13,0.1282,0,0
txn_006709,merch_0155,upi,654.32,12,28,467.07,0.0441,0,0
txn_006710,merch_0193,card,269.28,14,12,216.96,0.0746,0,0
txn_006711,merch_0149,netbanking,2561.02,17,16,1553.46,0.1134,0,0
txn_006712,merch_0158,netbanking,225.2,9,32,281.87,0.1149,0,0
txn_006713,merch_0022,wallet,756.95,12,25,1058.17,0.2293,0,0
txn_006714,merch_0047,upi,7358.93,3,13,4043.85,0.2725,0,0
txn_006715,merch_0147,upi,296.55,3,29,203.12,0.0811,0,0
txn_006716,merch_0124,upi,4021.08,14,18,2090.69,0.2534,0,0
txn_006717,merch_0165,upi,2537.59,16,29,1725.48,0.5128,1,0
txn_006718,merch_0054,wallet,6956.74,10,208,4077.54,0.0332,0,1
txn_006719,merch_0067,card,2621.44,18,30,3355.94,0.0811,0,0
txn_006720,merch_0087,netbanking,1532.69,9,21,1511.65,0.1407,0,0
txn_006721,merch_0000,card,1861.56,13,295,2211.31,0.0303,1,0
txn_006722,merch_0134,upi,338.89,19,20,390.4,0.4394,0,0
txn_006723,merch_0184,upi,339.13,2,23,840.26,0.2216,0,0
txn_006724,merch_0094,card,752.14,21,20,647.22,0.1309,0,0
txn_006725,merch_0139,card,330.6,10,29,272.29,0.1108,1,0
txn_006726,merch_0105,upi,1149.13,20,29,1814.32,0.0873,0,0
txn_006727,merch_0132,card,171.43,9,32,290.91,0.1842,0,0
txn_006728,merch_0107,netbanking,1290.97,13,41,1277.1,0.0777,1,0
txn_006729,merch_0177,upi,8482.45,17,30,6194.01,0.3317,0,0
txn_006730,merch_0041,netbanking,676.76,16,24,1528.31,0.1202,1,0
txn_006731,merch_0101,upi,1582.13,3,29,690.43,0.2199,0,0
txn_006732,merch_0123,card,54.58,9,22,214.9,0.179,1,0
txn_006733,merch_0139,netbanking,192.5,8,32,241.88,0.01,1,0
txn_006734,merch_0102,wallet,1164.16,9,35,830.79,0.121,0,0
txn_006735,merch_0145,upi,3757.11,16,20,2724.14,0.8065,0,0
txn_006736,merch_0193,upi,355.04,21,24,209.94,0.168,0,0
txn_006737,merch_0073,upi,5517.38,21,251,7817.14,0.123,1,1
txn_006738,merch_0107,upi,1128.92,11,34,1357.43,0.2788,1,0
txn_006739,merch_0121,card,265.17,16,43,329.6,0.0367,0,0
txn_006740,merch_0016,wallet,275.42,9,17,278.7,0.0742,0,0
txn_006741,merch_0195,upi,2091.73,1,33,1998.39,0.3829,0,0
txn_006742,merch_0070,upi,1238.65,12,20,1766.81,0.1162,0,0
txn_006743,merch_0061,upi,280.48,9,20,868.61,0.1147,1,0
txn_006744,merch_0040,card,3766.07,15,48,2527.67,0.1091,0,0
txn_006745,merch_0118,upi,4037.06,16,14,3766.99,0.096,1,0
txn_006746,merch_0161,upi,4057.73,11,20,2942.98,0.2275,0,0
txn_006747,merch_0197,netbanking,1088.74,10,21,1266.95,0.057,1,0
txn_006748,merch_0044,upi,240.72,21,11,213.33,0.4011,0,0
txn_006749,merch_0057,card,1584.65,10,20,667.81,0.1234,0,0
txn_006750,merch_0178,netbanking,392.88,18,36,737.45,0.2621,1,0
txn_006751,merch_0125,upi,9989.61,16,31,14752.27,0.3771,1,0
txn_006752,merch_0161,card,1329.76,16,35,3071.63,0.0813,0,0
txn_006753,merch_0043,card,1599.59,9,26,827.58,0.0724,0,0
txn_006754,merch_0014,card,137.62,4,33,127.77,0.0341,0,0
txn_006755,merch_0077,upi,1117.76,18,30,734.12,0.1164,0,0
txn_006756,merch_0069,upi,10.0,16,20,438.77,0.2406,0,0
txn_006757,merch_0177,netbanking,7328.31,0,18,6045.54,0.4111,0,0
txn_006758,merch_0100,netbanking,159.95,9,12,180.68,0.3251,0,0
txn_006759,merch_0159,upi,3545.7,10,35,2714.65,0.1212,1,0
txn_006760,merch_0194,upi,1781.77,12,25,1474.68,0.1988,0,0
txn_006761,merch_0002,upi,2011.56,12,132,2145.94,0.158,0,1
txn_006762,merch_0085,upi,1060.52,13,31,598.91,0.2309,0,0
txn_006763,merch_0073,card,11198.2,12,28,8155.13,0.136,1,0
txn_006764,merch_0050,upi,2510.42,18,18,1574.54,0.2511,0,0
txn_006765,merch_0066,upi,1434.28,13,12,990.19,0.1971,0,0
txn_006766,merch_0075,netbanking,2525.45,12,20,2800.54,0.0917,0,0
txn_006767,merch_0092,upi,536.02,14,24,471.17,0.1919,0,0
txn_006768,merch_0175,netbanking,2560.95,23,22,3044.76,0.0344,0,0
txn_006769,merch_0144,netbanking,1696.36,2,27,1313.69,0.0435,0,0
txn_006770,merch_0006,upi,5058.49,9,36,6403.96,0.0659,0,0
txn_006771,merch_0012,card,1336.79,21,37,1584.41,0.1076,1,0
txn_006772,merch_0119,netbanking,6093.66,10,25,3095.09,0.121,0,0
txn_006773,merch_0065,upi,6350.8,11,19,5568.37,0.0536,0,0
txn_006774,merch_0003,upi,5598.21,15,18,7559.54,0.3161,0,0
txn_006775,merch_0137,card,453.31,10,197,827.58,0.1446,0,0
txn_006776,merch_0087,wallet,1577.11,4,21,1563.34,0.1207,0,0
txn_006777,merch_0016,card,441.26,11,12,308.55,0.128,0,0
txn_006778,merch_0051,upi,747.15,2,31,738.42,0.0451,0,0
txn_006779,merch_0133,card,1888.46,18,15,2174.28,0.0773,0,0
txn_006780,merch_0068,upi,1977.54,8,194,1872.04,0.1988,0,1
txn_006781,merch_0136,card,490.27,17,12,405.19,0.3515,0,0
txn_006782,merch_0020,netbanking,8163.58,15,26,6089.46,0.037,0,0
txn_006783,merch_0023,card,245.24,16,28,212.46,0.3786,0,0
txn_006784,merch_0003,netbanking,6568.38,19,31,6446.55,0.9702,0,0
txn_006785,merch_0151,card,1577.33,10,23,1837.42,0.165,0,0
txn_006786,merch_0186,card,1935.9,14,23,1940.43,0.2141,1,0
txn_006787,merch_0002,upi,2885.01,19,26,2237.26,0.0388,0,0
txn_006788,merch_0067,netbanking,5924.89,15,20,3422.07,0.0881,0,0
txn_006789,merch_0100,wallet,162.65,3,17,217.74,0.1121,0,0
txn_006790,merch_0167,upi,9941.38,15,27,9477.64,0.1118,0,0
txn_006791,merch_0175,card,2181.95,19,27,3342.47,0.1235,0,0
txn_006792,merch_0053,upi,1219.46,8,19,2225.42,0.1506,0,0
txn_006793,merch_0034,netbanking,1455.42,13,12,3246.22,0.1421,1,0
txn_006794,merch_0055,card,1409.09,12,40,3646.76,0.0729,0,0
txn_006795,merch_0107,upi,1052.29,16,48,1465.49,0.5088,1,0
txn_006796,merch_0039,netbanking,1665.93,20,17,1461.54,0.283,0,0
txn_006797,merch_0067,upi,1488.74,12,169,3655.81,0.1898,0,0
txn_006798,merch_0045,netbanking,466.36,17,16,447.02,0.1301,0,0
txn_006799,merch_0077,card,1098.09,12,30,784.57,0.0585,0,0
txn_006800,merch_0140,upi,1061.35,19,12,1452.46,0.1761,0,0
txn_006801,merch_0154,upi,1192.41,10,17,1489.16,0.2586,0,0
txn_006802,merch_0005,upi,383.48,10,30,826.33,0.1066,0,0
txn_006803,merch_0016,card,177.0,20,10,312.09,0.2279,0,0
txn_006804,merch_0163,card,714.21,10,18,429.01,0.184,0,0
txn_006805,merch_0098,upi,1350.76,18,28,1214.28,0.1024,0,0
txn_006806,merch_0080,upi,1678.94,11,17,915.03,0.2427,1,1
txn_006807,merch_0001,upi,599.69,9,29,884.58,0.2141,0,0
txn_006808,merch_0076,netbanking,1955.51,11,32,1220.82,0.1496,0,0
txn_006809,merch_0179,card,18698.97,11,26,24475.75,0.1925,0,0
txn_006810,merch_0065,upi,4345.55,20,16,6203.22,0.2101,0,0
txn_006811,merch_0051,card,1812.28,10,32,638.07,0.1575,0,0
txn_006812,merch_0091,upi,2163.43,16,25,3444.53,0.1612,0,0
txn_006813,merch_0170,wallet,686.5,3,22,337.82,0.2135,1,0
txn_006814,merch_0021,wallet,822.15,6,284,881.06,0.0562,0,0
txn_006815,merch_0110,card,63.74,20,13,111.16,0.1808,0,0
txn_006816,merch_0106,wallet,4938.35,15,25,10117.42,0.0514,1,0
txn_006817,merch_0182,netbanking,319.43,2,19,306.57,0.1061,0,0
txn_006818,merch_0066,netbanking,374.57,16,15,905.89,0.0476,0,0
txn_006819,merch_0187,card,857.1,15,26,1087.96,0.1574,0,0
txn_006820,merch_0185,upi,10.0,16,15,2401.87,0.3403,1,0
txn_006821,merch_0139,upi,286.32,10,32,259.02,0.1546,1,0
txn_006822,merch_0068,upi,659.41,15,15,1895.3,0.0979,0,0
txn_006823,merch_0083,card,571.54,13,24,507.29,0.1461,0,0
txn_006824,merch_0102,upi,193.29,14,22,702.34,0.0809,0,0
txn_006825,merch_0038,upi,382.56,14,25,198.38,0.0649,0,0
txn_006826,merch_0012,card,10.0,16,31,1645.83,0.2788,1,0
txn_006827,merch_0040,upi,2392.6,14,31,2548.54,0.2671,0,0
txn_006828,merch_0056,card,479.96,12,25,366.14,0.2348,0,0
txn_006829,merch_0180,wallet,2779.88,21,24,2446.44,0.0555,0,0
txn_006830,merch_0011,netbanking,172.79,10,10,635.24,0.4123,0,0
txn_006831,merch_0012,card,140.35,14,21,1605.49,0.1252,1,0
txn_006832,merch_0119,card,3939.35,17,17,2908.8,0.2049,0,0
txn_006833,merch_0096,card,1461.96,8,30,1787.33,0.2311,1,0
txn_006834,merch_0056,upi,248.54,6,31,351.38,0.1866,0,0
txn_006835,merch_0039,wallet,1881.57,14,20,1213.97,0.1099,0,0
txn_006836,merch_0117,upi,193.28,0,27,302.74,0.056,0,0
txn_006837,merch_0079,upi,74.79,10,16,114.79,0.3169,0,0
txn_006838,merch_0127,netbanking,387.17,15,13,540.25,0.2205,0,0
txn_006839,merch_0172,upi,753.49,14,21,986.49,0.0546,0,0
txn_006840,merch_0034,upi,1986.86,17,23,2826.7,0.1939,1,0
txn_006841,merch_0002,upi,2678.27,16,25,2584.39,0.22,0,0
txn_006842,merch_0119,upi,5155.94,18,22,2923.17,0.0506,0,0
txn_006843,merch_0004,upi,380.89,18,24,758.55,0.2372,1,0
txn_006844,merch_0010,upi,521.82,8,29,606.95,0.0751,1,0
txn_006845,merch_0125,card,14095.16,10,32,13881.71,0.0392,1,0
txn_006846,merch_0070,netbanking,1936.55,16,26,1461.88,0.1907,0,0
txn_006847,merch_0116,upi,1483.64,15,23,911.82,0.9734,0,0
txn_006848,merch_0183,netbanking,1810.14,13,34,1749.3,0.0903,0,0
txn_006849,merch_0137,upi,576.15,18,189,640.02,0.2697,0,0
txn_006850,merch_0105,upi,2317.51,17,31,1739.83,0.0071,0,0
txn_006851,merch_0115,upi,468.48,22,23,1368.79,0.0645,1,0
txn_006852,merch_0161,card,10.0,15,180,3113.94,0.1289,0,1
txn_006853,merch_0066,upi,2461.33,17,18,1069.85,0.342,0,0
txn_006854,merch_0199,card,208.82,8,37,301.9,0.0472,0,0
txn_006855,merch_0030,netbanking,413.72,15,30,551.47,0.0948,1,0
txn_006856,merch_0074,card,55.6,22,28,49.62,0.1449,0,0
txn_006857,merch_0070,card,1874.67,15,21,1495.78,0.3865,0,0
txn_006858,merch_0065,wallet,7768.85,12,18,4843.01,0.1165,0,0
txn_006859,merch_0069,upi,765.79,19,20,579.87,0.2753,0,0
txn_006860,merch_0040,upi,1295.92,1,37,2558.81,0.1336,0,0
txn_006861,merch_0190,card,1059.2,16,24,555.35,0.221,0,0
txn_006862,merch_0159,card,2828.43,11,29,2164.97,0.0819,1,0
txn_006863,merch_0019,upi,237.86,12,38,224.0,0.1214,0,0
txn_006864,merch_0184,upi,973.39,16,23,764.67,0.2966,0,0
txn_006865,merch_0177,card,10.0,3,24,6212.41,0.0848,0,0
txn_006866,merch_0152,upi,447.54,13,21,509.28,0.1148,0,0
txn_006867,merch_0139,upi,152.35,10,32,285.37,0.1151,1,0
txn_006868,merch_0198,wallet,442.56,20,30,1004.55,0.0339,1,0
txn_006869,merch_0038,netbanking,159.19,8,20,221.95,0.3028,0,0
txn_006870,merch_0144,card,2237.97,13,33,1720.87,0.0332,0,0
txn_006871,merch_0044,card,214.96,8,17,164.9,0.3183,0,0
txn_006872,merch_0138,wallet,3590.77,18,23,2582.31,0.1056,1,0
txn_006873,merch_0069,upi,381.83,15,13,443.01,0.2877,0,0
txn_006874,merch_0124,upi,2704.58,7,26,2222.92,0.1211,0,0
txn_006875,merch_0150,card,1320.57,18,11,1413.82,0.0953,0,0
txn_006876,merch_0090,netbanking,1889.82,13,21,1312.06,0.2088,1,0
txn_006877,merch_0069,upi,698.66,10,19,516.47,0.0412,0,0
txn_006878,merch_0165,wallet,1933.45,21,39,1843.28,0.1253,1,0
txn_006879,merch_0129,card,421.89,12,25,601.33,0.8325,0,0
txn_006880,merch_0083,upi,667.19,10,28,675.71,0.1298,0,0
txn_006881,merch_0088,upi,659.72,15,13,587.53,0.0446,0,0
txn_006882,merch_0078,upi,1270.98,10,23,1067.22,0.0336,0,0
txn_006883,merch_0112,netbanking,1003.46,7,27,1115.95,0.0398,0,0
txn_006884,merch_0092,wallet,292.44,19,29,512.03,0.3573,0,0
txn_006885,merch_0071,upi,8016.08,17,21,7211.67,0.2581,0,0
txn_006886,merch_0164,wallet,2000.37,21,22,3676.69,0.3006,0,0
txn_006887,merch_0048,netbanking,1499.96,4,20,1865.89,0.1929,0,0
txn_006888,merch_0051,card,932.59,15,22,679.18,0.1509,0,0
txn_006889,merch_0032,card,1260.82,1,28,923.48,0.0623,0,0
txn_006890,merch_0021,upi,322.15,12,27,959.34,0.2213,0,0
txn_006891,merch_0113,card,22997.26,9,26,20788.81,0.149,0,0
txn_006892,merch_0132,upi,606.89,16,32,269.51,0.0597,0,0
txn_006893,merch_0017,card,1939.68,11,21,1622.25,0.2261,0,0
txn_006894,merch_0165,upi,1569.72,12,25,1848.33,0.2901,1,0
txn_006895,merch_0117,netbanking,447.51,15,22,274.98,0.3025,0,0
txn_006896,merch_0116,netbanking,2012.6,17,254,1198.61,0.1485,0,0
txn_006897,merch_0036,upi,2108.71,13,22,1332.76,0.2656,0,0
txn_006898,merch_0063,upi,10.0,18,18,224.56,0.5459,0,0
txn_006899,merch_0137,card,908.69,9,21,838.93,0.0495,0,0
txn_006900,merch_0078,card,1752.05,20,17,1110.88,0.2918,0,0
txn_006901,merch_0169,upi,97.64,17,30,477.08,0.1424,0,0
txn_006902,merch_0122,card,8256.66,11,21,5379.57,0.2498,1,0
txn_006903,merch_0175,upi,2765.0,1,23,3251.07,0.0461,0,0
txn_006904,merch_0043,upi,1286.4,3,45,857.24,0.1219,0,0
txn_006905,merch_0081,upi,1618.99,11,26,1484.04,0.1635,0,0
txn_006906,merch_0086,upi,3707.09,3,25,2941.39,0.1182,1,0
txn_006907,merch_0015,netbanking,634.64,21,24,629.76,0.4685,1,0
txn_006908,merch_0053,wallet,2793.52,13,20,2470.3,0.1247,0,0
txn_006909,merch_0101,upi,838.14,21,20,570.4,0.1849,0,0
txn_006910,merch_0162,card,2192.1,9,15,3984.31,0.0426,0,0
txn_006911,merch_0097,upi,1334.06,14,42,1460.5,0.1068,0,0
txn_006912,merch_0155,card,463.89,14,32,516.19,0.1343,0,0
txn_006913,merch_0001,upi,1478.68,13,13,831.73,0.1638,0,0
txn_006914,merch_0093,card,933.55,21,19,789.88,0.1108,0,0
txn_006915,merch_0140,wallet,1140.12,16,16,1260.86,0.8427,0,0
txn_006916,merch_0168,upi,507.52,20,18,808.87,0.0691,0,0
txn_006917,merch_0058,netbanking,2245.94,11,25,1744.04,0.2169,1,0
txn_006918,merch_0068,upi,1374.48,15,29,1471.49,0.0587,0,0
txn_006919,merch_0118,upi,5511.26,17,20,3938.18,0.5122,1,0
txn_006920,merch_0091,upi,3416.78,14,16,3813.47,0.2686,0,0
txn_006921,merch_0180,upi,4180.48,10,27,2088.89,0.1562,0,0
txn_006922,merch_0044,upi,111.71,3,20,195.35,0.3073,0,0
txn_006923,merch_0147,upi,395.5,3,24,234.45,0.126,0,0
txn_006924,merch_0023,upi,261.34,15,19,199.62,0.2537,0,0
txn_006925,merch_0188,upi,299.91,13,21,361.44,0.0649,0,0
txn_006926,merch_0090,card,623.47,4,13,1201.42,0.2114,1,0
txn_006927,merch_0093,wallet,1510.02,11,38,767.15,0.1748,0,0
txn_006928,merch_0057,upi,435.41,8,28,843.34,0.0974,0,0
txn_006929,merch_0154,upi,1787.06,13,19,1698.12,0.9067,0,0
txn_006930,merch_0153,upi,1679.87,9,20,1495.78,0.2322,0,0
txn_006931,merch_0127,netbanking,557.77,0,13,510.54,0.0837,0,0
txn_006932,merch_0006,card,10235.65,15,24,6675.74,0.2096,0,0
txn_006933,merch_0169,card,287.76,12,29,485.66,0.2127,0,0
txn_006934,merch_0046,upi,1250.16,2,24,662.08,0.0496,0,0
txn_006935,merch_0052,upi,252.67,17,22,466.0,0.0562,1,0
txn_006936,merch_0186,upi,1784.86,20,19,2208.74,0.094,1,0
txn_006937,merch_0037,wallet,53.2,18,25,116.63,0.3193,0,0
txn_006938,merch_0196,wallet,517.76,16,31,399.23,0.0487,0,0
txn_006939,merch_0052,upi,1022.69,14,20,467.63,0.8431,1,1
txn_006940,merch_0142,card,340.16,10,20,150.2,0.1684,1,0
txn_006941,merch_0153,upi,2207.3,4,25,1640.12,0.2156,0,0
txn_006942,merch_0047,upi,3096.44,11,13,3833.15,0.124,0,0
txn_006943,merch_0094,netbanking,685.74,18,25,746.69,0.1433,0,0
txn_006944,merch_0146,card,214.94,17,7,281.34,0.0892,0,1
txn_006945,merch_0136,upi,238.12,21,15,427.39,0.1469,0,0
txn_006946,merch_0063,upi,215.4,17,23,273.0,0.2296,0,0
txn_006947,merch_0092,netbanking,721.92,18,183,413.64,0.2835,0,0
txn_006948,merch_0181,card,254.62,22,21,410.0,0.1593,0,0
txn_006949,merch_0124,card,10.0,7,25,2028.15,0.1679,0,0
txn_006950,merch_0178,upi,353.98,4,22,839.08,0.1414,1,0
txn_006951,merch_0038,upi,329.43,15,26,196.11,0.3849,0,0
txn_006952,merch_0003,wallet,1936.05,10,35,6810.34,0.2117,0,0
txn_006953,merch_0125,card,12035.67,2,241,15288.13,0.2396,1,0
txn_006954,merch_0002,upi,2043.73,11,19,2373.85,0.089,0,0
txn_006955,merch_0063,card,300.83,8,19,281.11,0.0995,0,0
txn_006956,merch_0028,netbanking,580.17,20,28,574.11,0.1202,0,0
txn_006957,merch_0115,upi,1844.71,1,12,1672.26,0.2159,1,0
txn_006958,merch_0010,upi,582.19,0,29,653.69,0.8424,1,0
txn_006959,merch_0096,card,781.1,19,26,1754.34,0.1388,1,0
txn_006960,merch_0101,card,1017.15,2,18,676.99,0.1692,0,0
txn_006961,merch_0185,card,15.46,18,21,2465.7,0.8804,1,1
txn_006962,merch_0154,wallet,2140.81,14,18,1352.68,0.0504,0,0
txn_006963,merch_0020,upi,9281.79,16,19,6434.73,0.2002,0,0
txn_006964,merch_0038,upi,527.35,8,30,204.58,0.1517,0,0
txn_006965,merch_0101,wallet,364.8,17,31,639.53,0.0924,0,0
txn_006966,merch_0045,upi,333.42,10,13,399.87,0.1181,0,0
txn_006967,merch_0065,card,5714.71,12,11,5818.99,0.1251,0,0
txn_006968,merch_0090,card,1217.39,14,12,1375.06,0.1811,1,0
txn_006969,merch_0163,card,595.18,11,17,388.11,0.2546,0,0
txn_006970,merch_0110,upi,131.95,14,25,119.7,0.2117,0,0
txn_006971,merch_0081,netbanking,1365.13,17,33,1494.62,0.0705,0,0
txn_006972,merch_0122,netbanking,5657.54,20,173,6299.02,0.1252,1,1
txn_006973,merch_0192,card,2091.77,20,31,1239.12,0.0129,1,0
txn_006974,merch_0190,card,225.29,1,26,595.27,0.1139,0,0
txn_006975,merch_0098,upi,988.9,20,22,1057.12,0.1205,0,0
txn_006976,merch_0034,upi,3609.09,14,21,2639.63,0.1799,1,0
txn_006977,merch_0158,upi,156.22,13,33,237.7,0.2893,0,0
txn_006978,merch_0155,upi,10.0,11,27,493.12,0.1618,0,0
txn_006979,merch_0102,wallet,1284.65,14,28,638.72,0.2237,0,0
txn_006980,merch_0128,netbanking,1220.82,16,14,1396.82,0.1613,1,0
txn_006981,merch_0024,card,198.58,20,17,616.57,0.0953,1,0
txn_006982,merch_0042,card,1448.19,13,24,913.51,0.0458,0,0
txn_006983,merch_0083,upi,528.97,10,23,611.54,0.0071,0,0
txn_006984,merch_0194,wallet,671.61,11,22,1438.8,0.1576,0,0
txn_006985,merch_0190,upi,763.34,19,31,659.93,0.0812,0,0
txn_006986,merch_0050,upi,1648.48,9,20,1675.33,0.093,0,0
txn_006987,merch_0129,card,463.55,21,9,674.13,0.144,0,0
txn_006988,merch_0125,netbanking,10045.19,12,34,16929.25,0.111,1,0
txn_006989,merch_0191,wallet,1331.55,22,19,3445.07,0.117,0,0
txn_006990,merch_0068,upi,2185.16,8,21,1888.09,0.1818,0,0
txn_006991,merch_0008,wallet,258.07,13,31,659.02,0.1642,0,0
txn_006992,merch_0001,upi,572.66,17,29,926.68,0.1332,0,0
txn_006993,merch_0161,upi,2987.39,18,23,2809.35,0.0173,0,0
txn_006994,merch_0187,netbanking,1734.24,9,31,1086.73,0.0553,0,0
txn_006995,merch_0188,netbanking,426.25,11,21,447.45,0.1859,0,0
txn_006996,merch_0158,card,321.18,10,28,230.1,0.9131,0,0
txn_006997,merch_0009,card,2198.08,10,20,2340.63,0.0952,0,0
txn_006998,merch_0113,netbanking,26909.67,11,36,23286.95,0.0567,0,0
txn_006999,merch_0075,netbanking,5839.53,16,34,2576.56,0.0426,0,0
txn_007000,merch_0163,wallet,312.27,9,141,428.84,0.1051,0,1
txn_007001,merch_0084,card,418.94,18,13,474.48,0.2009,1,0
txn_007002,merch_0048,wallet,1764.05,15,27,1831.04,0.1542,0,0
txn_007003,merch_0069,wallet,652.65,8,23,439.34,0.2683,0,0
txn_007004,merch_0176,upi,1195.79,17,21,1255.96,0.0792,1,0
txn_007005,merch_0130,netbanking,116.52,11,120,153.85,0.2299,0,0
txn_007006,merch_0132,card,305.46,9,28,267.19,0.0094,0,0
txn_007007,merch_0188,upi,932.87,4,23,364.55,0.2713,0,0
txn_007008,merch_0089,card,2225.51,15,22,2020.05,0.8054,0,0
txn_007009,merch_0025,upi,178.82,9,26,1371.23,0.2475,0,0
txn_007010,merch_0071,card,5630.9,13,15,6458.93,0.0736,0,0
txn_007011,merch_0004,netbanking,832.29,16,21,800.74,0.1008,1,0
txn_007012,merch_0014,upi,132.37,14,27,123.49,0.1117,0,0
txn_007013,merch_0122,upi,5731.98,13,30,5534.62,0.0519,1,0
txn_007014,merch_0143,wallet,1595.21,9,17,1533.71,0.1072,0,0
txn_007015,merch_0000,upi,2319.17,13,29,2098.28,0.0538,1,1
txn_007016,merch_0143,upi,1573.49,15,18,1440.03,0.1696,0,0
txn_007017,merch_0164,upi,5129.23,12,26,3222.9,0.072,0,0
txn_007018,merch_0002,card,1052.86,13,22,2132.45,0.2156,0,0
txn_007019,merch_0179,card,25224.57,4,27,32021.36,0.0652,0,0
txn_007020,merch_0046,netbanking,770.06,19,27,714.93,0.0201,0,0
txn_007021,merch_0094,card,790.21,11,17,593.29,0.1798,0,0
txn_007022,merch_0012,netbanking,969.02,20,25,1479.36,0.2764,1,0
txn_007023,merch_0119,card,1862.33,7,8,2654.74,0.1785,0,0
txn_007024,merch_0054,upi,2151.4,0,198,4049.22,0.1565,0,1
txn_007025,merch_0148,card,3070.97,12,105,1929.52,0.1148,0,1
txn_007026,merch_0065,card,1009.86,18,17,5784.99,0.1775,0,0
txn_007027,merch_0181,card,188.9,0,19,342.96,0.0038,0,0
txn_007028,merch_0154,upi,1870.68,15,15,1709.85,0.0377,0,0
txn_007029,merch_0165,upi,2254.43,12,30,1658.56,0.0856,1,0
txn_007030,merch_0089,upi,1044.7,14,21,1916.93,0.1277,0,0
txn_007031,merch_0185,upi,3495.27,17,20,2488.88,0.0755,1,0
txn_007032,merch_0061,card,939.27,21,39,800.37,0.0636,1,0
txn_007033,merch_0101,upi,865.16,3,30,723.32,0.0438,0,0
txn_007034,merch_0173,netbanking,1695.2,12,20,1437.72,0.0558,0,0
txn_007035,merch_0138,upi,3572.12,15,30,3289.5,0.1834,1,0
txn_007036,merch_0199,upi,317.75,17,40,314.17,0.4343,0,0
txn_007037,merch_0007,card,3260.1,8,19,3024.81,0.1871,0,0
txn_007038,merch_0096,upi,1766.98,10,33,1776.76,0.9757,1,1
txn_007039,merch_0116,wallet,1014.51,15,25,1134.3,0.0756,0,0
txn_007040,merch_0198,upi,1123.38,20,18,1198.05,0.2871,1,0
txn_007041,merch_0063,upi,296.53,9,24,278.36,0.2944,0,0
txn_007042,merch_0020,netbanking,8469.71,17,24,5418.93,0.1594,0,0
txn_007043,merch_0199,card,447.02,13,25,293.7,0.0639,0,0
txn_007044,merch_0114,upi,1144.94,1,22,750.97,0.169,1,0
txn_007045,merch_0190,upi,765.87,21,27,716.37,0.1064,0,0
txn_007046,merch_0084,card,701.46,17,16,465.08,0.3415,1,0
txn_007047,merch_0191,wallet,3734.21,20,26,2710.03,0.0996,0,0
txn_007048,merch_0019,wallet,99.09,1,31,212.24,0.0392,0,0
txn_007049,merch_0007,upi,1968.32,12,18,2893.24,0.0397,0,0
txn_007050,merch_0057,wallet,1407.65,13,23,756.25,0.0732,0,0
txn_007051,merch_0045,upi,298.16,16,18,396.41,0.0941,0,0
txn_007052,merch_0030,upi,696.65,12,28,471.03,0.0679,1,0
txn_007053,merch_0092,netbanking,200.64,10,20,494.83,0.1748,0,0
txn_007054,merch_0008,upi,1001.08,9,24,629.85,0.1067,0,0
txn_007055,merch_0014,upi,118.69,13,253,119.55,0.0712,0,0
txn_007056,merch_0093,upi,773.18,10,24,744.01,0.0476,0,0
txn_007057,merch_0153,upi,1296.6,14,29,1600.93,0.0723,0,0
txn_007058,merch_0137,netbanking,879.0,16,27,832.39,0.071,0,0
txn_007059,merch_0028,card,567.59,19,21,564.9,0.1161,0,0
txn_007060,merch_0079,upi,137.24,9,21,105.91,0.3263,0,0
txn_007061,merch_0035,card,307.78,1,21,273.86,0.1948,0,0
txn_007062,merch_0083,wallet,669.73,11,167,524.04,0.9446,0,1
txn_007063,merch_0108,netbanking,1889.2,16,16,1354.94,0.0135,0,0
txn_007064,merch_0117,upi,364.98,16,29,268.62,0.0547,0,0
txn_007065,merch_0036,wallet,1086.88,16,18,1388.3,0.1931,0,0
txn_007066,merch_0085,card,462.66,12,37,543.71,0.0825,0,0
txn_007067,merch_0070,upi,2509.02,14,36,1782.5,0.3667,0,0
txn_007068,merch_0150,upi,2051.05,12,10,1588.3,0.3477,0,0
txn_007069,merch_0168,upi,952.96,11,23,760.75,0.1421,0,0
txn_007070,merch_0092,card,252.02,13,199,445.76,0.1724,0,1
txn_007071,merch_0079,upi,29.73,13,18,93.63,0.0804,0,0
txn_007072,merch_0101,card,546.66,16,20,618.01,0.1294,0,0
txn_007073,merch_0155,upi,365.49,1,20,446.45,0.175,0,0
txn_007074,merch_0175,wallet,2662.59,12,21,2906.74,0.8176,0,0
txn_007075,merch_0165,upi,2513.72,14,35,1791.09,0.2017,1,0
txn_007076,merch_0158,wallet,414.81,19,23,261.36,0.2496,0,0
txn_007077,merch_0013,wallet,155.04,19,13,114.28,0.2309,0,0
txn_007078,merch_0116,upi,787.29,16,30,1002.7,0.1082,0,0
txn_007079,merch_0072,card,1259.1,15,12,1051.56,0.3697,1,0
txn_007080,merch_0090,upi,894.43,20,23,1234.38,0.2082,1,0
txn_007081,merch_0089,wallet,885.03,8,32,1784.62,0.1564,0,0
txn_007082,merch_0028,card,518.13,20,19,554.08,0.1377,0,0
txn_007083,merch_0178,upi,1245.24,16,22,745.12,0.3773,1,0
txn_007084,merch_0048,upi,1448.47,17,32,1431.19,0.2266,0,0
txn_007085,merch_0170,upi,539.59,17,25,393.77,0.1617,1,0
txn_007086,merch_0071,wallet,4730.68,20,24,6003.33,0.041,0,0
txn_007087,merch_0132,card,408.29,9,31,301.16,0.0473,0,0
txn_007088,merch_0041,netbanking,1195.23,8,18,1395.97,0.0937,1,0
txn_007089,merch_0134,upi,568.46,1,15,418.25,0.1668,0,0
txn_007090,merch_0041,upi,1151.78,18,22,1353.12,0.0132,1,0
txn_007091,merch_0163,wallet,289.0,13,16,387.26,0.0826,0,0
txn_007092,merch_0104,upi,1470.67,1,31,901.5,0.4209,0,0
txn_007093,merch_0026,wallet,195.05,19,29,250.41,0.4572,0,0
txn_007094,merch_0057,upi,832.44,17,31,742.6,0.0301,0,0
txn_007095,merch_0045,upi,331.24,3,14,514.03,0.0573,0,0
txn_007096,merch_0065,card,7864.79,10,12,4973.58,0.1081,0,0
txn_007097,merch_0024,wallet,954.31,11,23,575.79,0.3014,1,0
txn_007098,merch_0072,wallet,789.02,17,12,1088.56,0.1309,1,0
txn_007099,merch_0116,upi,1290.56,18,34,992.88,0.2722,0,0
txn_007100,merch_0154,upi,2034.95,23,17,1669.15,0.0481,0,0
txn_007101,merch_0128,card,1329.11,8,14,1296.63,0.0565,1,0
txn_007102,merch_0086,card,5145.71,17,21,3253.94,0.2333,1,0
txn_007103,merch_0073,netbanking,10828.0,21,29,7470.63,0.3922,1,0
txn_007104,merch_0169,upi,300.83,11,32,489.17,0.3009,0,0
txn_007105,merch_0179,wallet,45251.12,19,35,29551.25,0.1854,0,0
txn_007106,merch_0152,card,575.11,18,33,494.92,0.1455,0,0
txn_007107,merch_0181,netbanking,430.74,15,15,406.34,0.1182,0,0
txn_007108,merch_0124,card,1917.28,11,142,2334.52,0.084,0,1
txn_007109,merch_0066,upi,172.98,15,17,976.63,0.2028,0,0
txn_007110,merch_0005,wallet,923.33,12,36,911.69,0.0382,0,0
txn_007111,merch_0124,card,2616.04,15,26,2499.73,0.0337,0,0
txn_007112,merch_0057,netbanking,1466.67,14,227,784.35,0.1848,0,0
txn_007113,merch_0069,wallet,318.63,20,15,564.32,0.2221,0,0
txn_007114,merch_0052,card,30.47,14,20,522.45,0.915,1,0
txn_007115,merch_0065,card,2671.45,10,117,5454.01,0.1136,0,0
txn_007116,merch_0057,upi,1323.05,20,27,755.78,0.1542,0,0
txn_007117,merch_0081,upi,1278.4,11,248,1718.76,0.2503,0,0
txn_007118,merch_0086,upi,4948.89,13,30,3722.76,0.8265,1,1
txn_007119,merch_0001,upi,931.77,16,21,970.24,0.5835,0,0
txn_007120,merch_0149,upi,1037.73,14,22,1570.17,0.1513,0,0
txn_007121,merch_0036,upi,3030.97,16,19,1249.81,0.103,0,0
txn_007122,merch_0147,upi,381.15,9,31,236.11,0.1495,0,0
txn_007123,merch_0102,upi,657.65,19,34,738.8,0.0379,0,0
txn_007124,merch_0023,upi,262.19,15,20,224.59,0.0137,0,0
txn_007125,merch_0111,upi,1110.67,17,34,1011.95,0.5319,0,0
txn_007126,merch_0064,card,3649.53,19,19,3165.14,0.9369,0,0
txn_007127,merch_0192,card,2690.34,2,32,1325.37,0.2058,1,0
txn_007128,merch_0128,upi,114.01,10,27,1114.23,0.1141,1,0
txn_007129,merch_0116,card,895.22,4,26,897.96,0.8389,0,0
txn_007130,merch_0115,netbanking,1594.46,4,13,1761.57,0.1424,1,0
txn_007131,merch_0104,upi,1032.55,12,28,888.65,0.2341,0,0
txn_007132,merch_0002,card,1272.71,9,20,2229.05,0.113,0,0
txn_007133,merch_0045,wallet,673.23,7,18,448.85,0.0765,0,0
txn_007134,merch_0054,netbanking,1547.66,3,24,4019.11,0.0775,0,0
txn_007135,merch_0074,upi,28.19,22,25,45.78,0.8471,0,0
txn_007136,merch_0191,card,2641.06,13,23,2812.46,0.0928,0,0
txn_007137,merch_0044,upi,377.09,19,5,163.0,0.0951,0,0
txn_007138,merch_0153,card,3147.37,8,33,1502.03,0.2031,0,0
txn_007139,merch_0076,wallet,1456.43,18,32,1390.01,0.4967,0,0
txn_007140,merch_0192,card,1245.88,19,32,1475.21,0.0194,1,0
txn_007141,merch_0023,wallet,208.41,14,15,225.0,0.1036,0,0
txn_007142,merch_0034,upi,3344.99,20,33,3276.31,0.0458,1,0
txn_007143,merch_0023,wallet,292.24,13,24,177.92,0.1326,0,0
txn_007144,merch_0027,card,818.74,21,27,1917.04,0.1446,0,0
txn_007145,merch_0015,upi,811.12,11,28,474.91,0.0981,1,0
txn_007146,merch_0058,card,293.96,11,20,1636.65,0.0669,1,1
txn_007147,merch_0181,upi,315.82,9,29,394.73,0.1693,0,0
txn_007148,merch_0143,upi,1366.59,11,27,1461.75,0.2357,0,0
txn_007149,merch_0014,netbanking,156.0,13,34,149.02,0.1936,0,0
txn_007150,merch_0010,upi,627.72,12,26,578.23,0.9687,1,0
txn_007151,merch_0192,netbanking,1544.28,16,27,1580.37,0.1756,1,0
txn_007152,merch_0078,upi,1240.11,11,15,1106.43,0.2083,0,0
txn_007153,merch_0114,upi,81.1,12,26,991.11,0.1133,1,0
txn_007154,merch_0067,wallet,4820.11,14,19,4188.57,0.2519,0,1
txn_007155,merch_0042,upi,1389.67,14,30,1010.89,0.0726,0,0
txn_007156,merch_0068,card,2591.78,11,21,1767.99,0.0532,0,0
txn_007157,merch_0140,card,2285.35,7,16,1647.93,0.2261,0,0
txn_007158,merch_0137,card,854.06,8,22,687.44,0.2284,0,0
txn_007159,merch_0074,wallet,68.86,17,32,49.31,0.1135,0,0
txn_007160,merch_0102,card,733.85,7,34,706.41,0.266,0,0
txn_007161,merch_0040,upi,1288.39,13,45,2394.91,0.5107,0,0
txn_007162,merch_0177,netbanking,8979.3,8,26,5573.79,0.1306,0,0
txn_007163,merch_0198,upi,1664.33,19,23,1246.66,0.1046,1,0
txn_007164,merch_0058,card,1632.51,13,22,1499.24,0.0562,1,0
txn_007165,merch_0038,wallet,214.66,7,30,229.42,0.2864,0,0
txn_007166,merch_0002,card,2811.68,18,19,2197.86,0.1046,0,0
txn_007167,merch_0006,netbanking,6025.7,19,29,7194.75,0.2565,0,0
txn_007168,merch_0048,card,1930.92,18,39,1776.71,0.0984,0,0
txn_007169,merch_0025,netbanking,734.44,8,31,1263.34,0.2334,0,0
txn_007170,merch_0160,wallet,184.25,14,17,378.43,0.0479,0,1
txn_007171,merch_0100,upi,51.71,14,15,202.23,0.2311,0,0
txn_007172,merch_0175,upi,5102.77,9,22,2687.61,0.1404,0,0
txn_007173,merch_0078,card,1252.88,3,16,1370.14,0.2238,0,0
txn_007174,merch_0001,card,1468.81,9,18,906.1,0.0649,0,0
txn_007175,merch_0126,upi,156.72,12,30,370.9,0.0995,0,0
txn_007176,merch_0198,upi,1055.99,10,31,1081.56,0.0866,1,0
txn_007177,merch_0159,upi,2861.76,1,27,2509.66,0.3561,1,0
txn_007178,merch_0131,wallet,2057.63,13,37,1071.11,0.3209,0,0
txn_007179,merch_0019,card,143.26,17,263,176.02,0.1667,0,1
txn_007180,merch_0116,upi,876.05,20,31,1209.33,0.0685,0,0
txn_007181,merch_0163,upi,233.51,11,159,349.45,0.053,0,1
txn_007182,merch_0031,upi,9503.85,11,168,10401.86,0.2057,0,1
txn_007183,merch_0027,upi,965.67,13,223,1470.05,0.0669,0,1
txn_007184,merch_0076,upi,514.32,16,26,1236.27,0.0627,0,0
txn_007185,merch_0000,wallet,2157.58,11,25,1751.44,0.1964,1,0
txn_007186,merch_0187,wallet,1340.13,16,25,1091.54,0.1024,0,0
txn_007187,merch_0055,upi,1147.04,17,37,3144.25,0.178,0,0
txn_007188,merch_0034,upi,2132.25,18,18,2805.2,0.0558,1,0
txn_007189,merch_0111,upi,1023.0,10,20,983.36,0.8622,0,0
txn_007190,merch_0029,card,1492.53,15,15,683.26,0.5162,0,0
txn_007191,merch_0053,upi,266.69,11,15,2284.98,0.167,0,0
txn_007192,merch_0035,upi,290.33,12,35,249.43,0.1849,0,0
txn_007193,merch_0182,upi,407.09,2,16,306.95,0.0672,0,0
txn_007194,merch_0079,netbanking,72.6,18,82,104.79,0.967,0,0
txn_007195,merch_0057,card,632.38,22,23,663.3,0.4686,0,0
txn_007196,merch_0082,card,7311.68,16,41,6292.93,0.2821,1,0
txn_007197,merch_0064,upi,2857.19,19,18,2988.18,0.058,0,0
txn_007198,merch_0068,wallet,2830.49,12,25,1602.7,0.1503,0,0
txn_007199,merch_0127,wallet,575.79,1,29,504.36,0.2801,0,0
txn_007200,merch_0050,upi,2128.42,20,16,1669.52,0.0031,0,0
txn_007201,merch_0021,upi,1036.44,21,26,891.17,0.2292,0,0
txn_007202,merch_0106,card,13265.37,12,27,11337.95,0.1824,1,0
txn_007203,merch_0108,upi,1021.86,14,22,1415.63,0.2204,0,0
txn_007204,merch_0115,upi,1710.46,15,18,1385.3,0.2013,1,0
txn_007205,merch_0100,card,193.25,16,13,225.66,0.273,0,0
txn_007206,merch_0180,card,1412.5,9,26,2454.34,0.0348,0,0
txn_007207,merch_0099,upi,1201.34,14,27,938.91,0.1092,1,0
txn_007208,merch_0163,card,10.0,11,129,366.05,0.0049,0,0
txn_007209,merch_0067,wallet,6381.76,8,131,3828.91,0.1183,0,1
txn_007210,merch_0035,upi,69.28,20,33,230.32,0.1868,0,0
txn_007211,merch_0179,card,26580.36,16,40,31840.69,0.1096,0,0
txn_007212,merch_0180,upi,3520.46,16,23,2337.04,0.03,0,0
txn_007213,merch_0177,upi,2929.91,4,17,6335.94,0.1238,0,0
txn_007214,merch_0168,card,959.46,19,38,922.48,0.1234,0,0
txn_007215,merch_0145,upi,3113.76,14,28,2637.55,0.0898,0,0
txn_007216,merch_0021,upi,981.5,14,31,866.23,0.0663,0,0
txn_007217,merch_0065,upi,4722.03,19,20,4987.31,0.2608,0,0
txn_007218,merch_0020,card,5180.62,20,21,6105.01,0.0492,0,0
txn_007219,merch_0099,card,193.14,12,30,751.79,0.0614,1,0
txn_007220,merch_0127,upi,535.58,9,18,506.01,0.1943,0,0
txn_007221,merch_0043,card,1128.4,16,34,801.01,0.1292,0,0
txn_007222,merch_0102,upi,551.0,3,27,680.31,0.1851,0,0
txn_007223,merch_0046,card,500.83,21,18,583.83,0.1035,0,0
txn_007224,merch_0038,upi,429.98,12,21,243.36,0.1494,0,0
txn_007225,merch_0028,card,500.77,8,27,529.19,0.3172,0,0
txn_007226,merch_0053,wallet,2535.65,20,24,2202.49,0.022,0,0
txn_007227,merch_0089,wallet,2363.5,18,20,2222.22,0.0905,0,0
txn_007228,merch_0084,upi,377.03,20,15,414.23,0.038,1,0
txn_007229,merch_0016,wallet,431.28,9,11,355.98,0.0182,0,0
txn_007230,merch_0079,upi,140.4,8,11,95.48,0.0685,0,0
txn_007231,merch_0187,wallet,1456.61,9,31,1144.11,0.2017,0,0
txn_007232,merch_0158,upi,363.77,0,174,295.92,0.9517,0,0
txn_007233,merch_0072,upi,243.16,2,15,1152.47,0.2945,1,0
txn_007234,merch_0048,upi,928.6,1,29,1513.57,0.2442,0,0
txn_007235,merch_0100,upi,142.62,15,11,214.34,0.1688,0,0
txn_007236,merch_0001,card,573.35,15,29,1017.49,0.2455,0,0
txn_007237,merch_0175,wallet,2271.13,8,28,2837.77,0.0511,0,1
txn_007238,merch_0141,card,8029.59,19,243,4695.68,0.1604,1,0
txn_007239,merch_0058,card,1732.19,13,25,1519.15,0.2054,1,0
txn_007240,merch_0096,netbanking,1451.02,21,24,1604.72,0.0531,1,0
txn_007241,merch_0098,upi,992.89,10,24,1021.22,0.1067,0,0
txn_007242,merch_0185,upi,2000.69,10,18,2708.51,0.3702,1,0
txn_007243,merch_0102,upi,633.58,11,26,703.29,0.3503,0,0
txn_007244,merch_0185,upi,4603.42,23,22,2370.58,0.072,1,0
txn_007245,merch_0178,upi,172.72,3,15,825.33,0.1475,1,0
txn_007246,merch_0001,upi,1498.38,17,40,810.19,0.1803,0,0
txn_007247,merch_0040,upi,4829.59,13,44,2759.84,0.1479,0,0
txn_007248,merch_0122,upi,9084.52,15,27,6744.04,0.0047,1,0
txn_007249,merch_0081,wallet,788.12,2,31,1790.11,0.0425,0,0
txn_007250,merch_0143,upi,983.53,11,21,1298.03,0.4678,0,0
txn_007251,merch_0131,card,1799.55,18,32,1334.01,0.285,0,0
txn_007252,merch_0139,card,225.16,9,29,252.47,0.1528,1,0
txn_007253,merch_0028,card,432.46,22,26,537.92,0.2876,0,1
txn_007254,merch_0134,upi,350.27,11,13,350.55,0.077,0,0
txn_007255,merch_0013,upi,65.26,11,25,95.56,0.0266,0,0
txn_007256,merch_0011,upi,579.65,9,11,583.83,0.0622,0,0
txn_007257,merch_0098,upi,512.51,17,31,1208.75,0.154,0,0
txn_007258,merch_0132,upi,413.31,8,26,284.41,0.189,0,0
txn_007259,merch_0080,card,513.98,8,27,820.37,0.1179,1,0
txn_007260,merch_0105,card,1828.69,15,36,1852.46,0.1092,0,0
txn_007261,merch_0031,card,7836.95,9,31,9463.82,0.2937,0,0
txn_007262,merch_0073,upi,8090.16,18,23,7840.07,0.1728,1,0
txn_007263,merch_0170,upi,537.47,0,14,422.24,0.8639,1,0
txn_007264,merch_0080,netbanking,954.0,3,107,731.73,0.3057,1,0
txn_007265,merch_0068,upi,1223.45,20,22,1730.38,0.3786,0,0
txn_007266,merch_0044,netbanking,129.23,18,26,177.6,0.0067,0,0
txn_007267,merch_0105,netbanking,3971.63,15,44,1809.9,0.0561,0,0
txn_007268,merch_0136,upi,577.2,18,16,434.43,0.016,0,0
txn_007269,merch_0176,upi,991.48,9,19,950.13,0.0833,1,0
txn_007270,merch_0160,card,229.72,12,14,355.65,0.9379,0,0
txn_007271,merch_0099,upi,246.15,15,42,757.04,0.1822,1,0
txn_007272,merch_0145,upi,3915.7,20,24,2851.98,0.3119,0,0
txn_007273,merch_0008,upi,415.74,12,18,698.35,0.202,0,0
txn_007274,merch_0061,upi,1237.54,18,27,796.6,0.1142,1,0
txn_007275,merch_0184,card,1102.48,9,18,780.86,0.1024,0,0
txn_007276,merch_0028,netbanking,803.18,19,26,463.56,0.0947,0,0
txn_007277,merch_0124,upi,3199.53,13,24,2212.21,0.1228,0,0
txn_007278,merch_0113,wallet,19725.5,20,30,23416.06,0.1519,0,0
txn_007279,merch_0152,wallet,487.75,14,19,491.43,0.2271,0,0
txn_007280,merch_0142,wallet,161.55,17,21,152.29,0.0638,1,0
txn_007281,merch_0133,netbanking,1699.77,12,16,2171.55,0.0467,0,0
txn_007282,merch_0119,upi,136.36,6,21,2729.72,0.1596,0,0
txn_007283,merch_0169,upi,82.37,19,26,506.94,0.1469,0,0
txn_007284,merch_0156,card,12846.83,18,24,11062.47,0.0669,0,0
txn_007285,merch_0078,card,1153.49,0,13,1375.36,0.0321,0,0
txn_007286,merch_0092,netbanking,736.01,16,24,493.28,0.0529,0,0
txn_007287,merch_0003,wallet,5741.28,11,32,7821.39,0.1467,0,0
txn_007288,merch_0081,card,1682.3,19,24,1696.18,0.0595,0,0
txn_007289,merch_0184,upi,1135.02,3,27,874.07,0.1141,0,0
txn_007290,merch_0176,upi,2076.02,16,26,991.64,0.2922,1,0
txn_007291,merch_0171,upi,353.54,18,28,465.98,0.5115,0,0
txn_007292,merch_0074,card,32.01,22,23,44.95,0.1234,0,0
txn_007293,merch_0013,card,159.2,11,23,115.86,0.168,0,0
txn_007294,merch_0130,netbanking,142.04,9,20,163.44,0.28,0,0
txn_007295,merch_0113,card,17953.1,13,43,23511.52,0.5311,0,0
txn_007296,merch_0061,wallet,741.06,2,42,775.03,0.0742,1,0
txn_007297,merch_0105,card,1113.75,22,27,1995.37,0.0947,0,0
txn_007298,merch_0063,netbanking,380.43,15,28,270.85,0.145,0,0
txn_007299,merch_0101,upi,134.68,18,34,752.63,0.3803,0,0
txn_007300,merch_0172,netbanking,1032.81,9,21,1000.8,0.0733,0,0
txn_007301,merch_0105,card,2012.69,15,32,1777.26,0.3001,0,0
txn_007302,merch_0185,upi,1711.83,16,21,2473.8,0.0448,1,0
txn_007303,merch_0019,upi,354.51,18,31,191.06,0.166,0,0
txn_007304,merch_0057,wallet,1076.43,16,27,671.18,0.8016,0,0
txn_007305,merch_0111,upi,883.6,17,23,1007.25,0.1945,0,0
txn_007306,merch_0056,card,385.53,17,22,413.7,0.0538,0,0
txn_007307,merch_0195,upi,2560.1,17,38,1524.19,0.1663,0,0
txn_007308,merch_0118,card,4448.03,17,20,3914.47,0.2581,1,0
txn_007309,merch_0096,netbanking,2727.07,17,35,1733.48,0.0531,1,0
txn_007310,merch_0091,upi,4417.17,15,24,3076.55,0.0787,0,0
txn_007311,merch_0051,upi,795.01,13,20,637.22,0.2659,0,0
txn_007312,merch_0036,wallet,1606.97,12,23,1199.26,0.1453,0,0
txn_007313,merch_0007,netbanking,6129.3,19,22,2935.1,0.0195,0,0
txn_007314,merch_0043,wallet,359.68,19,30,844.5,0.1322,0,0
txn_007315,merch_0097,upi,809.59,21,33,1670.87,0.166,0,0
txn_007316,merch_0132,upi,270.81,0,22,343.3,0.1758,0,0
txn_007317,merch_0117,upi,460.72,15,30,261.98,0.261,0,0
txn_007318,merch_0068,card,42.25,4,19,1722.72,0.0176,0,0
txn_007319,merch_0158,upi,72.76,17,30,276.55,0.182,0,0
txn_007320,merch_0044,upi,145.71,15,18,209.14,0.0277,0,0
txn_007321,merch_0136,upi,760.99,11,91,466.52,0.1546,0,1
txn_007322,merch_0031,upi,10255.66,12,25,10091.56,0.1853,0,0
txn_007323,merch_0032,netbanking,600.33,13,27,1082.16,0.0225,0,0
txn_007324,merch_0125,upi,20690.18,16,33,14446.29,0.296,1,0
txn_007325,merch_0066,card,1939.66,18,12,858.49,0.0114,0,0
txn_007326,merch_0029,wallet,503.41,14,11,690.32,0.0517,0,0
txn_007327,merch_0113,upi,24000.48,16,32,20011.51,0.0388,0,0
txn_007328,merch_0028,card,564.64,18,20,550.33,0.1683,0,0
txn_007329,merch_0130,wallet,227.47,14,19,181.53,0.368,0,0
txn_007330,merch_0184,wallet,692.38,13,33,937.08,0.1375,0,0
txn_007331,merch_0029,upi,1037.86,22,16,785.4,0.0031,0,0
txn_007332,merch_0136,upi,559.94,16,20,414.81,0.1435,0,0
txn_007333,merch_0153,upi,1926.39,4,27,1532.32,0.2523,0,0
txn_007334,merch_0129,card,240.06,13,21,579.9,0.0428,0,0
txn_007335,merch_0061,card,387.85,17,23,774.53,0.3125,1,0
txn_007336,merch_0002,card,1771.34,12,25,2030.74,0.2331,0,0
txn_007337,merch_0173,upi,1813.1,17,22,1754.65,0.1706,0,0
txn_007338,merch_0067,upi,4787.87,17,23,4094.2,0.1181,0,0
txn_007339,merch_0024,card,258.78,10,28,601.11,0.1331,1,0
txn_007340,merch_0178,card,913.2,11,20,685.1,0.1215,1,0
txn_007341,merch_0140,card,1873.22,17,19,1319.51,0.118,0,0
txn_007342,merch_0043,upi,1029.32,13,37,866.4,0.6242,0,0
txn_007343,merch_0162,upi,3272.85,10,23,4681.27,0.0299,0,0
txn_007344,merch_0054,upi,3066.57,4,22,4048.15,0.1757,0,0
txn_007345,merch_0136,upi,224.88,17,18,467.79,0.0406,0,0
txn_007346,merch_0129,upi,984.75,18,30,673.52,0.1405,0,0
txn_007347,merch_0188,upi,501.43,0,23,389.72,0.0244,0,0
txn_007348,merch_0040,upi,1135.34,13,44,2604.46,0.329,0,0
txn_007349,merch_0171,upi,638.8,17,30,353.06,0.0241,0,0
txn_007350,merch_0063,upi,362.65,10,18,295.24,0.3948,0,0
txn_007351,merch_0030,netbanking,876.13,12,33,473.65,0.371,1,0
txn_007352,merch_0046,upi,452.02,4,20,621.62,0.091,0,0
txn_007353,merch_0129,card,506.54,22,15,617.33,0.3455,0,0
txn_007354,merch_0095,card,127.02,12,21,217.44,0.9147,1,1
txn_007355,merch_0076,card,2253.4,18,26,1180.6,0.2284,0,0
txn_007356,merch_0109,wallet,808.88,14,28,1053.67,0.232,0,0
txn_007357,merch_0068,upi,1052.73,9,24,1922.35,0.4251,0,0
txn_007358,merch_0057,netbanking,526.41,19,26,772.91,0.0687,0,0
txn_007359,merch_0105,wallet,1479.02,17,27,1799.23,0.1184,0,0
txn_007360,merch_0043,netbanking,1381.9,1,34,780.82,0.0437,0,0
txn_007361,merch_0073,upi,7836.58,15,25,7853.03,0.1154,1,0
txn_007362,merch_0055,upi,5741.47,12,195,2892.66,0.129,0,1
txn_007363,merch_0170,upi,432.76,16,23,406.56,0.0705,1,0
txn_007364,merch_0126,card,304.93,11,155,301.22,0.3644,0,0
txn_007365,merch_0161,card,1095.19,4,20,3046.12,0.0769,0,0
txn_007366,merch_0029,upi,1444.99,16,12,842.32,0.0571,0,0
txn_007367,merch_0070,card,2213.65,19,24,1756.05,0.2549,0,0
txn_007368,merch_0197,card,2123.91,19,25,1294.7,0.08,1,0
txn_007369,merch_0117,upi,395.54,14,35,288.59,0.0311,0,0
txn_007370,merch_0054,netbanking,2405.88,13,18,3233.7,0.371,0,0
txn_007371,merch_0066,netbanking,1154.75,12,13,1050.73,0.0372,0,0
txn_007372,merch_0140,upi,1937.76,21,11,1325.1,0.0483,0,0
txn_007373,merch_0002,card,3227.33,10,20,2500.48,0.0893,0,0
txn_007374,merch_0025,upi,1340.78,10,29,1116.63,0.0219,0,0
txn_007375,merch_0056,card,680.8,11,27,362.08,0.1281,0,0
txn_007376,merch_0125,wallet,18756.88,17,22,14972.67,0.9656,1,0
txn_007377,merch_0151,netbanking,2468.99,10,16,1676.87,0.0388,0,0
txn_007378,merch_0052,upi,543.54,13,28,474.5,0.15,1,0
txn_007379,merch_0197,upi,1042.22,10,18,1362.74,0.1993,1,0
txn_007380,merch_0042,upi,1474.34,14,142,826.66,0.9688,0,0
txn_007381,merch_0187,card,1371.59,22,15,912.41,0.3155,0,0
txn_007382,merch_0185,upi,3087.66,10,19,2198.6,0.1392,1,0
txn_007383,merch_0048,card,1130.9,12,34,1689.13,0.0666,0,0
txn_007384,merch_0041,upi,1976.93,18,20,1424.05,0.507,1,0
txn_007385,merch_0193,upi,147.58,13,20,244.74,0.018,0,0
txn_007386,merch_0010,upi,872.84,23,26,621.54,0.0362,1,0
txn_007387,merch_0102,wallet,303.88,16,19,710.67,0.2105,0,0
txn_007388,merch_0097,card,965.67,10,38,1426.25,0.2912,0,1
txn_007389,merch_0145,upi,3090.53,16,17,2876.5,0.0583,0,0
txn_007390,merch_0084,upi,551.79,17,12,354.06,0.1296,1,0
txn_007391,merch_0099,card,915.13,17,36,851.27,0.085,1,0
txn_007392,merch_0103,upi,324.86,19,25,417.48,0.1299,0,0
txn_007393,merch_0179,card,43943.06,14,23,29767.27,0.402,0,0
txn_007394,merch_0045,netbanking,494.22,18,20,511.44,0.0481,0,0
txn_007395,merch_0043,card,840.87,14,271,839.43,0.0085,0,1
txn_007396,merch_0021,card,766.38,21,37,913.42,0.1478,0,0
txn_007397,merch_0180,card,1404.25,1,25,2261.74,0.0433,0,0
txn_007398,merch_0186,wallet,3110.65,3,20,1871.16,0.1763,1,0
txn_007399,merch_0113,wallet,16939.61,15,20,19222.61,0.033,0,0
txn_007400,merch_0124,card,4413.91,19,16,1906.13,0.2602,0,0
txn_007401,merch_0123,upi,109.09,1,24,204.25,0.1151,1,0
txn_007402,merch_0029,card,908.95,14,8,882.81,0.1004,0,0
txn_007403,merch_0007,upi,2828.85,15,21,2962.68,0.101,0,0
txn_007404,merch_0097,card,1429.02,12,30,1521.44,0.1467,0,0
txn_007405,merch_0056,card,497.34,1,34,376.32,0.286,0,0
txn_007406,merch_0110,upi,143.35,6,15,97.23,0.3066,0,0
txn_007407,merch_0072,upi,1258.24,16,15,976.05,0.2978,1,0
txn_007408,merch_0114,card,318.28,12,36,879.53,0.0501,1,0
txn_007409,merch_0019,wallet,88.39,4,36,208.88,0.1341,0,0
txn_007410,merch_0024,card,206.3,16,29,547.68,0.5352,1,0
txn_007411,merch_0018,card,328.43,17,20,325.13,0.1374,0,0
txn_007412,merch_0004,upi,1505.15,14,22,769.11,0.9239,1,1
txn_007413,merch_0074,card,46.54,22,33,43.84,0.0413,0,0
txn_007414,merch_0127,upi,964.65,11,14,561.67,0.3077,0,0
txn_007415,merch_0071,card,6832.99,12,20,6117.7,0.0928,0,0
txn_007416,merch_0154,upi,1678.0,18,9,1459.78,0.0706,0,0
txn_007417,merch_0039,card,1747.8,1,17,1323.69,0.237,0,0
txn_007418,merch_0025,upi,1089.2,16,259,1263.0,0.1173,0,0
txn_007419,merch_0026,upi,307.28,2,29,258.92,0.2244,0,0
txn_007420,merch_0189,wallet,10.0,14,27,159.37,0.2094,0,0
txn_007421,merch_0082,upi,4188.03,18,51,5540.86,0.0865,1,0
txn_007422,merch_0127,upi,228.54,18,22,501.3,0.1657,0,0
txn_007423,merch_0177,card,8315.54,12,22,6885.71,0.045,0,0
txn_007424,merch_0169,netbanking,215.17,16,24,423.93,0.0341,0,0
txn_007425,merch_0156,upi,15046.54,23,32,10410.35,0.1448,0,0
txn_007426,merch_0166,netbanking,3282.34,13,19,2932.1,0.0069,0,0
txn_007427,merch_0187,netbanking,1484.52,1,29,937.42,0.0703,0,0
txn_007428,merch_0168,upi,599.37,15,24,901.09,0.3025,0,0
txn_007429,merch_0032,upi,616.37,13,17,1221.0,0.0852,0,0
txn_007430,merch_0096,upi,1276.12,12,36,1429.54,0.1897,1,0
txn_007431,merch_0110,netbanking,155.06,15,16,119.78,0.3003,0,0
txn_007432,merch_0015,upi,1005.82,3,29,601.36,0.106,1,0
txn_007433,merch_0022,upi,1389.89,14,34,1309.88,0.043,0,0
txn_007434,merch_0134,card,187.1,21,171,353.88,0.1141,0,0
txn_007435,merch_0025,card,706.51,13,23,1322.77,0.0311,0,0
txn_007436,merch_0095,upi,75.17,2,24,171.77,0.0217,1,0
txn_007437,merch_0011,card,580.04,10,12,715.18,0.017,0,0
txn_007438,merch_0071,upi,6022.16,21,12,7408.0,0.1232,0,0
txn_007439,merch_0132,upi,286.31,15,25,267.57,0.109,0,0
txn_007440,merch_0105,card,784.39,19,30,1982.82,0.0868,0,0
txn_007441,merch_0116,wallet,539.2,13,28,1196.76,0.0735,0,0
txn_007442,merch_0196,upi,392.12,14,25,360.75,0.2084,0,0
txn_007443,merch_0176,netbanking,1413.54,19,25,1126.88,0.0488,1,0
txn_007444,merch_0025,card,586.83,13,29,1437.64,0.0697,0,0
txn_007445,merch_0132,upi,376.54,12,29,301.99,0.2014,0,0
txn_007446,merch_0021,card,1257.06,21,44,877.95,0.1557,0,0
txn_007447,merch_0012,upi,10.0,13,27,1445.18,0.8705,1,1
txn_007448,merch_0155,wallet,812.92,7,29,406.11,0.2564,0,0
txn_007449,merch_0160,netbanking,475.96,1,133,341.47,0.0604,0,0
txn_007450,merch_0106,upi,14292.18,22,18,11578.87,0.0991,1,0
txn_007451,merch_0022,upi,786.16,14,231,1025.63,0.3054,0,0
txn_007452,merch_0096,upi,2217.44,13,33,1536.84,0.1045,1,0
txn_007453,merch_0017,upi,2053.9,18,28,1753.53,0.0664,0,0
txn_007454,merch_0116,upi,767.26,3,25,1005.64,0.1222,0,0
txn_007455,merch_0029,upi,1101.65,9,12,883.43,0.9944,0,0
txn_007456,merch_0025,card,1175.11,14,33,1208.86,0.0597,0,0
txn_007457,merch_0143,upi,879.86,8,21,1484.88,0.1903,0,0
txn_007458,merch_0038,netbanking,197.17,16,23,205.77,0.3107,0,0
txn_007459,merch_0160,netbanking,372.95,23,15,323.37,0.0663,0,0
txn_007460,merch_0153,card,1246.92,1,26,1545.2,0.148,0,0
txn_007461,merch_0175,netbanking,2202.65,16,26,2565.82,0.276,0,0
txn_007462,merch_0192,upi,1701.6,1,19,1245.08,0.1338,1,0
txn_007463,merch_0165,upi,2268.33,11,37,1673.71,0.1854,1,0
txn_007464,merch_0129,card,631.68,17,29,554.53,0.1344,0,0
txn_007465,merch_0112,card,582.7,11,28,1025.36,0.0818,0,0
txn_007466,merch_0133,card,1422.3,19,10,2209.92,0.0615,0,0
txn_007467,merch_0045,wallet,268.1,21,26,433.65,0.3004,0,0
txn_007468,merch_0049,wallet,234.47,16,18,141.03,0.1471,1,0
txn_007469,merch_0165,card,1898.34,8,180,1741.88,0.2102,1,0
txn_007470,merch_0105,netbanking,1520.73,3,40,2043.18,0.1644,0,0
txn_007471,merch_0145,upi,2250.89,8,33,2499.94,0.1193,0,0
txn_007472,merch_0154,upi,1465.81,20,20,1500.04,0.3452,0,0
txn_007473,merch_0168,netbanking,1069.74,21,27,800.18,0.3295,0,0
txn_007474,merch_0071,upi,858.94,18,23,7396.79,0.4499,0,0
txn_007475,merch_0073,upi,7724.09,19,22,7160.78,0.0592,1,0
txn_007476,merch_0016,upi,246.72,9,14,349.68,0.2477,0,0
txn_007477,merch_0189,card,221.03,17,29,196.3,0.1245,0,0
txn_007478,merch_0156,upi,12982.53,16,14,9639.32,0.0279,0,0
txn_007479,merch_0185,card,1570.64,2,116,2818.77,0.1034,1,0
txn_007480,merch_0069,upi,125.78,17,15,504.37,0.0258,0,0
txn_007481,merch_0149,upi,1401.13,15,32,1367.2,0.2158,0,0
txn_007482,merch_0005,upi,1261.45,7,31,777.6,0.0601,0,0
txn_007483,merch_0025,upi,1722.44,14,25,1366.61,0.1139,0,0
txn_007484,merch_0166,wallet,2578.76,21,21,2842.9,0.1738,0,0
txn_007485,merch_0139,upi,186.0,22,31,219.82,0.1349,1,0
txn_007486,merch_0098,upi,829.38,16,26,1149.18,0.269,0,1
txn_007487,merch_0141,card,1228.8,16,35,5816.76,0.0648,1,0
txn_007488,merch_0021,card,1185.07,15,197,744.25,0.0418,0,1
txn_007489,merch_0050,upi,2191.36,10,19,1638.8,0.0493,0,0
txn_007490,merch_0150,upi,1168.81,2,23,1351.32,0.0491,0,0
txn_007491,merch_0175,wallet,2480.74,15,29,2815.02,0.1441,0,0
txn_007492,merch_0198,card,714.85,16,32,1145.6,0.1812,1,0
txn_007493,merch_0103,upi,338.53,4,27,356.59,0.0579,0,0
txn_007494,merch_0177,card,4205.4,18,30,6002.85,0.0712,0,0
txn_007495,merch_0088,upi,530.16,20,13,547.53,0.1788,0,0
txn_007496,merch_0140,upi,1800.37,21,13,1513.57,0.2282,0,0
txn_007497,merch_0137,card,926.34,17,21,830.07,0.1611,0,0
txn_007498,merch_0182,wallet,175.28,12,13,267.44,0.1972,0,0
txn_007499,merch_0008,upi,668.84,12,29,621.08,0.1149,0,0
